Active,Causative Agent - 1,Causative Agent - 2,Causative Agent-1,Causative Agent-2,Date Declared Over,Date Outbreak Began,Institution Address,Institution Name,Outbreak Setting,Type of Outbreak,_id
Y,,,Parainfluenza,,,2026-05-22,200 Elizabeth St,UHN - Toronto General Hospital - 6ES,Hospital-Acute Care,Respiratory,1
Y,,,Pending,,,2026-05-20,9 Neilson Rd,Seven Oaks - 1st Fl,LTCH,Respiratory,2
Y,,,Pending,,,2026-05-19,40 Bell Estate Rd,Ina Grafton Gage Home - 3rd Fl,LTCH,Respiratory,3
Y,,,Pending,,,2026-05-19,1020 McNicoll Ave,Tendercare Living Centre,LTCH,Respiratory,4
N,,,Enterovirus/ Rhinovirus,,2026-05-26,2026-05-19,140 Sherway Dr,Trillium Health Partners Centre for Continuing Care - 4th Fl,Hospital-Chronic Care,Respiratory,5
Y,,,COVID-19,,,2026-05-19,2311 McNicoll Ave,Yee Hong Centre - 5th Fl,LTCH,Respiratory,6
Y,,,COVID-19,,,2026-05-14,15 Barberry Pl,Amica Bayview Village,Retirement Home,Respiratory,7
N,,,Respiratory syncytial virus,,2026-05-25,2026-05-14,3015 Lawrence Ave E,Rockcliffe Care Community - 2nd Fl,LTCH,Respiratory,8
Y,,,COVID-19,,,2026-05-11,305 Balliol St,Claremont Retirement Home - 5th Fl,Retirement Home,Respiratory,9
N,,,Enterovirus/ Rhinovirus,,2026-05-20,2026-05-11,9 Neilson Rd,Seven Oaks - 4th Fl,LTCH,Respiratory,10
N,,,Parainfluenza,,2026-05-20,2026-05-11,140 Sherway Dr,Trillium Health Partners - McCall Centre for Continuing Care - 2nd Fl,Hospital-Chronic Care,Respiratory,11
N,,,Enterovirus/ Rhinovirus,,2026-05-27,2026-05-09,351 Christie St,Castleview Wychwood Towers - 3rd Fl Seaside,LTCH,Respiratory,12
N,,,Coronavirus*,,2026-05-20,2026-05-09,740 Pape Ave,Nisbet Lodge - 4th Fl,LTCH,Respiratory,13
N,,,Parainfluenza,,2026-05-21,2026-05-09,225 St. George St,St. George Care Community - 1st Fl,LTCH,Respiratory,14
Y,,,Metapneumovirus,,,2026-05-08,1860 Lawrence Ave E,The Wexford - 6th Fl,Retirement Home,Respiratory,15
N,,,COVID-19,,2026-05-21,2026-05-08,3276 St. Clair Ave E,Unity Health Toronto - Houses of Providence - 3E Cedar & Aspen,LTCH,Respiratory,16
N,,,Respiratory syncytial virus,,2026-05-26,2026-05-07,1000 Ellesmere Rd,Fieldstone Commons Care Community - 2A,LTCH,Respiratory,17
N,,,Rhinovirus,,2026-05-18,2026-05-06,1955 Steeles Ave E,"Chartwell Gibson Retirement Home - 2nd, 4th & 5th Fl",Retirement Home,Respiratory,18
N,,,COVID-19,,2026-05-24,2026-05-05,187 Wynford Dr,"Delmanor Wynford - 2nd, 3rd & 5th Fl",Retirement Home,Respiratory,19
N,,,Unable to identify,,2026-05-21,2026-05-04,306 Finch Ave E,Carefree Lodge - 2 West,LTCH,Respiratory,20
N,,,Enterovirus/ Rhinovirus,,2026-05-19,2026-05-04,14 Cross St,Fairview Nursing Home - 2nd Fl,LTCH,Respiratory,21
N,,,Unable to identify,,2026-05-12,2026-05-04,1020 McNicoll Ave,McNicoll Manor - Moll Berczy Haus - 4th Fl,LTCH,Enteric,22
N,,,Rhinovirus,,2026-05-21,2026-05-04,200 Dawes Rd,True Davidson Acres - 3rd Fl,LTCH,Respiratory,23
N,,,COVID-19,,2026-05-16,2026-05-03,991 Millwood Rd,The Millwood Retirement Residence,Retirement Home,Respiratory,24
N,,,Metapneumovirus,,2026-05-19,2026-05-02,9 Neilson Rd,Seven Oaks - 2nd Fl,LTCH,Respiratory,25
N,,,Parainfluenza,,2026-05-19,2026-05-02,225 St. George St,St. George Care Community - 5th Fl,LTCH,Respiratory,26
N,,,Norovirus,,2026-05-14,2026-05-01,148 Markham Rd,Scarborough Retirement Residence,Retirement Home,Enteric,27
N,,,Rhinovirus,,2026-05-13,2026-05-01,225 St. George St,St. George Care Community - 3rd Fl,LTCH,Respiratory,28
N,,,Unable to identify,,2026-05-10,2026-05-01,3276 St. Clair Ave E,Unity Health Toronto - Houses of Providence - 1E Birch & Redwood,LTCH,Respiratory,29
N,,,Norovirus,,2026-05-19,2026-04-30,1020 McNicoll Ave,Toronto Grace Health Care - Specialized Care Unit,LTCH,Enteric,30
N,,,Enterovirus/ Rhinovirus,,2026-05-13,2026-04-29,3760 Sheppard Ave E,Shepherd Lodge - 6th Fl North Side,LTCH,Respiratory,31
N,,,Respiratory syncytial virus,,2026-05-06,2026-04-29,1 Bridgepoint Dr,Sinai Health System - Hennick Bridgepoint Hospital - HBH 3N,Hospital-Chronic Care,Respiratory,32
N,,,Unable to identify,,2026-05-21,2026-04-29,3276 St. Clair Ave E,Unity Health - Houses of Providence - 3E Cedar & Aspen,Hospital-Chronic Care,Respiratory,33
N,,,COVID-19,,2026-05-20,2026-04-27,1 Northwestern Ave,Harold and Grace Baker - C Wing,LTCH,Respiratory,34
N,,,COVID-19,,2026-05-04,2026-04-27,500 Kingston Rd,TEHN - Atrium at Kew Beach - 2nd Fl,Hospital-Chronic Care,Respiratory,35
N,,,Rhinovirus,,2026-05-07,2026-04-27,200 Dawes Rd,True Davidson Acres - 2E 2nd Fl,LTCH,Respiratory,36
N,,,COVID-19,,2026-05-04,2026-04-24,70 Humberline Dr,Deerwood Creek Community - Unit 3B - Ivywoods,LTCH,Respiratory,37
N,,,Rhinovirus,,2026-05-03,2026-04-24,439 Sherbourne St,Fudger House - 1 East,LTCH,Respiratory,38
N,,,Respiratory syncytial virus,,2026-05-03,2026-04-24,1 Kenton Dr,One Kenton Place - 3rd Fl,Retirement Home,Respiratory,39
N,,,Metapneumovirus,,2026-05-26,2026-04-23,130 Midland Ave,Midland Gardens - 6th Fl,LTCH,Respiratory,40
N,,,Metapneumovirus,,2026-05-08,2026-04-23,9 Neilson Rd,Seven Oaks - 5th Fl,LTCH,Respiratory,41
N,,,COVID-19,,2026-05-04,2026-04-22,551 Conlins Rd,Extendicare Rouge Valley - 3rd Fl Morrish,LTCH,Respiratory,42
N,,,Enterovirus,Rhinovirus,2026-05-02,2026-04-21,205 Cummer Ave,Cummer Lodge - 3 North,LTCH,Respiratory,43
N,,,COVID-19,,2026-05-04,2026-04-21,5351 Yonge St,"Delmanor Northtown - 2nd, 3rd, 4th & 5th Fl",Retirement Home,Respiratory,44
Y,,,Parainfluenza,,,2026-04-21,2233 Kipling Ave,Kipling Acres - 2nd Fl,LTCH,Respiratory,45
N,,,Unable to identify,,2026-05-01,2026-04-20,3830 Lawrence Ave E,Extendicare Scarborough - 2nd Fl,LTCH,Respiratory,46
N,,,Parainfluenza,,2026-04-30,2026-04-20,1000 Ellesmere Rd,Fieldstone Commons Care Community - 2B,LTCH,Respiratory,47
N,,,Unable to identify,,2026-05-10,2026-04-20,45 Brunswick Ave,The Kensington Gardens (North Building) - 3 West,LTCH,Respiratory,48
N,,,Metapneumovirus,,2026-05-08,2026-04-20,59 Lawson Rd,Tony Stacey Centre for Veterans' Care,LTCH,Respiratory,49
N,,,Respiratory syncytial virus,,2026-05-16,2026-04-20,82 Buttonwood Ave,UHN - RCC - Trillium Health Partners - 3E Pod A & C,Hospital-Chronic Care,Respiratory,50
N,,,Rhinovirus,,2026-05-01,2026-04-18,45 Brunswick Ave,The Kensington Gardens (North Building) - 1st Fl East,LTCH,Respiratory,51
N,,,Enterovirus/ Rhinovirus,,2026-05-06,2026-04-17,3830 Lawrence Ave E,Extendicare Scarborough - 2nd Fl,LTCH,Respiratory,52
N,,,Coronavirus*,,2026-05-12,2026-04-17,36 D'Arcy St,Mon Sheong Home for the Aged - 3rd Fl,LTCH,Respiratory,53
N,,,Metapneumovirus,,2026-04-26,2026-04-17,60 Richview Rd,Ukrainian Canadian Care Centre - 3rd Fl,LTCH,Respiratory,54
N,,,COVID-19,,2026-04-27,2026-04-16,3560 Bathurst St,Baycrest Hospital - 7E,Hospital-Chronic Care,Respiratory,55
N,,,Respiratory syncytial virus,,2026-05-05,2026-04-16,1860 Lawrence Ave E,The Wexford - 7th Fl,LTCH,Respiratory,56
N,,,Metapneumovirus,,2026-04-24,2026-04-16,3276 St. Clair Ave E,Unity Health Toronto - Houses of Providence - 4E Sumac & Juniper,LTCH,Respiratory,57
N,,,COVID-19,,2026-04-26,2026-04-15,55 Belmont St,Belmont House - 4 Walker Wing (4WW),LTCH,Respiratory,58
N,,,Parainfluenza,,2026-04-20,2026-04-15,520 Markham Rd,Cedarbrook Transitional Care Unit - 5th Fl,Retirement Home,Respiratory,59
N,,,Enterovirus/ Rhinovirus,,2026-04-22,2026-04-15,140 Sherway Dr,McCall Centre for Continuing Care - 3rd Fl,Hospital-Chronic Care,Respiratory,60
N,,,Unable to identify,,2026-04-28,2026-04-14,187 Wynford Dr,Delmanor Wynford,Retirement Home,Respiratory,61
N,,,Rhinovirus,,2026-04-26,2026-04-13,3276 St. Clair Ave E,Unity Health - Houses of Providence - 3W Walnut & Popular,LTCH,Respiratory,62
N,,,Rhinovirus,,2026-04-23,2026-04-13,150 Emmett Ave,West Park Long Term Care Centre - Weston & Mulholland,LTCH,Respiratory,63
N,,,COVID-19,,2026-05-04,2026-04-12,880 Lawrence Ave E,Greenview Lodge - 3rd Fl,Retirement Home,Respiratory,64
N,,,Unable to identify,,2026-04-18,2026-04-12,45 Brunswick Ave,The Kensington Gardens (North Building) - North 1 West,LTCH,Enteric,65
N,,,Unable to identify,,2026-04-22,2026-04-11,2701 St. Clair Ave E,St. Clair O'Connor Community Nursing Home,LTCH,Respiratory,66
N,,,Metapneumovirus,,2026-04-21,2026-04-09,2030 McNicoll Ave,Mon Sheong Scarborough - 2N,LTCH,Respiratory,67
N,,,Respiratory syncytial virus,,2026-05-01,2026-04-08,285 Cummer Ave,Sunnybrook Health Sciences Centre - St. John's Rehab - A2,Hospital-Chronic Care,Respiratory,68
N,,,Norovirus,,2026-04-13,2026-04-08,555 University Ave,The Hospital for Sick Children - 6A,Hospital-Acute Care,Enteric,69
N,,,Respiratory syncytial virus,,2026-04-15,2026-04-07,1400 Kennedy Rd,Kennedy Lodge - 2N,LTCH,Respiratory,70
N,,,Unable to identify,,2026-04-16,2026-04-07,2881 Eglinton Ave E,McCowan Retirement Residence,Retirement Home,Respiratory,71
N,,,Metapneumovirus,,2026-04-16,2026-04-07,2881 Eglinton Ave E,McCowan Retirement Residence - 2nd & 4th Fl,Retirement Home,Respiratory,72
N,,,Metapneumovirus,,2026-04-24,2026-04-07,2867 Ellesmere Rd,Scarborough Health Network - Centenary Hospital - 5E,Hospital-Acute Care,Respiratory,73
N,,,Metapneumovirus,,2026-04-24,2026-04-07,2070 Bayview Ave,Sunnybrook Health Sciences Centre - C4,Hospital-Acute Care,Respiratory,74
N,,,Coronavirus*,,2026-04-22,2026-04-06,40 Bell Estate Rd,Ina Grafton Gage Home - Unit 3 East,LTCH,Respiratory,75
N,,,Respiratory syncytial virus,,2026-04-15,2026-04-06,22 Norfinch Dr,Norfinch Care Community - Unit 2A,LTCH,Respiratory,76
N,,,Norovirus,,2026-04-18,2026-04-06,345 Sherbourne St,The Rekai Centre at Sherbourne Place - 3rd Fl,LTCH,Enteric,77
N,,,Respiratory syncytial virus,,2026-04-25,2026-04-05,285 Cummer Ave,Sunnybrook Health Sciences Centre - St. John's Rehab - A1,Hospital-Chronic Care,Respiratory,78
N,,,Coronavirus*,,2026-05-02,2026-04-05,40 Playfair Ave,Villa Colombo Homes for the Aged - 4th Fl Fidani,LTCH,Respiratory,79
N,,,Coronavirus*,,2026-04-08,2026-04-02,495 The West Mall,AgeCare Westbury Long Term Care Residence - 3rd Fl,LTCH,Respiratory,80
N,,,Unable to identify,,2026-04-14,2026-04-02,4005 Eglinton Ave W,Chartwell Scarlett Heights - 2nd Fl,Retirement Home,Respiratory,81
N,,,COVID-19,,2026-04-19,2026-04-02,2245 Lawrence Ave W,The Village of Humber Heights - 1st Fl East,LTCH,Respiratory,82
N,,,Respiratory syncytial virus,,2026-04-10,2026-04-02,2245 Lawrence Ave W,The Village of Humber Heights - 2nd Fl East (Emma),Retirement Home,Respiratory,83
N,,,Metapneumovirus,,2026-04-16,2026-04-01,55 Belmont St,Belmont House - 2 Walker Wing (2WW),LTCH,Respiratory,84
N,,,COVID-19,,2026-04-10,2026-04-01,140 Sherway Dr,McCall Centre for Continuing Care - 4th Fl,Hospital-Chronic Care,Respiratory,85
N,,,Enterovirus/ Rhinovirus,,2026-04-16,2026-03-31,1340 York Mills Rd,Rayoak Place - 1st Fl,Retirement Home,Respiratory,86
N,,,Respiratory syncytial virus,,2026-04-08,2026-03-30,495 The West Mall,AgeCare Westbury Long Term Care Residence - 8th Fl,LTCH,Respiratory,87
N,,,Unable to identify,,2026-04-10,2026-03-30,866 Sheppard Ave W,Aspira Kensington Place Retirement Living - 6th Fl,Retirement Home,Respiratory,88
N,,,Respiratory syncytial virus,,2026-04-15,2026-03-30,1 Overland Dr,Better Living at Thompson House - 3rd & 4th Fl,LTCH,Respiratory,89
N,,,Rhinovirus,,2026-04-08,2026-03-30,1800 O'Connor Dr,Harmony Hills Care Community - 3B,LTCH,Respiratory,90
N,,,Parainfluenza,,2026-04-20,2026-03-30,28 Halton St,Maynard Nursing Home,LTCH,Respiratory,91
N,,,COVID-19,,2026-04-11,2026-03-29,4005 Eglinton Ave W,Chartwell Scarlett Heights - 7th Fl,Retirement Home,Respiratory,92
N,,,Norovirus,,2026-04-07,2026-03-29,65 Livingston Rd,Venvi Guildwood Retirement Residence,Retirement Home,Enteric,93
N,,,COVID-19,,2026-04-10,2026-03-28,77 Main St,Main Street Terrace - 2nd Fl,LTCH,Respiratory,94
N,,,COVID-19,,2026-04-05,2026-03-27,82 Buttonwood Ave,UHN - RCC - Trillium Health Partners - 3E Pod B,Hospital-Chronic Care,Respiratory,95
N,,,COVID-19,,2026-04-10,2026-03-26,2233 Kipling Ave,Kipling Acres - 1st Fl Beaumont Unit,LTCH,Respiratory,96
N,,,Respiratory syncytial virus,,2026-03-29,2026-03-25,650 Church St,The Salvation Army - Toronto Grace Health Centre - CCC 5,Hospital-Chronic Care,Respiratory,97
N,,,Coronavirus*,,2026-04-19,2026-03-25,400 The West Mall,Wesburn Manor - 3 South,LTCH,Respiratory,98
N,,,Respiratory syncytial virus,,2026-04-01,2026-03-23,1000 Ellesmere Rd,Fieldstone Commons Care Community - 3A,LTCH,Respiratory,99
N,,,Parainfluenza,,2026-04-08,2026-03-23,2233 Kipling Ave,Kipling Acres - 3rd Fl South,LTCH,Respiratory,100
N,,,Coronavirus*,,2026-04-03,2026-03-23,3197 Lakeshore Blvd W,Lakeshore Lodge - 4th Fl,LTCH,Respiratory,101
N,,,Metapneumovirus,,2026-04-08,2026-03-22,55 Belmont St,Belmont House - 5 Walker Wing (5WW),LTCH,Respiratory,102
N,,,Unable to identify,,2026-04-05,2026-03-20,1000 Ellesmere Rd,Fieldstone Commons Care Community - 1A,LTCH,Respiratory,103
N,,,Coronavirus*,,2026-03-23,2026-03-20,1000 Ellesmere Rd,Fieldstone Commons Care Community - 3A,LTCH,Respiratory,104
N,,,Respiratory syncytial virus,,2026-03-26,2026-03-20,148 Markham Rd,Scarborough Retirement Residence - 7th Fl,Retirement Home,Respiratory,105
N,,,COVID-19,,2026-04-07,2026-03-19,3760 Sheppard Ave E,Shepherd Lodge - 5N,LTCH,Respiratory,106
N,,,COVID-19,,2026-04-10,2026-03-19,3276 St. Clair Ave E,Unity Health Toronto - Providence Healthcare - A4,Hospital-Chronic Care,Respiratory,107
N,,,COVID-19,,2026-03-29,2026-03-17,2245 Lawrence Ave W,Village of Humber Heights - 1st Fl,LTCH,Respiratory,108
N,,,COVID-19,,2026-03-23,2026-03-16,3197 Lakeshore Blvd W,Lakeshore Lodge - 2S,LTCH,Respiratory,109
N,,,COVID-19,,2026-03-26,2026-03-16,3050 Lawrence Ave E,Scarborough Health Network - General Hospital - T7,Hospital-Acute Care,Respiratory,110
N,,,Norovirus,,2026-03-29,2026-03-15,1800 O'Connor Dr,Harmony Hills Care Community - 1A & 3A,LTCH,Enteric,111
N,,,Coronavirus*,,2026-03-26,2026-03-14,1800 O'Connor Dr,Harmony Hills Care Community - 2A,LTCH,Respiratory,112
N,,,Enterovirus/ Rhinovirus,,2026-03-31,2026-03-13,1925 Steeles Ave E,Gibson Long Term Care Residence - 1st Fl,LTCH,Respiratory,113
N,,,Metapneumovirus,,2026-04-02,2026-03-13,36 D'Arcy St,Mon Sheong Home for the Aged - 4th & 5th Fl,LTCH,Respiratory,114
N,,,Unable to identify,,2026-03-24,2026-03-13,122 Tyndall Ave,Norwood Nursing Home - 2nd Fl,LTCH,Respiratory,115
N,,,Respiratory syncytial virus,,2026-03-22,2026-03-12,767 Royal York Rd,Ivan Franko Home - 3rd Fl East & South,LTCH,Respiratory,116
N,,,Respiratory syncytial virus,,2026-03-20,2026-03-11,5935 Bathurst St,Cheltenham Care Community - 2nd Fl South,LTCH,Respiratory,117
N,,,Parainfluenza,,2026-03-25,2026-03-11,102 Craiglee Dr,Craiglee Nursing Home - 2E,LTCH,Respiratory,118
N,,,Unable to identify,,2026-03-22,2026-03-11,767 Royal York Rd,Ivan Franko Home - 1st Fl,LTCH,Respiratory,119
N,,,Respiratory syncytial virus,,2026-03-21,2026-03-10,1 Northwestern Ave,Harold and Grace Baker Centre - Wing A,LTCH,Respiratory,120
N,,,Respiratory syncytial virus,,2026-03-16,2026-03-09,2920 Lawrence Ave E,Bendale Acres - CSU,LTCH,Respiratory,121
N,,,Coronavirus*,,2026-03-30,2026-03-09,70 Humberline Dr,Deerwood Creek Community - 3rd Fl - 3A (Westney Heights),LTCH,Respiratory,122
N,,,Respiratory syncytial virus,,2026-03-18,2026-03-09,1000 Ellesmere Rd,Fieldstone Commons Care Community - 3A,LTCH,Respiratory,123
N,,,Parainfluenza,,2026-03-16,2026-03-08,3560 Bathurst St,Baycrest Apotex Centre - Jewish Home for the Aged - 6GS,LTCH,Respiratory,124
N,,,Respiratory syncytial virus,,2026-04-07,2026-03-07,22 Norfinch Dr,Norfinch Care Community - Units 1A & 3A,LTCH,Respiratory,125
N,,,COVID-19,,2026-03-20,2026-03-06,520 Markham Rd,Cedarbrook Transitional Care Unit,Retirement Home,Respiratory,126
N,,,Norovirus,,2026-03-19,2026-03-06,621 Runnymede Rd,Runnymede Long Term Care - 2E & 2W,LTCH,Enteric,127
N,,,COVID-19,,2026-03-16,2026-03-06,262 St. Clair Ave W,Russell Hill Retirement Residence - 4th Fl,Retirement Home,Respiratory,128
N,,,COVID-19,,2026-03-27,2026-03-05,1066 Avenue Rd,Amica on the Avenue,Retirement Home,Respiratory,129
N,,,COVID-19,,2026-03-16,2026-03-05,55 Belmont St,Belmont House - 2WW,LTCH,Respiratory,130
N,,,Norovirus,,2026-03-21,2026-03-04,45 Foxbar Ave,Bradgate Arms,Retirement Home,Enteric,131
N,,,Metapneumovirus,,2026-04-07,2026-03-04,36 D'Arcy St,Mon Sheong Home for the Aged - 2nd Fl,LTCH,Respiratory,132
N,,,Metapneumovirus,,2026-03-17,2026-03-02,215 Tyrrel Ave,Hellenic Care for Seniors - 1st Fl,LTCH,Respiratory,133
N,,,COVID-19,,2026-03-27,2026-03-02,720 Mt Pleasant Rd,"The Briton House - North Tower - 5th, 7th & 9th Fl",Retirement Home,Respiratory,134
N,,,Respiratory syncytial virus,,2026-03-22,2026-03-02,303 Queens Dr,Weston Gardens Transitional Care Unit - 2nd Fl,Retirement Home,Respiratory,135
N,,,Coronavirus*,,2026-03-09,2026-03-02,2311 McNicoll Ave,Yee Hong Centre Scarborough McNicoll - 1st Fl,LTCH,Respiratory,136
N,,,Coronavirus*,,2026-03-09,2026-03-01,2075 Bayview Ave,Sunnybrook Health Sciences Centre - GG,Hospital-Acute Care,Respiratory,137
N,,,COVID-19,,2026-03-18,2026-02-28,9 Neilson Rd,Seven Oaks - 2nd Fl,LTCH,Respiratory,138
N,,,Norovirus,,2026-03-10,2026-02-28,60 Richview Rd,Ukrainian Canadian Care Centre,LTCH,Enteric,139
N,,,Coronavirus*,,2026-03-17,2026-02-27,55 Lawson Rd,Tony Stacey Centre for Veterans' Care,LTCH,Respiratory,140
N,,,Unable to identify,,2026-03-09,2026-02-26,5 Resurrection Pl,Labdara Lithuanian Nursing Home - 3rd Fl,LTCH,Respiratory,141
N,,,Respiratory syncytial virus,,2026-03-16,2026-02-25,1 Overland Dr,Better Living at Thompson House - 2nd Fl,LTCH,Respiratory,142
N,,,Respiratory syncytial virus,,2026-03-20,2026-02-25,2075 Bayview Ave,Sunnybrook Health Sciences Centre - Veterans Centre - LGSE,LTCH,Respiratory,143
N,,,Influenza A (H3),,2026-03-05,2026-02-25,200 Dawes Rd,True Davidson Acres - 4th Fl,LTCH,Respiratory,144
N,,,Metapneumovirus,,2026-03-04,2026-02-24,3830 Lawrence Ave E,Extendicare Scarborough - 1st Fl,LTCH,Respiratory,145
N,,,Influenza A (H1),,2026-03-06,2026-02-24,2109 Finch Ave W,Humber Meadows - 5th Fl Douglas North,LTCH,Respiratory,146
N,,,Coronavirus*,,2026-03-08,2026-02-24,22 Norfinch Dr,Norfinch Care Community - Unit 3B,LTCH,Respiratory,147
N,,,Norovirus,,2026-03-02,2026-02-24,50 Playfair Ave,Villa Colombo Homes for the Aged - 5th Fl,LTCH,Enteric,148
N,,,Respiratory syncytial virus,,2026-03-16,2026-02-23,340 McCowan Rd,AgeCare Trilogy - 6th Fl,LTCH,Respiratory,149
N,,,Respiratory syncytial virus,,2026-03-05,2026-02-23,1001 Queen St W,"Centre for Addiction and Mental Health - Units 3, 4 & 5",Hospital-Psychiatric,Respiratory,150
N,,,Respiratory syncytial virus,,2026-03-10,2026-02-23,645 Castlefield Ave,Forest Hill Place,Retirement Home,Respiratory,151
N,,,COVID-19,,2026-03-09,2026-02-23,200 Church St,Humber River Hospital - RCC Church Site - A2N,Hospital-Chronic Care,Respiratory,152
N,,,Respiratory syncytial virus,,2026-03-12,2026-02-23,4 Teddington Park Ave,The Teddington,Retirement Home,Respiratory,153
N,,,COVID-19,,2026-03-07,2026-02-23,59 Lawson Rd,Tony Stacey Centre for Veterans' Care - 1st Fl,LTCH,Respiratory,154
N,,,Metapneumovirus,,2026-03-11,2026-02-23,40 Playfair Ave,Villa Colombo Homes for the Aged - 3 Fidani,LTCH,Respiratory,155
N,,,COVID-19,,2026-03-07,2026-02-21,1 Northwestern Ave,Harold and Grace Baker Centre - 1st Fl - A Wing,LTCH,Respiratory,156
N,,,COVID-19,,2026-03-09,2026-02-21,740 Pape Ave,Nisbet Lodge - 9th & 11th Fl,LTCH,Respiratory,157
N,,,Coronavirus*,,2026-02-24,2026-02-20,19 Rean Dr,Amica Bayview Gardens - 2nd & 10th Fl,Retirement Home,Respiratory,158
N,,,Coronavirus*,,2026-03-17,2026-02-20,1925 Steeles Ave E,Gibson Long Term Care - 4th Fl,LTCH,Respiratory,159
N,,,Respiratory syncytial virus,,2026-03-10,2026-02-20,1 Kenton Dr,One Kenton Place - 2nd Fl,Retirement Home,Respiratory,160
N,,,COVID-19,,2026-03-05,2026-02-20,77 Dunfield Ave,The Dunfield Retirement Residence - 4th Fl,Retirement Home,Respiratory,161
N,,,Rhinovirus,,2026-03-11,2026-02-20,303 Queens Dr,"Weston Gardens Retirement Residence - 3rd, 4th & 5th Fl",Retirement Home,Respiratory,162
N,,,Respiratory syncytial virus,,2026-03-05,2026-02-20,2311 McNicoll Ave,Yee Hong Centre - Scarborough McNicoll - 1st Fl,LTCH,Respiratory,163
N,,,Respiratory syncytial virus,,2026-03-02,2026-02-19,22 Norfinch Dr,Norfinch Care Community - Unit 2B & 3B,LTCH,Respiratory,164
N,,,Respiratory syncytial virus,,2026-02-26,2026-02-19,3276 St. Clair Ave E,Unity Health Toronto - Providence Healthcare - B4,Hospital-Chronic Care,Respiratory,165
N,,,COVID-19,,2026-02-27,2026-02-18,1 Overland Dr,Better Living at Thompson House - 3W,LTCH,Respiratory,166
N,,,Coronavirus*,,2026-02-27,2026-02-18,551 Conlins Rd,Extendicare Rouge Valley - 1st Fl - Behavioural Support Unit,LTCH,Respiratory,167
N,,,Metapneumovirus,,2026-03-06,2026-02-18,25 Brunswick Ave,Kensington Gardens - South Building - 1 South East,LTCH,Respiratory,168
N,,,Coronavirus*,,2026-03-02,2026-02-17,3555 Danforth Ave,Chester Village - 2E & 2W,LTCH,Respiratory,169
N,,,COVID-19,,2026-02-25,2026-02-16,205 Cummer Ave,Cummer Lodge - 3S,LTCH,Respiratory,170
N,,,COVID-19,,2026-03-03,2026-02-16,541 Finch Ave W,Valleyview Residence - 4 West,LTCH,Respiratory,171
N,,,Metapneumovirus,,2026-02-27,2026-02-16,160 Wellesley St E,Wellesley Central Place - 4 East,LTCH,Respiratory,172
N,,,Coronavirus*,,2026-02-28,2026-02-14,1020 McNicoll Ave,The Salvation Army Toronto Grace Health Centre - Specialized Care Centre - Harbour Lights Unit,Hospital-Chronic Care,Respiratory,173
N,,,Unable to identify,,2026-02-19,2026-02-13,66 Roncesvalles Ave,Copernicus Lodge - 6 South,LTCH,Enteric,174
N,,,Norovirus,,2026-03-05,2026-02-13,25 Brunswick Ave,Kensington Gardens - South Building - 4 West,LTCH,Enteric,175
N,,,Respiratory syncytial virus,,2026-03-01,2026-02-13,2111 Finch Ave W,Southlake Regional Health Centre - RCC Finch Site - 5 East,Hospital-Chronic Care,Respiratory,176
N,,,Unable to identify,,2026-02-21,2026-02-12,55 Belmont St,Belmont House - 3W,LTCH,Enteric,177
N,,,Rhinovirus,,2026-03-02,2026-02-12,40 Bell Estate Rd,Ina Grafton Gage Home - 3rd Fl,LTCH,Respiratory,178
N,,,COVID-19,,2026-02-22,2026-02-12,150 Dunn Ave,Lakeside - 2nd Fl,LTCH,Respiratory,179
N,,,Rhinovirus,,2026-02-21,2026-02-12,541 Finch Ave W,Valleyview Residence - 2W,LTCH,Respiratory,180
N,,,Streptococcus pyogenes,,2026-03-27,2026-02-12,123 Spadina Rd,Venvi - The Annex Retirement Residence,Retirement Home,Other,181
N,,,COVID-19,,2026-03-21,2026-02-11,550 Cummer Ave,"Extendicare Bayview - East, West & South Unit",LTCH,Respiratory,182
N,,,Coronavirus*,,2026-02-27,2026-02-11,14 Cross St,Fairview Nursing Home - 2nd & 3rd Fl,LTCH,Respiratory,183
N,,,Coronavirus*,,2026-02-21,2026-02-11,537 Finch Ave W,Forestview Retirement Residence,LTCH,Respiratory,184
N,,,COVID-19,,2026-02-20,2026-02-11,2111 Finch Ave W,Markham Stouffville Hospital - RCC Finch Site - 6E,Hospital-Chronic Care,Respiratory,185
N,,,COVID-19,,2026-02-23,2026-02-11,2311 McNicoll Ave,Yee Hong Centre for Geriatric Care Scarborough McNicoll - 3rd Fl,LTCH,Respiratory,186
N,,,Coronavirus*,,2026-02-22,2026-02-10,340 McCowan Rd,AgeCare Trilogy - 4th Fl,LTCH,Respiratory,187
N,,,Norovirus,,2026-02-19,2026-02-09,495 The West Mall,AgeCare Westbury Long Term Care Residence - 7th Fl,LTCH,Enteric,188
N,,,COVID-19,,2026-02-17,2026-02-09,55 Belmont St,Belmont House Long Term Care - 2E & 5W,LTCH,Respiratory,189
N,,,Influenza A (H1N1),,2026-02-24,2026-02-09,351 Christie St,Castleview Wychwood Towers - 3rd & 7th Fl,LTCH,Respiratory,190
N,,,COVID-19,,2026-02-26,2026-02-09,520 Markham Rd,Cedarbrook Transitional Care Unit - 5th Fl,LTCH,Respiratory,191
N,,,COVID-19,,2026-02-17,2026-02-09,11 Avenue Rd,Hazelton Place Retirement Residence - 2nd Fl,Retirement Home,Respiratory,192
N,,,Metapneumovirus,,2026-03-03,2026-02-09,2109 Finch Ave W,Humber Meadows - 3rd Fl - Birch North,LTCH,Respiratory,193
N,,,Norovirus,,2026-02-17,2026-02-09,2111 Finch Ave W,Mackenzie Health - RCC Finch Site - 4E,Hospital-Chronic Care,Enteric,194
N,,,Respiratory syncytial virus,,2026-02-20,2026-02-09,3760 Sheppard Ave E,Shepherd Lodge - 3N,LTCH,Respiratory,195
N,,,Respiratory syncytial virus,,2026-02-17,2026-02-09,2245 Lawrence Ave W,The Village of Humber Heights Retirement Residence - Willamsburg West,Retirement Home,Respiratory,196
N,,,COVID-19,,2026-02-17,2026-02-09,3276 St. Clair Ave E,Unity Health Toronto - Houses of Providence - 2W Elm & Pine,LTCH,Respiratory,197
N,,,Influenza A (Not subtyped),,2026-02-19,2026-02-09,3276 St. Clair Ave E,Unity Health Toronto - Houses of Providence - 4W,LTCH,Respiratory,198
N,,,Respiratory syncytial virus,,2026-02-24,2026-02-08,15 Barberry Pl,"Amica Bayview Village - 2nd, 4th & 7th Fl",LTCH,Respiratory,199
N,,,Respiratory syncytial virus,,2026-03-03,2026-02-08,40 Playfair Ave,Villa Colombo Homes for the Aged - 4 South & 5 South (Fusco Building),LTCH,Respiratory,200
N,,,Respiratory syncytial virus,,2026-02-15,2026-02-06,1001 Queen St W,Centre for Addiction and Mental Health - 3-2 FSUA,Hospital-Psychiatric,Respiratory,201
N,,,Influenza A (Not subtyped),,2026-02-19,2026-02-06,650 Church St,The Salvation Army - Toronto Grace Health Centre - 4th Fl,Hospital-Chronic Care,Respiratory,202
N,,,Enterovirus/ Rhinovirus,,2026-02-19,2026-02-05,495 The West Mall,AgeCare Westbury - 6th Fl,LTCH,Respiratory,203
N,,,Respiratory syncytial virus,,2026-02-19,2026-02-05,30 The Queensway,Unity Health Toronto - St. Joseph's Health Centre - 4M,Hospital-Acute Care,Respiratory,204
N,,,COVID-19,,2026-02-17,2026-02-05,30 The Queensway,Unity Health Toronto - St. Joseph's Health Centre - 6M,Hospital-Acute Care,Respiratory,205
N,,,Influenza A (Not subtyped),,2026-02-13,2026-02-04,2233 Kipling Ave,Kipling Acres - 3 North,LTCH,Respiratory,206
N,,,Respiratory syncytial virus,,2026-02-13,2026-02-04,2867 Ellesmere Rd,Scarborough Health Network - Centenary Hospital - 3E,Hospital-Acute Care,Respiratory,207
N,,,COVID-19,,2026-02-22,2026-02-04,9 Neilson Rd,"Seven Oaks - 1st, 4th & 5th Fl",LTCH,Respiratory,208
N,,,Respiratory syncytial virus,,2026-02-12,2026-02-04,3760 Sheppard Ave E,Shepherd Lodge - 5S,LTCH,Respiratory,209
N,,,COVID-19,,2026-02-26,2026-02-04,30 The Queensway,Unity Health Toronto - St. Joseph's Health Centre - 6G,Hospital-Acute Care,Respiratory,210
N,,,Influenza A (Not subtyped),,2026-02-15,2026-02-03,19 Rean Dr,Amica Bayview Gardens - 5th Fl,Retirement Home,Respiratory,211
N,,,COVID-19,,2026-02-12,2026-02-03,122 Tyndall Ave,Norwood Nursing Home - 2nd Fl,LTCH,Respiratory,212
N,,,Unable to identify,,2026-02-08,2026-02-03,140 Sherway Dr,Trillium Health Partners - McCall Centre for Continuing Care - 3rd Fl,Hospital-Chronic Care,Enteric,213
N,,,Respiratory syncytial virus,,2026-03-05,2026-02-03,2005 Lawrence Ave W,Weston Terrace Care Community - 2A & 2B,LTCH,Respiratory,214
N,,,Coronavirus*,,2026-02-15,2026-02-02,2109 Finch Ave W,Humber Meadows Long Term Care Home - 6 South,LTCH,Respiratory,215
N,,,Unable to identify,,2026-02-25,2026-02-01,60 Scottfield Dr,Yee Hong Centre Scarborough Finch - 5th Fl,LTCH,Respiratory,216
N,,,Norovirus,,2026-02-11,2026-01-31,265 Queens Dr,UHN - Transitional Care Program - Queens Estate - 6th Fl,Retirement Home,Enteric,217
N,,,COVID-19,,2026-02-06,2026-01-30,1001 Queen St W,Centre for Addiction and Mental Health - PRT 8,Hospital-Psychiatric,Respiratory,218
N,,,Respiratory syncytial virus,,2026-02-21,2026-01-30,4251 Dundas St W,Kingsway Residence,Retirement Home,Respiratory,219
N,,,COVID-19,,2026-02-13,2026-01-30,500 Kingston Rd,TEHN - Atrium at Kew Beach - 2nd & 3rd Fl,Hospital-Chronic Care,Respiratory,220
N,,,COVID-19,,2026-02-11,2026-01-30,60 Scottfield Dr,Yee Hong Centre Scarborough Finch - 2nd Fl,LTCH,Respiratory,221
N,,,Unable to identify,,2026-02-07,2026-01-29,1400 Kennedy Rd,Kennedy Lodge - Ground Fl,LTCH,Respiratory,222
N,,,COVID-19,,2026-02-14,2026-01-29,130 Midland Ave,Midland Gardens - 3rd Fl (North & South),LTCH,Respiratory,223
N,,,Respiratory syncytial virus,,2026-02-07,2026-01-29,3760 Sheppard Ave E,Shepherd Lodge - 6N,LTCH,Respiratory,224
N,,,Respiratory syncytial virus,,2026-02-12,2026-01-29,2245 Lawrence Ave W,The Village of Humber Heights - Islington & Brule,LTCH,Respiratory,225
N,,,Norovirus,,2026-02-05,2026-01-29,140 Sherway Dr,Trillium Health Partners - McCall Centre for Continuing Care - 4th Fl,Hospital-Chronic Care,Enteric,226
N,,,COVID-19,,2026-02-19,2026-01-29,30 The Queensway,Unity Health Toronto - St. Joseph's Health Centre - 4M,Hospital-Acute Care,Respiratory,227
N,,,Respiratory syncytial virus,,2026-02-09,2026-01-28,40 Bell Estate Rd,Ina Grafton Gage Home - 2nd Fl,LTCH,Respiratory,228
N,,,Respiratory syncytial virus,,2026-02-09,2026-01-28,740 Pape Ave,Nisbet Lodge - 6th & 10th Fl,LTCH,Respiratory,229
N,,,Respiratory syncytial virus,,2026-02-19,2026-01-27,3830 Lawrence Ave E,Extendicare Scarborough - 1st & 2nd Fl,LTCH,Respiratory,230
N,,,Unable to identify,,2026-02-20,2026-01-27,65 Queens Dr,"Queens Estate Retirement Residence - 2nd, 3rd, 4th & 5th Fl",Retirement Home,Enteric,231
N,,,Norovirus,,2026-02-02,2026-01-26,495 The West Mall,AgeCare Westbury Long Term Care Residence - 9th Fl,LTCH,Enteric,232
N,,,Respiratory syncytial virus,,2026-02-02,2026-01-26,1 Kenton Dr,One Kenton Place - Main Fl,Retirement Home,Respiratory,233
N,,,Influenza A (H1),,2026-02-06,2026-01-26,2075 Bayview Ave,Sunnybrook Health Sciences Centre - Sunnybrook Veterans Centre - LSSW,LTCH,Respiratory,234
N,,,Influenza A (H1),,2026-02-09,2026-01-26,2075 Bayview Ave,Sunnybrook Health Sciences Centre - Sunnybrook Veterans Centre - LTSE,LTCH,Respiratory,235
N,,,Unable to identify,,2026-02-02,2026-01-26,40 Playfair Ave,Villa Colombo Homes for the Aged - 3 Fusco,LTCH,Respiratory,236
N,,,COVID-19,,2026-02-03,2026-01-25,170 Emmett Ave,UHN - West Park Healthcare Centre - 2D Pod 1,Hospital-Chronic Care,Respiratory,237
N,,,Respiratory syncytial virus,,2026-02-09,2026-01-23,866 Sheppard Ave W,Aspira Kensington Place Retirement Living,Retirement Home,Respiratory,238
N,,,Unable to identify,,2026-01-29,2026-01-23,25 Brunswick Ave,Kensington Gardens South - 1E,LTCH,Enteric,239
N,,,Respiratory syncytial virus,,2026-02-24,2026-01-23,140 Sherway Dr,Trillium Health Partners - McCall Centre for Continuing Care - 3rd Fl,Hospital-Chronic Care,Respiratory,240
N,,,Respiratory syncytial virus,,2026-01-27,2026-01-22,1 Northwestern Ave,Harold & Grace Baker Centre - C Wing,LTCH,Respiratory,241
N,,,Respiratory syncytial virus,,2026-02-15,2026-01-22,2075 Bayview Ave,Sunnybrook Health Sciences Centre - Sunnybrook Veterans Centre - LTSW,LTCH,Respiratory,242
N,,,Coronavirus*,,2026-02-03,2026-01-21,2 Buchan Crt,North York General Hospital - Seniors' Health Centre - 1st Fl,LTCH,Respiratory,243
N,,,Respiratory syncytial virus,,2026-02-14,2026-01-20,70 Humberline Dr,Deerwood Creek Community - 1A,LTCH,Respiratory,244
N,,,COVID-19,,2026-02-02,2026-01-20,2030 McNicoll Ave,Mon Sheong Scarborough - Ground Fl South Wing,LTCH,Respiratory,245
N,,,Influenza A (H3),,2026-01-27,2026-01-20,4001 Leslie St,North York General Hospital - 6W,Hospital-Acute Care,Respiratory,246
N,,,Enterovirus/ Rhinovirus,,2026-02-09,2026-01-20,2245 Lawrence Ave W,The Village of Humber Heights - Islington & Wadsworth,LTCH,Respiratory,247
N,,,Norovirus,,2026-01-26,2026-01-20,150 Emmett Ave,UHN - West Park Long Term Care Centre  - Humber & York,LTCH,Enteric,248
N,,,COVID-19,,2026-01-27,2026-01-20,101 Humber College Blvd,William Osler Health System - 8W,Hospital-Acute Care,Respiratory,249
N,,,Unable to identify,,2026-02-15,2026-01-19,55 Belmont St,Belmont House Retirement,Retirement Home,Enteric,250
N,,,COVID-19,,2026-01-25,2026-01-19,147 Elder St,Sage Care Retirement Home,Retirement Home,Respiratory,251
N,,,Coronavirus*,,2026-01-29,2026-01-19,345 Sherbourne St,Sherbourne Place - 4th Fl,LTCH,Respiratory,252
N,,,Unable to identify,,2026-01-22,2026-01-18,25 Brunswick Ave,Kensington Garden South - 3E,LTCH,Enteric,253
N,,,Unable to identify,,2026-01-30,2026-01-18,1340 York Mills Rd,Rayoak Place - 1st Fl,Retirement Home,Respiratory,254
N,,,COVID-19,,2026-01-27,2026-01-18,399 Bathurst St,UHN - Toronto Western Hospital - 8A,Hospital-Acute Care,Respiratory,255
N,,,Norovirus,,2026-02-10,2026-01-17,55 Belmont St,"Belmont House - 2E, 4WW & 5WW",LTCH,Enteric,256
N,,,COVID-19,,2026-02-19,2026-01-17,40 Playfair Ave,"Villa Colombo Homes for the Aged - 2nd Fl, 3rd Fl, 4 North, 5 North & 5 South (Fusco Building)",LTCH,Respiratory,257
N,,,Unable to identify,,2026-01-24,2026-01-16,52 Neilson Dr,Dom Lipa Retirement Residence,Retirement Home,Respiratory,258
N,,,Coronavirus*,,2026-01-28,2026-01-16,92 Island Rd,Glen Rouge Community - 1st Fl Wing 1,LTCH,Respiratory,259
N,,,Respiratory syncytial virus,,2026-01-30,2026-01-16,1020 McNicoll Ave,Tendercare Living Centre - 3 West,LTCH,Respiratory,260
N,,,Unable to identify,,2026-02-02,2026-01-15,25 Brunswick Ave,The Kensington Gardens - South - 1 East,LTCH,Respiratory,261
N,,,Unable to identify,,2026-01-26,2026-01-14,1 Overland Dr,Better Living at Thompson House - 4N,LTCH,Respiratory,262
N,,,Unable to identify,,2026-01-23,2026-01-14,351 Christie St,Castleview Wychwood Towers - 4th Fl,LTCH,Enteric,263
N,,,Unable to identify,,2026-01-22,2026-01-14,520 Markham Rd,Cedarbrook Transitional Care Unit - 5th Fl,Retirement Home,Enteric,264
N,,,Unable to identify,,2026-01-22,2026-01-14,187 Wynford Dr,Delmanor Wynford Retirement Residence - 5th & 6th Fl,Retirement Home,Respiratory,265
N,,,Unable to identify,,2026-02-04,2026-01-14,1925 Steeles Ave E,Gibson Long Term Care Residence - 3rd Fl,LTCH,Respiratory,266
N,,,CPE Colonization Klebsiella pneumoniae (NDM),"CPE Infection Klebsiella pneumoniae (NDM), CPE Colonization E.coli (NDM)",2026-02-02,2026-01-14,825 Coxwell Ave,TEHN - Michael Garron Hospital - H6,Hospital-Acute Care,Other,267
N,,,COVID-19,,2026-01-26,2026-01-14,399 Bathurst St,UHN - Toronto Western Hospital - 4B,Hospital-Acute Care,Respiratory,268
N,,,COVID-19,,2026-01-23,2026-01-13,866 Sheppard Ave W,Aspira Kensington Place Retirement Living,Retirement Home,Respiratory,269
N,,,COVID-19,,2026-01-25,2026-01-13,2881 Eglinton Ave E,McCowan Retirement Residence,Retirement Home,Respiratory,270
N,,,Rhinovirus,,2026-02-02,2026-01-13,36 D'Arcy St,Mon Sheong Home for the Aged - 5th Fl,LTCH,Respiratory,271
N,,,Influenza A (H3),,2026-01-22,2026-01-13,1860 Lawrence Ave E,The Wexford - 6th Fl,LTCH,Respiratory,272
N,,,Influenza A (Not subtyped),,2026-01-21,2026-01-13,200 Church St,Trillium Health Partners - RCC Church Site - 6B,Hospital-Chronic Care,Respiratory,273
N,,,Respiratory syncytial virus,,2026-01-20,2026-01-12,200 Church St,Humber River Hospital - RCC Church Site - A2N,Hospital-Chronic Care,Respiratory,274
N,,,Respiratory syncytial virus,,2026-01-19,2026-01-12,2233 Kipling Ave,Kipling Acres - 2 North - Clairville Unit,LTCH,Respiratory,275
N,,,Respiratory syncytial virus,,2026-01-19,2026-01-12,5 Resurrection Rd,Labdara Lithuanian Nursing Home - 1st Fl,LTCH,Respiratory,276
N,,,Respiratory syncytial virus,,2026-02-13,2026-01-12,500 Kingston Rd,TEHN - Atrium at Kew Beach - 3rd Fl East Side,Hospital-Chronic Care,Respiratory,277
N,,,Respiratory syncytial virus,,2026-01-19,2026-01-12,33 Christie St,The O'Neil Centre - 4th Fl,LTCH,Respiratory,278
N,,,COVID-19,,2026-01-27,2026-01-12,1860 Lawrence Ave E,The Wexford - 2nd Fl,LTCH,Respiratory,279
N,,,COVID-19,,2026-02-02,2026-01-12,140 Sherway Dr,Trillium Health Partners - McCall Centre for Continuing Care - 4th Fl,Hospital-Chronic Care,Respiratory,280
N,,,COVID-19,,2026-01-25,2026-01-11,60 Scottfield Dr,Yee Hong Centre - Scarborough Finch - 6th Fl,LTCH,Respiratory,281
N,,,COVID-19,,2026-01-19,2026-01-10,2030 McNicoll Ave,Mon Sheong Scarborough - 2S,LTCH,Respiratory,282
N,,,Influenza A (H3),,2026-01-22,2026-01-10,3760 Sheppard Ave E,Shepherd Lodge - 7 South,LTCH,Respiratory,283
N,,,Influenza A (H3),,2026-01-18,2026-01-10,2075 Bayview Ave,Sunnybrook Health Sciences Centre - Sunnybrook Veterans Centre - LTSW,LTCH,Respiratory,284
N,,,COVID-19,,2026-01-17,2026-01-10,3276 St. Clair Ave E,Unity Health Toronto - Houses of Providence - 3E,LTCH,Respiratory,285
N,,,Influenza A (Not subtyped),,2026-01-19,2026-01-09,3555 Danforth Ave,Chester Village - 2W,LTCH,Respiratory,286
N,,,Metapneumovirus,,2026-01-25,2026-01-09,52 Neilson Drive,Dom Lipa Long-Term Care - 1 West Unit,LTCH,Respiratory,287
N,,,Respiratory syncytial virus,,2026-01-14,2026-01-09,3015 Lawrence Ave E,Rockcliffe Care Community - Ground Fl,LTCH,Respiratory,288
N,,,COVID-19,,2026-01-17,2026-01-09,3276 St. Clair Ave E,Unity Health Toronto - Houses of Providence - 2E,LTCH,Respiratory,289
N,,,Influenza A (Not subtyped),,2026-01-13,2026-01-08,28 Halton St,Maynard Nursing Home - 1st Fl,LTCH,Respiratory,290
N,,,Respiratory syncytial virus,,2026-01-12,2026-01-08,33 Christie St,The O'Neil Centre - 2nd Fl,LTCH,Respiratory,291
N,,,COVID-19,,2026-01-22,2026-01-08,400 The West Mall,Wesburn Manor - 3 North,LTCH,Respiratory,292
N,,,COVID-19,,2026-01-16,2026-01-07,1800 O'Connor Drive,Fountain View Care Community - Terrace 1A,LTCH,Respiratory,293
N,,,Enterovirus/ Rhinovirus,,2026-01-09,2026-01-07,795 Eglinton Ave E,Suomi Koti Nursing Home - 7th Fl,LTCH,Respiratory,294
N,,,Norovirus,,2026-01-16,2026-01-07,555 University Ave,The Hospital for Sick Children - 4D,Hospital-Acute Care,Enteric,295
N,,,Respiratory syncytial virus,,2026-01-16,2026-01-07,130 Dunn Ave,Toronto Rehabilitation Institute - Bickle Centre - South 5,Hospital-Chronic Care,Respiratory,296
N,,,Respiratory syncytial virus,,2026-01-29,2026-01-06,306 Finch Ave E,"Carefree Lodge - 2 West, 2 North & 2 East",LTCH,Respiratory,297
N,,,COVID-19,,2026-01-14,2026-01-06,66 Roncesvalles Ave,Copernicus Lodge - 4th Fl South,LTCH,Respiratory,298
N,,,Parainfluenza,,2026-01-20,2026-01-06,2 Green Belt Dr,Don Mills Retirement Residence - 4th Fl,Retirement Home,Respiratory,299
N,,,Influenza A (H3),,2026-01-19,2026-01-06,1000 Ellesmere Rd,Fieldstone Commons - 4A,LTCH,Respiratory,300
N,,,COVID-19,,2026-01-25,2026-01-06,3015 Lawrence Ave E,Rockcliffe Care Community - 3rd Fl,LTCH,Respiratory,301
N,,,Influenza A (Not subtyped),,2026-01-08,2026-01-06,25 Brunswick Ave,The Kensington Gardens - South Building - 2 East,LTCH,Respiratory,302
N,,,Coronavirus*,,2026-01-19,2026-01-06,59 Lawson Rd,Tony Stacey Centre for Veterans' Care - 2nd Fl,LTCH,Respiratory,303
N,,,COVID-19,,2026-01-18,2026-01-06,541 Finch Ave W,Valleyview Residence - 3E,LTCH,Respiratory,304
N,,,COVID-19,,2026-01-13,2026-01-05,1001 Queen St W,Centre for Addiction & Mental Health - WGFU & PRT 3,Hospital-Psychiatric,Respiratory,305
N,,,Parainfluenza,,2026-01-14,2026-01-05,2411 Lawrence Ave E,Hellenic Home - Scarborough - 3B,LTCH,Respiratory,306
N,,,COVID-19,,2026-01-17,2026-01-05,767 Royal York Rd,Ivan Franko Home - 1W,LTCH,Respiratory,307
N,,,Parainfluenza,,2026-01-16,2026-01-05,45 Brunswick Ave,The Kensington Gardens - North Building - 2 West,LTCH,Respiratory,308
N,,,COVID-19,,2026-01-15,2026-01-05,160 Wellesley St E,The Rekai Centre at Wellesley Central Place - 2 East,LTCH,Respiratory,309
N,,,Respiratory syncytial virus,,2026-02-07,2026-01-05,140 Sherway Dr,Trillium Health Partners - McCall Centre for Continuing Care - 2nd Fl,Hospital-Chronic Care,Respiratory,310
N,,,COVID-19,,2026-01-14,2026-01-05,130 Dunn Ave,UHN - Toronto Rehabilitation Institute - Bickle Centre - South  4,Hospital-Chronic Care,Respiratory,311
N,,,Influenza A (H3),,2026-01-14,2026-01-04,351 Christie St,Castleview Wychwood Towers - 6th Fl,LTCH,Respiratory,312
N,,,Norovirus,,2026-01-19,2026-01-04,520 Markham Rd,"Cedarbrook Lodge Retirement Residence - 2nd, 3rd, 4th & 5th Fl",Retirement Home,Enteric,313
N,,,COVID-19,,2026-01-17,2026-01-04,2233 Kipling Ave,Kipling Acres - Smithfield Unit,LTCH,Respiratory,314
N,,,Influenza A (H3),,2026-01-11,2026-01-04,2075 Bayview Ave,Sunnybrook Health Sciences Centre - C6,Hospital-Acute Care,Respiratory,315
N,,,Influenza A (H3),,2026-01-12,2026-01-03,340 McCowan Rd,Age Care Trilogy - 3rd Fl Mapleview,LTCH,Respiratory,316
N,,,COVID-19,,2026-01-21,2026-01-03,1000 Ellesmere Rd,Fieldstone Commons Care Community - 3A & 3B,LTCH,Respiratory,317
N,,,Influenza A (Not subtyped),,2026-01-18,2026-01-03,2045 Finch Ave W,Hawthorne Place Care Centre - 1st & 2nd Fl,LTCH,Respiratory,318
N,,,COVID-19,,2026-01-14,2026-01-03,28 Halton St,Maynard Nursing Home,LTCH,Respiratory,319
N,,,Influenza A (Not subtyped),,2026-01-12,2026-01-03,101 Humber College Blvd,William Osler Health System - Etobicoke General Hospital - 6 West,Hospital-Acute Care,Respiratory,320
N,,,Influenza A (H1N1),,2026-01-19,2026-01-02,1955 Steeles Ave E,Chartwell Gibson Retirement Residences,Retirement Home,Respiratory,321
N,,,Influenza A (Not subtyped),,2026-01-13,2026-01-02,66 Roncesvalles Ave,Copernicus Lodge - 4th Fl South,LTCH,Respiratory,322
N,,,Influenza A (Not subtyped),,2026-01-18,2026-01-02,102 Craiglee Dr,Craiglee Nursing Home - 2E,LTCH,Respiratory,323
N,,,COVID-19,,2026-01-17,2026-01-02,205 Cummer Ave,Cummer Lodge - 3 South,LTCH,Respiratory,324
N,,,Influenza A (Not subtyped),,2026-01-15,2026-01-02,70 Humberline Dr,Deerwood Creek Community - 2A,LTCH,Respiratory,325
N,,,Respiratory syncytial virus,,2026-01-12,2026-01-02,111 Avenue Rd,Hazelton Place Retirement Residence,Retirement Home,Respiratory,326
N,,,Influenza A (H3),,2026-01-17,2026-01-02,3197 Lakeshore Blvd W,Lakeshore Lodge,LTCH,Respiratory,327
N,,,Influenza A (Not subtyped),,2026-01-10,2026-01-02,1 Kenton Dr,One Kenton Place - 2nd & 4th Fl,Retirement Home,Respiratory,328
N,,,Respiratory syncytial virus,,2026-01-09,2026-01-02,625 Runnymede Rd,Runnymede Healthcare Centre - 3 West,Hospital-Chronic Care,Respiratory,329
N,,,Influenza A (H3),,2026-01-15,2026-01-02,60 Scottfield Dr,Yee Hong Centre - Scarborough Finch - 2nd Fl,LTCH,Respiratory,330
N,,,Influenza A (Not subtyped),,2026-01-15,2026-01-01,70 Humberline Dr,Deerwood Creek Community - 2B & 3B,LTCH,Respiratory,331
N,,,Influenza A (H3),,2026-01-08,2026-01-01,555 Finch Ave W,North York General Hospital - RCC Branson Finch Site - 2nd Fl,Hospital-Chronic Care,Respiratory,332
N,,,Influenza A (H3),,2026-01-07,2025-12-31,4001 Leslie St,North York General Hospital - 4W,Hospital-Acute Care,Respiratory,1
N,,,Influenza A (H3),,2026-01-19,2025-12-31,3015 Lawrence Ave E,"Rockcliffe Care Community - Ground, 1st & 2nd Fl Primrose",LTCH,Respiratory,2
N,,,Influenza A (Not subtyped),,2026-01-09,2025-12-30,55 Belmont St,Belmont House Long Term Care - 4 West,LTCH,Respiratory,3
N,,,Unable to identify,,2026-01-08,2025-12-30,65 Livingston Rd,Guildwood Retirement Residence,Retirement Home,Respiratory,4
N,,,Parainfluenza,,2026-01-14,2025-12-30,1400 Kennedy Rd,Kennedy Lodge - Main North & 3rd Fl North,LTCH,Respiratory,5
N,,,Influenza A (Not subtyped),,2026-01-06,2025-12-30,61 Fairfax Cres,Presentation Manor - 2nd Fl,Retirement Home,Respiratory,6
N,,,Influenza A (Not subtyped),,2026-01-04,2025-12-30,625 Runnymede Rd,Runnymede Healthcare Centre - 2W,Hospital-Chronic Care,Respiratory,7
N,,,Influenza A (Not subtyped),,2026-01-09,2025-12-30,795 Eglinton Ave E,Suomi-Koti Toronto Nursing Home - 7th Fl,LTCH,Respiratory,8
N,,,Enterovirus/ Rhinovirus,,2026-01-15,2025-12-30,541 Finch Ave W,Valleyview Residence - 2E,LTCH,Respiratory,9
N,,,Influenza A (Not subtyped),,2026-01-06,2025-12-29,19 Rean Dr,Amica Bayview Gardens Retirement Residence - 6th Fl,Retirement Home,Respiratory,10
N,,,Influenza A (Not subtyped),,2026-01-07,2025-12-29,3595 Keele St,Downsview Long Term Care Centre - 1 Centre,LTCH,Respiratory,11
N,,,Influenza A (Not subtyped),,2026-01-08,2025-12-29,111 Avenue Rd,"Hazelton Place Retirement Residence - 4th, 5th & 7th Fl",Retirement Home,Respiratory,12
N,,,COVID-19,,2026-01-04,2025-12-29,1235 Wilson Ave,Humber River Hospital - 9E,Hospital-Acute Care,Respiratory,13
N,,,Influenza A (H3),,2026-01-05,2025-12-29,4001 Leslie St,North York General Hospital - 3N,Hospital-Acute Care,Respiratory,14
N,,,Influenza A (Not subtyped),,2026-01-07,2025-12-29,2111 Finch Ave W,Southlake Regional Health Ctre - RCC Finch Site - 5E,Hospital-Chronic Care,Respiratory,15
N,,,Influenza A (H3),,2026-01-14,2025-12-29,1860 Lawrence Ave E,The Wexford - 7th Fl,LTCH,Respiratory,16
N,,,Influenza A (Not subtyped),,2026-01-16,2025-12-29,1145 Albion Rd,Westside Long-Term Care Home,LTCH,Respiratory,17
N,,,Influenza A (H3),,2026-01-06,2025-12-28,600 Melita Cres,Christie Gardens Apartment and Care - Cedarvale Neighbourhood,Retirement Home,Respiratory,18
N,,,Influenza A (Not subtyped),,2026-01-12,2025-12-28,122 Tyndall Ave,Norwood Nursing Home,LTCH,Respiratory,19
N,,,COVID-19,,2026-01-07,2025-12-28,130 Dunn Ave,Toronto Rehabilitation Institute - Bickle Centre - 3 South,Hospital-Chronic Care,Respiratory,20
N,,,COVID-19,,2026-01-14,2025-12-28,40 Playfair Ave,Villa Colombo Homes for the Aged - 5 Fidani,LTCH,Respiratory,21
N,,,Influenza A (Not subtyped),,2026-01-13,2025-12-27,5935 Bathurst St,Cheltenham Care Community,LTCH,Respiratory,22
N,,,Coronavirus*,,2026-01-02,2025-12-27,8 The Donway East,Donway Place - Independent Living - 1st & 2nd Fl,Retirement Home,Respiratory,23
N,,,COVID-19,,2026-01-13,2025-12-27,3595 Keele St,Downsview Long Term Care Centre - 1 Centre & 1 East,LTCH,Respiratory,24
N,,,Influenza A (Not subtyped),,2026-01-13,2025-12-27,60 Guildwood Pkwy,Extendicare Guildwood - West,LTCH,Respiratory,25
N,,,Influenza A (Not subtyped),,2026-01-04,2025-12-27,625 Runnymede Rd,Runnymede Healthcare Centre - 4 West Rehab,Hospital-Chronic Care,Respiratory,26
N,,,Influenza A (Not subtyped),,2026-01-05,2025-12-26,2100 Bloor St W,Chartwell Grenadier Retirement Residence - D Building - 3rd Fl,Retirement Home,Respiratory,27
N,,,Influenza A (Not subtyped),,2026-01-05,2025-12-26,25 Brunswick Ave,Kensington Gardens - South Building - 3 East,LTCH,Respiratory,28
N,,,Influenza A (Not subtyped),,2026-01-12,2025-12-26,5 Resurrection Rd,Labdara Lithuanian Nursing Home - 1st & 3rd Fl,LTCH,Respiratory,29
N,,,Influenza A (Not subtyped),,2026-01-02,2025-12-26,147 Elder St,Sage Care Retirement Residence - Unit E - 2nd & 3rd Fl,Retirement Home,Respiratory,30
N,,,Influenza A (Not subtyped),,2025-12-30,2025-12-26,59 Lawson Rd,Tony Stacey Centre for Veterans' Care - 2nd Fl,LTCH,Respiratory,31
N,,,Influenza A (Not subtyped),,2026-01-06,2025-12-26,399 Bathurst St,UHN - Toronto Western Hospital - 6AB,Hospital-Acute Care,Respiratory,32
N,,,Parainfluenza,,2026-01-08,2025-12-26,60 Scottfield Dr,Yee Hong Centre - Scarborough Finch - 6 North & 6 South,LTCH,Respiratory,33
N,,,Influenza A (Not subtyped),,2026-01-03,2025-12-25,625 Runnymede Rd,Runnymede Healthcare Centre - 2 East,Hospital-Chronic Care,Respiratory,34
N,,,Coronavirus*,,2026-01-02,2025-12-25,160 Wellesley St E,The Rekai Centre Wellesley Place - 3rd Fl East,LTCH,Respiratory,35
N,,,Influenza A (Not subtyped),,2026-01-07,2025-12-24,3560 Bathurst St,Baycrest Hospital - 6 East,Hospital-Chronic Care,Respiratory,36
N,,,Influenza A (Not subtyped),,2025-12-31,2025-12-24,1001 Queen St W,Centre for Addiction and Mental Health - MWS - 4th Fl,Hospital-Psychiatric,Respiratory,37
N,,,Influenza A (H3),,2026-01-02,2025-12-24,600 Melita Cres,Christie Gardens Apartment and Care - Seaton Neighborhood,LTCH,Respiratory,38
N,,,Influenza A (Not subtyped),,2026-01-02,2025-12-24,2 Green Belt Dr,Don Mills Retirement Residence - 4th Fl,Retirement Home,Respiratory,39
N,,,Influenza A (Not subtyped),,2026-01-06,2025-12-24,77 Main St,Main Street Terrace - 1st Fl,LTCH,Respiratory,40
N,,,Unable to identify,,2026-01-02,2025-12-24,3760 Sheppard Ave E,Shepherd Lodge,LTCH,Respiratory,41
N,,,Influenza A (H3),,2026-01-02,2025-12-24,399 Bathurst St,UHN - Toronto Western Hospital - 8A,Hospital-Acute Care,Respiratory,42
N,,,Influenza A (Not subtyped),,2025-12-31,2025-12-24,3276 St. Clair Ave E,UHT - Providence Healthcare - A5,Hospital-Chronic Care,Respiratory,43
N,,,Influenza A (H3),,2025-12-27,2025-12-23,1235 Wilson Ave,Humber River Health - 7E,Hospital-Acute Care,Respiratory,44
N,,,Influenza A (Not subtyped),,2025-12-31,2025-12-23,84 Davisville Ave,Meighen Retirement Residence,Retirement Home,Respiratory,45
N,,,Influenza A (H3),,2025-12-30,2025-12-23,4001 Leslie St,North York General Hospital - General Site - 6W,Hospital-Acute Care,Respiratory,46
N,,,Influenza A (H3),,2026-01-06,2025-12-23,2 Buchan Crt,North York General Hospital - Seniors' Health Centre - 3rd & 4th Fl,LTCH,Respiratory,47
N,,,Rhinovirus,,2025-12-24,2025-12-23,621 Runnymede Rd,Runnymede Long Term Care Home - 2 East,LTCH,Respiratory,48
N,,,Influenza A (Not subtyped),,2026-01-05,2025-12-23,9 Neilson Rd,Seven Oaks Long Term Care Centre - 4th Fl,LTCH,Respiratory,49
N,,,Influenza A (Not subtyped),,2026-01-05,2025-12-23,303 Queens Dr,Weston Gardens Transitional Care Unit - 2nd Fl,Retirement Home,Respiratory,50
N,,,Influenza A (Not subtyped),,2026-01-04,2025-12-22,1001 Queen St W,Centre for Addiction and Mental Health - Unit 3-5,Hospital-Psychiatric,Respiratory,51
N,,,Unable to identify,,2026-01-08,2025-12-22,5351 Yonge St,Delmanor Northtown - 5th Fl,Retirement Home,Respiratory,52
N,,,Influenza A (Not subtyped),,2026-01-02,2025-12-22,8 The Donway East,Donway Place - Independent Living - 4th Fl,Retirement Home,Respiratory,53
N,,,Influenza A (Not subtyped),,2026-01-17,2025-12-22,420 The East Mall,Eatonville Care Centre,LTCH,Respiratory,54
N,,,COVID-19,,2026-01-02,2025-12-22,14 Cross St,Fairview Nursing Home - 2nd Fl,LTCH,Respiratory,55
N,,,Influenza A (Not subtyped),,2025-12-29,2025-12-22,1400 Kennedy Rd,Kennedy Lodge Long Term Care Home - 1st Fl South,LTCH,Respiratory,56
N,,,Influenza A (Not subtyped),,2025-12-27,2025-12-22,30 The Queensway,St. Joseph's Health Centre - 2LM,Hospital-Acute Care,Respiratory,57
N,,,Influenza A (Not subtyped),,2025-12-30,2025-12-22,30 The Queensway,St. Joseph's Health Centre - 6M,Hospital-Acute Care,Respiratory,58
N,,,Influenza A (Not subtyped),,2025-12-29,2025-12-22,30 The Queensway,St. Joseph's Health Centre - 7M,Hospital-Acute Care,Respiratory,59
N,,,Influenza A (Not subtyped),,2025-12-31,2025-12-22,2075 Bayview Ave,Sunnybrook Health Sciences Centre - Sunnybrook Veterans Centre - LSSE,LTCH,Respiratory,60
N,,,Influenza A (H3),,2025-12-29,2025-12-21,600 University Ave,Mount Sinai Hospital - Unit 10S,Hospital-Acute Care,Respiratory,61
N,,,Rhinovirus,,2025-12-31,2025-12-20,439 Sherbourne St,Fudger House - 1W,LTCH,Respiratory,62
N,,,Influenza A (H1),,2026-01-02,2025-12-20,555 Finch Ave W,North York General Hospital - RCC Branson Site - 4th Fl,Hospital-Chronic Care,Respiratory,63
N,,,Enterovirus/ Rhinovirus,,2025-12-29,2025-12-19,306 Finch Ave E,Carefree Lodge - 1 West Willowdale,LTCH,Respiratory,64
N,,,COVID-19,,2026-01-10,2025-12-19,2601 Bayview Ave,Cedarhurst Dementia Care Home - 1st Fl West & East,Retirement Home,Respiratory,65
N,,,Influenza A (Not subtyped),,2026-01-07,2025-12-19,14 Cross St,Fairview Nursing Home - 1st & 2nd Fl,LTCH,Respiratory,66
N,,,Influenza A (Not subtyped),,2025-12-30,2025-12-19,1800 O'Connor Dr,Harmony Hills Care Community - 2A & 2B,LTCH,Respiratory,67
N,,,Influenza A (Not subtyped),,2025-12-29,2025-12-19,2109 Finch Ave W,Humber Meadows Long Term Care - 2nd Fl North Side,LTCH,Respiratory,68
N,,,Influenza A (Not subtyped),,2025-12-30,2025-12-19,30 The Queensway,St. Joseph's Health Centre - 3M,Hospital-Acute Care,Respiratory,69
N,,,Influenza A (Not subtyped),,2025-12-29,2025-12-19,345 Sherbourne St,The Rekai Centres - Sherbourne Place - 2nd Fl,LTCH,Respiratory,70
N,,,Influenza A (H3N2),,2026-01-01,2025-12-19,200 Elizabeth St,UHN - Toronto General Hospital - 6MA,Hospital-Acute Care,Respiratory,71
N,,,COVID-19,,2025-12-27,2025-12-19,399 Bathurst St,UHN - Toronto Western Hospital - 9B Fell,Hospital-Acute Care,Respiratory,72
N,,,Unable to identify,,2025-12-27,2025-12-18,15 Barberry Pl,Amica Bayview Village - 5th Fl,Retirement Home,Respiratory,73
N,,,COVID-19,,2025-12-31,2025-12-18,3560 Bathurst St,Baycrest Hospital - 4W,Hospital-Chronic Care,Respiratory,74
N,,,Influenza A (Not subtyped),,2026-01-06,2025-12-18,2920 Lawrence Ave E,Bendale Acres,LTCH,Respiratory,75
N,,,Influenza A (Not subtyped),,2025-12-29,2025-12-18,22 Norfinch Dr,Norfinch Care Community - 1A,LTCH,Respiratory,76
N,,,Influenza A (Not subtyped),,2025-12-30,2025-12-18,4650 Eglinton Ave W,Parkland on Eglinton West - 4th & 5th Fl,Retirement Home,Respiratory,77
N,,,COVID-19,,2026-01-05,2025-12-18,3015 Lawrence Ave E,Rockcliffe Care Community - 2nd Fl,LTCH,Respiratory,78
N,,,COVID-19,,2025-12-24,2025-12-18,625 Runnymede Rd,Runnymede Healthcare Centre - 3E,Hospital-Chronic Care,Respiratory,79
N,,,Respiratory syncytial virus,,2025-12-25,2025-12-18,625 Runnymede Rd,Runnymede Healthcare Centre - 3W,Hospital-Chronic Care,Respiratory,80
N,,,Influenza A (Not subtyped),,2025-12-27,2025-12-18,150 Sherway Dr,Trillium Health Partners - Queensway Health Centre - Ortho Unit,Hospital-Acute Care,Respiratory,81
N,,,Influenza A (Not subtyped),,2025-12-27,2025-12-18,40 Playfair Ave,Villa Colombo Homes for the Aged - 2 Fusco North,LTCH,Respiratory,82
N,,,Influenza A (Not subtyped),,2026-01-02,2025-12-17,1800 O'Connor Dr,Fountain View Care Community,LTCH,Respiratory,83
N,,,Influenza A (Not subtyped),,2025-12-30,2025-12-17,1 Northwestern Ave,Harold and Grace Baker Centre - 4th & 6th Fl,Retirement Home,Respiratory,84
N,,,Influenza A (H3),,2026-01-07,2025-12-17,40 Bell Estate Rd,Ina Grafton Gage Home,LTCH,Respiratory,85
N,,,Respiratory syncytial virus,,2025-12-31,2025-12-17,767 Royal York Rd,Ivan Franko Home - 2nd Fl West,LTCH,Respiratory,86
N,,,COVID-19,,2025-12-22,2025-12-17,3197 Lakeshore Blvd W,Lakeshore Lodge,LTCH,Respiratory,87
N,,,Respiratory syncytial virus,,2025-12-29,2025-12-17,3015 Lawrence Ave E,Rockcliffe Care Community - 2nd Fl Primrose & Poinsettia,LTCH,Respiratory,88
N,,,Unable to identify,,2025-12-29,2025-12-17,2245 Lawrence Ave W,"Village of Humber Heights - 2nd, 3th & 4th Fl",LTCH,Respiratory,89
N,,,Unable to identify,,2025-12-22,2025-12-16,3595 Keele St,Downsview Long Term Care Centre - 1 Centre,LTCH,Respiratory,90
N,,,Influenza A (H3),,2025-12-25,2025-12-16,2233 Kipling Ave,Kipling Acres - Alders Unit,LTCH,Respiratory,91
N,,,Unable to identify,,2026-01-02,2025-12-16,148 Markham Rd,Scarborough Retirement Residence,Retirement Home,Respiratory,92
N,,,Influenza A (Not subtyped),,2025-12-22,2025-12-15,19 Rean Dr,Amica Bayview Gardens Retirement Residence,LTCH,Respiratory,93
N,,,Influenza A (Not subtyped),,2025-12-24,2025-12-15,3560 Bathurst St,Baycrest Apotex Centre - Jewish Home for the Aged - 6RF,LTCH,Respiratory,94
N,,,Influenza A (Not subtyped),,2025-12-20,2025-12-15,1 Canterbury Pl,Canterbury Place Retirement Residence - 16th Fl,Retirement Home,Respiratory,95
N,,,Respiratory syncytial virus,,2025-12-25,2025-12-15,1001 Queen St W,Centre for Addiction and Mental Health - Unit 1-2,Hospital-Psychiatric,Respiratory,96
N,,,Influenza A (Not subtyped),,2025-12-25,2025-12-15,1001 Queen St W,Centre for Addiction and Mental Health - Unit 1-3,Hospital-Psychiatric,Respiratory,97
N,,,Influenza A (H3),,2025-12-27,2025-12-15,550 Cummer Ave,Extendicare Bayview,LTCH,Respiratory,98
N,,,Parainfluenza,,2025-12-23,2025-12-15,1925 Steeles Ave E,Gibson Long Term Care Residence - 3rd Fl,LTCH,Respiratory,99
N,,,Coronavirus*,,2025-12-30,2025-12-15,1 Northwestern Ave,Harold and Grace Baker Centre - 3rd Fl,Retirement Home,Respiratory,100
N,,,Influenza A (H3),,2026-01-05,2025-12-15,2411 Lawrence Ave E,Hellenic Home for the Aged,LTCH,Respiratory,101
N,,,Influenza A (Not subtyped),,2025-12-24,2025-12-15,2001 Leslie St,North York General Hospital - 7N,Hospital-Acute Care,Respiratory,102
N,,,Influenza A (H3),,2025-12-28,2025-12-15,148 Markham Rd,Scarborough Retirement Residence - 7th Fl,Retirement Home,Respiratory,103
N,,,Influenza A (Not subtyped),,2026-01-02,2025-12-15,303 Queens Dr,Weston Gardens Retirement Residence,LTCH,Respiratory,104
N,,,Influenza A (H3),,2025-12-23,2025-12-14,1001 Queen St W,Centre for Addiction and Mental Health - Unit 1-2,Hospital-Psychiatric,Respiratory,105
N,,,Unable to identify,,2025-12-22,2025-12-14,40 Playfair Ave,Villa Colombo Homes for the Aged - 2nd Fl Fidani,LTCH,Respiratory,106
N,,,Influenza A (Not subtyped),,2025-12-21,2025-12-12,215 Tyrell Ave,Hellenic Care for Seniors - Ground Fl,LTCH,Respiratory,107
N,,,Influenza A (H3),,2025-12-22,2025-12-12,740 Pape Ave,Nisbet Lodge - 5th Fl,LTCH,Respiratory,108
N,,,COVID-19,,2025-12-12,2025-12-12,740 Pape Ave,Nisbet Lodge - 7th Fl,LTCH,Respiratory,109
N,,,Influenza A (H3),,2025-12-29,2025-12-12,2701 St. Clair Ave E,St. Clair O'Connor - 3rd Fl,LTCH,Respiratory,110
N,,,Influenza A (Not subtyped),,2025-12-25,2025-12-12,55 Ameer Ave,"Terraces of Baycrest Retirement Residence - 1st, 2nd, 3rd, 6th, 7th, 9th & 10th Fl",Retirement Home,Respiratory,111
N,,,Respiratory syncytial virus,,2025-12-30,2025-12-12,2245 Lawrence Ave W,Village of Humber Heights - 3rd Fl,LTCH,Respiratory,112
N,,,Influenza A (Not subtyped),,2025-12-22,2025-12-11,3595 Keele St,Downsview Long Term Care Centre - 1 Centre & 2 Centre,LTCH,Respiratory,113
N,,,Influenza A (H1N1),,2025-12-31,2025-12-11,40 Old Kingston Rd,Ehatare Nursing Home - 4th Fl,LTCH,Respiratory,114
N,,,Influenza A (Not subtyped),,2025-12-19,2025-12-11,621 Runnymede Rd,Runnymede Long Term Care Home - 2 West,LTCH,Respiratory,115
N,,,Enterovirus/ Rhinovirus,,2025-12-25,2025-12-11,2075 Bayview Ave,Sunnybrook Health Sciences Centre - Sunnybrook Veterans Centre - LGSW,LTCH,Respiratory,116
N,,,Influenza A (Not subtyped),,2025-12-30,2025-12-11,2245 Lawrence Ave W,The Village of Humber Heights,LTCH,Respiratory,117
N,,,COVID-19,,2025-12-20,2025-12-11,400 The West Mall,Wesburn Manor - 3 South,LTCH,Respiratory,118
N,,,Influenza A (H3),,2025-12-26,2025-12-10,495 The West Mall,AgeCare Westbury Long Term Care Residence - 5th Fl,LTCH,Respiratory,119
N,,,Rhinovirus,,2025-12-20,2025-12-10,306 Finch Ave E,Carefree Lodge Long Term Care Home - 1st Fl,LTCH,Respiratory,120
N,,,Unable to identify,,2025-12-26,2025-12-10,520 Markham Rd,Cedarbrook Transitional Care Unit,Retirement Home,Respiratory,121
N,,,Influenza A (Not subtyped),,2025-12-25,2025-12-10,1 Northwestern Ave,Harold and Grace Baker Centre - C Wing,LTCH,Respiratory,122
N,,,Norovirus,,2025-12-19,2025-12-10,150 Kilgour Rd,Holland Bloorview Kids Rehabilitation Hospital - 3E Complex Care Unit,Hospital-Chronic Care,Enteric,123
N,,,COVID-19,,2026-01-04,2025-12-10,500 Kingston Rd,TEHN - Atrium at Kew Beach - 1st & 3rd Fl,Hospital-Chronic Care,Respiratory,124
N,,,Unable to identify,,2025-12-22,2025-12-10,155 Emmett Ave,UHN - West Park Long Term Care Centre - Humber & York,LTCH,Respiratory,125
N,,,Enterovirus/ Rhinovirus,,2025-12-25,2025-12-10,155 Emmett Ave,UHN - West Park Long Term Care Centre - Weston & Mulholland,LTCH,Respiratory,126
N,,,COVID-19,,2026-01-05,2025-12-10,76 St. Clair Ave E,Unity Health Toronto - Providence Healthcare - A4,Hospital-Chronic Care,Respiratory,127
N,,,Influenza A (Not subtyped),,2025-12-22,2025-12-10,3276 St. Clair Ave E,Unity Health Toronto - Providence Healthcare - A4,Hospital-Chronic Care,Respiratory,128
N,,,Unable to identify,,2025-12-19,2025-12-09,495 The West Mall,AgeCare Westbury Long Term Care Residence - 4th Fl,LTCH,Respiratory,129
N,,,COVID-19,,2025-12-21,2025-12-09,1 Overland Dr,Better Living at Thompson House - 3rd Fl,LTCH,Respiratory,130
N,,,Coronavirus*,,2025-12-19,2025-12-09,1 Canterbury Pl,"Canterbury Place Retirement Residence - 4th, 6th, 8th, 11th & 13th Fl",Retirement Home,Respiratory,131
N,,,Influenza A (H3),,2025-12-24,2025-12-09,9 Neilson Rd,Seven Oaks - 3rd & 5th Fl,LTCH,Respiratory,132
N,,,Influenza A (Not subtyped),,2025-12-17,2025-12-09,101 Humber College Blvd,William Osler Health System - Etobicoke General Hospital - 8W,Hospital-Acute Care,Respiratory,133
N,,,COVID-19,,2025-12-17,2025-12-08,495 The West Mall,Agecare Westbury Long Term Care Residence - 8th Fl,LTCH,Respiratory,134
N,,,Influenza A (Not subtyped),,2025-12-16,2025-12-08,3560 Bathurst St,Baycrest Apotex Centre - Jewish Home for the Aged - 4GS,LTCH,Respiratory,135
N,,,Influenza A (H3),,2025-12-14,2025-12-08,1000 Ellesmere Rd,Fieldstone Commons Care Community - 2A,LTCH,Respiratory,136
N,,,COVID-19,,2025-12-21,2025-12-08,92 Island Rd,"Glen Rouge Community - 1st Fl - Wing 1, 2 & 3",LTCH,Respiratory,137
N,,,COVID-19,,2025-12-10,2025-12-08,1235 Wilson Ave,Humber River Hospital - 11 West,Hospital-Acute Care,Respiratory,138
N,,,Influenza A (H3),,2025-12-23,2025-12-08,2030 McNicoll Ave,Mon Sheong Scarborough - GF-SU & SPH,LTCH,Respiratory,139
N,,,Influenza A (Not subtyped),,2025-12-23,2025-12-08,221 Milner Ave,Sts. Peter and Paul Residence,Retirement Home,Respiratory,140
N,,,Influenza A (H3),,2025-12-24,2025-12-08,2075 Bayview Ave,Sunnybrook Health Sciences Centre - Sunnybrook Veterans Centre - LTSW,LTCH,Respiratory,141
N,,,COVID-19,,2025-12-18,2025-12-08,123 Spadina Rd,The Annex - 3rd Fl,Retirement Home,Respiratory,142
N,,,COVID-19,,2025-12-14,2025-12-08,650 Church St,The Salvation Army - Toronto Grace Health Centre - 4th Fl,Hospital-Chronic Care,Respiratory,143
N,,,Influenza A (Not subtyped),,2025-12-22,2025-12-08,130 Dunn Ave,UHN - Toronto Rehabilitation Institute - Bickle Centre - North 5,Hospital-Chronic Care,Respiratory,144
N,,,COVID-19,,2025-12-23,2025-12-08,30 The Queensway Quay,Unity Health Toronto  - St. Joseph's Health Centre - 4M,Hospital-Acute Care,Respiratory,145
N,,,COVID-19,,2025-12-18,2025-12-08,30 The Queensway,Unity Health Toronto - St. Joseph's Health Centre - 6G,Hospital-Acute Care,Respiratory,146
N,,,Influenza A (Not subtyped),,2025-12-17,2025-12-07,40 Playfair Ave,Villa Colombo Homes For The Aged - 3 Fusco South,LTCH,Respiratory,147
N,,,COVID-19,,2025-12-29,2025-12-06,351 Christie St,Castleview Wychwood Towers - 5 West,LTCH,Respiratory,148
N,,,Influenza A (H3),,2025-12-15,2025-12-06,351 Christie St,Castleview Wychwood Towers - 5th Fl C Wing,LTCH,Respiratory,149
N,,,Influenza A (Not subtyped),,2025-12-24,2025-12-06,3276 St. Clair Ave E,House of Providence - HOP 1E,LTCH,Respiratory,150
N,,,Influenza A (Not subtyped),,2025-12-24,2025-12-06,3276 St. Clair Ave E,House of Providence - HOP 2E,LTCH,Respiratory,151
N,,,Influenza A (Not subtyped),,2025-12-24,2025-12-06,3276 St. Clair Ave E,House of Providence - HOP 4E,LTCH,Respiratory,152
N,,,Influenza A (Not subtyped),,2025-12-12,2025-12-05,3560 Bathurst St,Baycrest Hospital - H7E,Hospital-Chronic Care,Respiratory,153
N,,,Rhinovirus,,2025-12-14,2025-12-05,351 Christie St,Castleview Wychwood Towers - 7th Fl,LTCH,Respiratory,154
N,,,Influenza A (Not subtyped),,2025-12-19,2025-12-05,1800 O'Connor Dr,Harmony Hills Care Community - 3A Rainbow Valley,LTCH,Respiratory,155
N,,,COVID-19,,2025-12-27,2025-12-05,2111 Finch Ave W,Humber River Hospital - RCC Finch Site - F3E,Hospital-Chronic Care,Respiratory,156
N,,,Coronavirus*,,2025-12-15,2025-12-05,1145 Albion Rd,Westside Long Term Care Home - 2nd & 4th Fl,LTCH,Respiratory,157
N,,,COVID-19,,2025-12-22,2025-12-04,520 Markham Rd,Cedarbrook Transitional Care Unit - 6th Fl,Retirement Home,Respiratory,158
N,,,Influenza A (Not subtyped),,2025-12-16,2025-12-04,1925 Steeles Ave E,Gibson Long Term Care Residence - 3rd Fl,LTCH,Respiratory,159
N,,,Unable to identify,,2025-12-13,2025-12-03,340 McCowan Rd,Age Care Trilogy - 5th Fl,LTCH,Respiratory,160
N,,,Respiratory syncytial virus,,2025-12-12,2025-12-03,3595 Keele St,Downsview Long Term Care Centre - 2 Centre,LTCH,Respiratory,161
N,,,Influenza A (Not subtyped),,2025-12-15,2025-12-03,3595 Keele St,Downsview Long Term Care Centre - 2 North,LTCH,Respiratory,162
N,,,COVID-19,,2025-12-19,2025-12-03,3830 Lawrence Ave E,Extendicare Scarborough - 2nd Fl,LTCH,Respiratory,163
N,,,Unable to identify,,2025-12-30,2025-12-03,1800 O'Connor Dr,"Harmony Hills Care Community - 1A, 2A, 2B & 3A",LTCH,Respiratory,164
N,,,COVID-19,,2025-12-16,2025-12-03,285 Cummer Ave,SHSC - St. John's Rehabilitation Hospital - A3,Hospital-Chronic Care,Respiratory,165
N,,,Respiratory syncytial virus,,2025-12-11,2025-12-03,2701 St Clair Ave E,St. Clair O'Connor - 3rd Fl,LTCH,Respiratory,166
N,,,Unable to identify,,2025-12-13,2025-12-03,65 Livingston Rd,Venvi Guildwood Retirement Residence - 2nd Fl Memory Care,Retirement Home,Enteric,167
N,,,Influenza A (Not subtyped),,2025-12-11,2025-12-03,101 Humber College Blvd,William Osler Health System - Etobicoke General Hospital - 9E,Hospital-Acute Care,Respiratory,168
N,,,Influenza A (Not subtyped),,2025-12-13,2025-12-02,76 Silversted Dr,Bethseda Home - 2nd Fl,Retirement Home,Respiratory,169
N,,,Influenza A (Not subtyped),,2025-12-12,2025-12-02,2111 Finch Ave W,Humber River Hospital - Finch Site - F3E,Hospital-Chronic Care,Respiratory,170
N,,,COVID-19,,2025-12-16,2025-12-02,200 Church St,William Osler Health System - Church Site - 5th Fl,Hospital-Chronic Care,Respiratory,171
N,,,COVID-19,,2025-12-16,2025-12-01,866 Sheppard Ave W,Aspira Kensington Place Retirement Living - 6th Fl,Retirement Home,Respiratory,172
N,,,Influenza A (H3),,2025-12-12,2025-12-01,3830 Lawrence Ave E,Extendicare Scarborough - 1st Fl,LTCH,Respiratory,173
N,,,Influenza A (Not subtyped),,2025-12-10,2025-12-01,3050 Lawrence Ave E,Scarborough Health Network - General Hospital - T7,Hospital-Acute Care,Respiratory,174
N,,,Influenza A (Not subtyped),,2025-12-24,2025-12-01,3276 St. Clair Ave E,Unity Health Toronto - Houses of Providence - HOP 3 East,LTCH,Respiratory,175
N,,,Influenza A (H3),,2025-12-15,2025-11-30,200 Dawes Rd,True Davidson Acres - 5th Fl East,LTCH,Respiratory,176
N,,,Influenza A (Not subtyped),,2025-12-08,2025-11-30,101 Humber College Blvd,William Osler Health System - Etobicoke General Hospital - 9W,Hospital-Acute Care,Respiratory,177
N,,,COVID-19,,2025-12-10,2025-11-29,1925 Steeles Ave E,Gibson Long Term Care Residence - 1st Fl,LTCH,Respiratory,178
N,,,COVID-19,,2025-12-08,2025-11-28,306 Finch Ave E,Carefree Lodge Long Term Care Home - 2nd Fl,LTCH,Respiratory,179
N,,,COVID-19,,2025-12-08,2025-11-28,1001 Queen St W,Centre for Addiction and Mental Health - Unit 3-2,Hospital-Psychiatric,Respiratory,180
N,,,Influenza A (Not subtyped),,2025-12-03,2025-11-28,25 Brunswick Ave,Kensington Gardens (North Building) - 1 West,LTCH,Respiratory,181
N,,,Influenza A (H3),,2025-12-17,2025-11-28,200 Dawes Rd,True Davidson Acres - 4th Fl,LTCH,Respiratory,182
N,,,COVID-19,,2025-12-11,2025-11-27,65 Livingston Rd,Venvi Guildwood Retirement Residence,Retirement Home,Respiratory,183
N,,,Parainfluenza,,2025-12-15,2025-11-27,2245 Lawrence Ave W,Village of Humber Heights - Williamsburg East Neighborhood,Retirement Home,Respiratory,184
N,,,Coronavirus*,,2025-12-13,2025-11-26,1 Northwestern Ave,Harold and Grace Baker Centre - A-Wing,LTCH,Respiratory,185
N,,,COVID-19,,2025-12-04,2025-11-26,1235 Wilson Ave,Humber River Hospital - 13 East,Hospital-Acute Care,Respiratory,186
N,,,Influenza A (Not subtyped),,2025-12-04,2025-11-26,1235 Wilson Ave,Humber River Hospital - 13 East,Hospital-Acute Care,Respiratory,187
N,,,Rhinovirus,,2025-12-02,2025-11-26,521 Finch Ave W,Valleyview Residence - 3 East,LTCH,Respiratory,188
N,,,COVID-19,,2025-12-06,2025-11-25,400 The West Mall,Wesburn Manor - 2nd Fl (2N & 2S),LTCH,Respiratory,189
N,,,COVID-19,,2025-12-12,2025-11-23,520 Markham Rd,Cedarbrook Lodge Retirement Residence - 2nd & 3rd Fl,Retirement Home,Respiratory,190
N,,,Norovirus,,2025-12-18,2025-11-22,2121 Kingston Rd,Retirement Suites by the Lake,Retirement Home,Enteric,191
N,,,Influenza A (H3),,2025-12-01,2025-11-22,610 University Ave,UHN - Princess Margaret Hospital - 15C,Hospital-Acute Care,Respiratory,192
N,,,Influenza A (Not subtyped),,2025-12-12,2025-11-21,2109 Finch Ave W,Humber Meadows,LTCH,Respiratory,193
N,,,COVID-19,,2025-12-14,2025-11-21,1860 Lawrence Ave E,The Wexford - 2nd & 3rd Fl,LTCH,Respiratory,194
N,,,COVID-19,,2025-11-28,2025-11-20,2100 Bloor St W,Chartwell Grenadier Retirement Residence - Building C - 3rd Fl,Retirement Home,Respiratory,195
N,,,Rhinovirus,,2025-12-01,2025-11-20,40 Bell Estate Rd,Ina Grafton Gage Home - 4th Fl,LTCH,Respiratory,196
N,,,COVID-19,,2025-11-27,2025-11-20,650 Church St,The Salvation Army - Toronto Grace Health Centre - 5th Fl,Hospital-Chronic Care,Respiratory,197
N,,,COVID-19,,2025-11-26,2025-11-19,1001 Queen St W,Centre for Addiction and Mental Health - GAU-A,Hospital-Psychiatric,Respiratory,198
N,,,COVID-19,,2025-11-28,2025-11-19,600 University Ave,Sinai Health System - Mount Sinai Hospital - 10N,Hospital-Acute Care,Respiratory,199
N,,,Unable to identify,,2025-11-28,2025-11-19,3276 St. Clair Ave E,Unity Health Toronto - Houses of Providence - 3 West,LTCH,Respiratory,200
N,,,COVID-19,,2025-11-27,2025-11-18,541 Finch Ave W,Valleyview Residence - 2 West,LTCH,Respiratory,201
N,,,Rhinovirus,,2025-12-01,2025-11-18,40 Playfair Ave,Villa Colombo Homes for the Aged - 5 Fusco North,LTCH,Respiratory,202
N,,,COVID-19,,2025-11-28,2025-11-17,399 Bathurst St,UHN - Toronto Western Hospital - 8B,Hospital-Acute Care,Respiratory,203
N,,,COVID-19,,2025-11-25,2025-11-16,140 Sherway Dr,Trillium Health Partners - McCall Centre for Continuing Care - 3rd Fl,Hospital-Chronic Care,Respiratory,204
N,,,COVID-19,,2025-11-23,2025-11-15,3560 Bathurst St,Baycrest Hospital - 7 West,Hospital-Chronic Care,Respiratory,205
N,,,COVID-19,,2025-11-28,2025-11-14,40 Playfair Ave,Villa Colombo Homes for the Aged - 4 Fusco South,LTCH,Respiratory,206
N,,,Influenza A (Not subtyped),,2025-12-01,2025-11-14,160 Wellesley St E,Wellesley Central Place - 4 East,LTCH,Respiratory,207
N,,,COVID-19,,2025-11-25,2025-11-12,340 McCowan Rd,AgeCare Trilogy - 3rd Fl,LTCH,Respiratory,208
N,,,COVID-19,,2025-11-19,2025-11-12,1066 Avenue Rd,Amica on the Avenue - 3rd & 5th Fl,Retirement Home,Respiratory,209
N,,,Metapneumovirus,,2025-12-06,2025-11-12,1000 Ellesmere Rd,Fieldstone Commons Care Community - 4th Fl (B Side),LTCH,Respiratory,210
N,,,COVID-19,,2025-11-24,2025-11-12,1925 Steeles Ave E,Gibson Long Term Care Residence - 1st Fl,LTCH,Respiratory,211
N,,,Enterovirus/ Rhinovirus,,2025-11-26,2025-11-12,1400 Kennedy Rd,Kennedy Lodge - 3rd Fl (South Wing),LTCH,Respiratory,212
N,,,COVID-19,,2025-11-24,2025-11-12,3760 Sheppard Ave E,Shepherd Lodge - 2S & 2N,LTCH,Respiratory,213
N,,,CPE Colonization Enterobacter cloacae (VIM),,2025-11-28,2025-11-10,1235 Wilson Ave,Humber River Hospital - Wilson Site - 8 West,Hospital-Acute Care,Other,214
N,,,COVID-19,,2025-11-30,2025-11-10,95 Humber College Blvd,Humber Valley Terrace,LTCH,Respiratory,215
N,,,Parainfluenza,,2025-11-20,2025-11-09,225 St. George St,St. George Care Community - 4th Fl,LTCH,Respiratory,216
N,,,Enterovirus/ Rhinovirus,,2025-12-02,2025-11-08,40 Playfair Ave,Villa Colombo Homes for the Aged - 3 Fidani,LTCH,Respiratory,217
N,,,COVID-19,,2025-11-16,2025-11-08,170 Emmett Ave,West Park Healthcare Centre - 4D - Pod 1,Hospital-Chronic Care,Respiratory,218
N,,,COVID-19,,2025-12-01,2025-11-07,102 Craiglee Dr,Craiglee Nursing Home - 1 West & 3 West,LTCH,Respiratory,219
N,,,Enterovirus/ Rhinovirus,,2025-11-13,2025-11-06,2 Buchan Crt,North York General Hospital - Seniors' Health Centre - 4th Fl,LTCH,Respiratory,220
N,,,COVID-19,,2025-11-12,2025-11-05,3050 Lawrence Ave E,Scarborough Health Network - General Hospital - CP3,Hospital-Acute Care,Respiratory,221
N,,,Respiratory syncytial virus,,2025-11-15,2025-11-05,140 Sherway Dr,Trillium Health Partners - McCall Centre for Continuing Care - 4th Fl,Hospital-Chronic Care,Respiratory,222
N,,,Rhinovirus,,2025-11-12,2025-11-04,600 Melita Cres,Christie Gardens Retirement Home - Seaton & Annex Units,Retirement Home,Respiratory,223
N,,,Metapneumovirus,,2025-11-17,2025-11-04,1800 O'Connor Dr,Fountain View Care Community - Terrace 1A Unit,LTCH,Respiratory,224
N,,,Influenza A (Not subtyped),,2025-11-14,2025-11-03,537 Finch Ave W,Forestview Retirement Residence - 2nd & 5th Fl,Retirement Home,Respiratory,225
N,,,Respiratory syncytial virus,,2025-11-24,2025-11-03,740 Pape Ave,"Nisbet Lodge - 7th, 8th & 11th Fl",LTCH,Respiratory,226
N,,,COVID-19,,2025-11-07,2025-11-03,2005 Lawrence Ave W,Weston Terrace Care Community - 3B,LTCH,Respiratory,227
N,,,Norovirus,,2025-11-17,2025-11-01,340 McCowan Rd,"AgeCare Trilogy - 2nd, 6th & 7th Fl",LTCH,Enteric,228
N,,,Rhinovirus,,2025-11-09,2025-10-31,351 Christie St,Castleview Wychwood Towers - 2W,LTCH,Respiratory,229
N,,,Clostridium difficile,,2025-11-26,2025-10-31,825 Coxwell Ave,TEHN - Michael Garron Hospital - G6,Hospital-Acute Care,Enteric,230
N,,,Unable to identify,,2025-11-14,2025-10-30,70 Humberline Dr,Deerwood Creek Community - 2B,LTCH,Respiratory,231
N,,,COVID-19,,2025-11-12,2025-10-29,19 Rean Dr,Amica Bayview Gardens - 2nd Fl,Retirement Home,Respiratory,232
N,,,COVID-19,,2025-11-16,2025-10-29,3560 Bathurst St,Baycrest Hospital - 7 East,Hospital-Chronic Care,Respiratory,233
N,,,COVID-19,,2025-11-07,2025-10-29,2233 Kipling Ave,Kipling Acres - 3 South,LTCH,Respiratory,234
N,,,Influenza A (Not subtyped),,2025-11-10,2025-10-27,102 Craiglee Dr,Craiglee Nursing Home - East Wing,LTCH,Respiratory,235
N,,,COVID-19,,2025-11-15,2025-10-27,551 Conlins Rd,Extendicare Rouge Valley - 1st Fl Highland Creek & 3rd Fl Meadowvale,LTCH,Respiratory,236
N,,,COVID-19,,2025-11-12,2025-10-27,2411 Lawrence Ave E,Hellenic Home Scarborough,LTCH,Respiratory,237
N,,,Coronavirus*,,2025-11-07,2025-10-27,555 Finch Ave W,North York General Hospital - RCC Branson Site - 4th Fl,Hospital-Chronic Care,Respiratory,238
N,,,Influenza A (H3),,2025-11-10,2025-10-27,225 St. George St,St. George Care Community - 1st & 3rd Fl,LTCH,Respiratory,239
N,,,Unable to identify,,2025-11-02,2025-10-26,340 McCowan Rd,AgeCare Trilogy - 1st Fl Oakview,LTCH,Enteric,240
N,,,CPE Colonization Klebsiella pneumoniae (KPC),,2025-11-14,2025-10-24,2111 Finch Ave W,Southlake Regional Health Centre - RCC Finch Site - 5 East,Hospital-Chronic Care,Other,241
N,,,COVID-19,,2025-11-22,2025-10-23,4005 Eglinton Ave W,Chartwell Scarlett Heights Retirement Residence,Retirement Home,Respiratory,242
N,,,COVID-19,,2025-10-29,2025-10-23,66 Roncesvalles Ave,Copernicus Lodge - 6th Fl,LTCH,Respiratory,243
N,,,Unable to identify,,2025-10-31,2025-10-23,5 Resurrection Rd,Labdara Lithuanian Nursing Home - 1st Fl,LTCH,Respiratory,244
N,,,COVID-19,,2025-11-08,2025-10-22,2881 Eglinton Ave E,McCowan Retirement Residence,Retirement Home,Respiratory,245
N,,,Unable to identify,,2025-11-04,2025-10-21,25 Centennial Park Rd,Centennial Park Place,Retirement Home,Respiratory,246
N,,,COVID-19,,2025-11-13,2025-10-20,70 Humberline Dr,Deerwood Creek Community - 3A & 3B,LTCH,Respiratory,247
N,,,Parainfluenza,,2025-11-14,2025-10-20,1925 Steeles Ave E,Gibson Long Term Care Residence - 2nd & 4th Fl,LTCH,Respiratory,248
N,,,Parainfluenza,,2025-11-05,2025-10-20,2233 Kipling Ave,Kipling Acres - 2NW,LTCH,Respiratory,249
N,,,COVID-19,,2025-10-27,2025-10-19,2411 Lawrence Ave E,Hellenic Home Scarborough - 2B,LTCH,Respiratory,250
N,,,Enterovirus,Rhinovirus,2025-10-29,2025-10-19,40 Playfair Ave,Villa Colombo Homes for the Aged - 5 Fusco West Wing,LTCH,Respiratory,251
N,,,Rhinovirus,,2025-10-30,2025-10-18,541 Finch Ave W,Valleyview Residence - 2 East,LTCH,Respiratory,252
N,,,COVID-19,,2025-10-17,2025-10-15,1140 Bloor St W,New Horizons Tower - 12th Fl,Retirement Home,Respiratory,253
N,,,Unable to identify,,2025-10-29,2025-10-15,2245 Lawrence Ave W,Village of Humber Heights - 1st & 2nd Fl,LTCH,Respiratory,254
N,,,COVID-19,,2025-11-03,2025-10-15,2245 Lawrence Ave W,Village of Humber Heights Retirement Residence - Egerton & Williamsburg,Retirement Home,Respiratory,255
N,,,Rhinovirus,,2025-10-26,2025-10-14,1 Kenton Dr,One Kenton Place - 2nd & 4th Fl,Retirement Home,Respiratory,256
N,,,Unable to identify,,2025-10-27,2025-10-14,60 Scottfield Dr,Yee Hong Centre - Scarborough Finch - 2nd Fl,LTCH,Respiratory,257
N,,,Metapneumovirus,,2025-10-30,2025-10-13,400 The West Mall,Wesburn Manor - 2S & 4N,LTCH,Respiratory,258
N,,,COVID-19,,2025-10-28,2025-10-12,205 Cummer Ave,Cummer Lodge - 2 South,LTCH,Respiratory,259
N,,,Unable to identify,,2025-10-18,2025-10-10,1001 Queen St W,Centre for Addiction and Mental Health - PRT8,Hospital-Psychiatric,Respiratory,260
N,,,CPE Colonization Klebsiella oxytoca (NDM),,2025-11-19,2025-10-10,101 Humber College Blvd,William Osler Health System - Etobicoke General Hospital - 10E,Hospital-Acute Care,Other,261
N,,,Enterovirus,Rhinovirus,2025-10-23,2025-10-09,22 Norfinch Dr,Norfinch Care Community - 3A & 3B,LTCH,Respiratory,262
N,,,COVID-19,,2025-10-16,2025-10-09,600 University Ave,Sinai Health System - Mount Sinai Hospital - 12N,Hospital-Acute Care,Respiratory,263
N,,,COVID-19,,2025-10-17,2025-10-08,111 Avenue Rd,Hazelton Place Retirement Residence - 2nd Fl,Retirement Home,Respiratory,264
N,,,Enterovirus/ Rhinovirus,,2025-10-23,2025-10-07,2100 Bloor St W,Chartwell Grenadier Retirement Residence - Building A - 2nd Fl (Assisted Living),Retirement Home,Respiratory,265
N,,,COVID-19,,2025-10-16,2025-10-07,550 University Ave,Toronto Rehabilitation Institute - University Centre - 7 South,Hospital-Chronic Care,Respiratory,266
N,,,Unable to identify,,2025-10-17,2025-10-06,2411 Lawrence Ave E,Hellenic Home Scarborough - 3B,LTCH,Respiratory,267
N,,,COVID-19,,2025-10-20,2025-10-06,2233 Kipling Ave,Kipling Acres - 3N,LTCH,Respiratory,268
N,,,Enterovirus/ Rhinovirus,,2025-10-21,2025-10-05,28 Halton St,Maynard Nursing Home - 1st (Bellwoods) & 2nd (Trinity) Fl,LTCH,Respiratory,269
N,,,COVID-19,,2025-10-17,2025-10-05,22 Norfinch Dr,Norfinch Care Community - 3rd Fl,LTCH,Respiratory,270
N,,,Parainfluenza,,2025-10-16,2025-10-03,25 Brunswick Ave,The Kensington Gardens (South Building) - 1st Fl (South 1 East Wing),LTCH,Respiratory,271
N,,,COVID-19,,2025-10-14,2025-10-02,5935 Bathurst St,Cheltenham Care Community - 2N,LTCH,Respiratory,272
N,,,COVID-19,,2025-10-08,2025-10-02,66 Roncesvalles Ave,Copernicus Lodge - 2 South,LTCH,Respiratory,273
N,,,Rhinovirus,,2025-10-25,2025-10-01,866 Sheppard Ave W,"Aspira Kensington Place Retirement Living - 2nd, 4th & 5th Fl",Retirement Home,Respiratory,274
N,,,Unable to identify,,2025-10-05,2025-10-01,9 Neilson Rd,Seven Oaks - 4th Fl,LTCH,Respiratory,275
N,,,Rhinovirus,,2025-10-14,2025-09-29,340 McCowan Rd,AgeCare Trilogy - 6th & 7th Fl,LTCH,Respiratory,276
N,,,Enterovirus/ Rhinovirus,,2025-10-10,2025-09-29,55 Belmont St,Belmont House - 4 West Wing,LTCH,Respiratory,277
N,,,COVID-19,,2025-10-08,2025-09-29,2 Green Belt Dr,Don Mills Retirement Residence - 5th Fl,Retirement Home,Respiratory,278
N,,,Rhinovirus,,2025-10-09,2025-09-29,420 The East Mall,Eatonville Care Centre - 3rd Fl,LTCH,Respiratory,279
N,,,Rhinovirus,,2025-10-16,2025-09-29,60 Guildwood Pky,Extendicare Guildwood,LTCH,Respiratory,280
N,,,COVID-19,,2025-10-08,2025-09-29,645 Castlefield Ave,Forest Hill Place - 7th Fl,Retirement Home,Respiratory,281
N,,,Rhinovirus,,2025-10-07,2025-09-29,740 Pape Ave,Nisbet Lodge - 9th Fl,LTCH,Respiratory,282
N,,,Rhinovirus,,2025-10-12,2025-09-28,1 Northwestern Ave,Harold and Grace Baker Centre - 1st Fl A Wing,LTCH,Respiratory,283
N,,,Rhinovirus,,2025-10-25,2025-09-28,130 Midland Ave,Midland Gardens Care Community,LTCH,Respiratory,284
N,,,Rhinovirus,,2025-10-09,2025-09-28,541 Finch Ave W,Valleyview Residence - 2 West,LTCH,Respiratory,285
N,,,Rhinovirus,,2025-10-05,2025-09-25,1000 Ellesmere Rd,Fieldstone Commons Care Community - 1A,LTCH,Respiratory,286
N,,,Enterovirus/ Rhinovirus,,2025-10-05,2025-09-25,345 Sherbourne St,The Rekai Centre Sherbourne Place - 3rd Fl,LTCH,Respiratory,287
N,,,Enterovirus/ Rhinovirus,,2025-10-09,2025-09-24,439 Sherbourne St,Fudger House - 3 East & 3 West,LTCH,Respiratory,288
N,,,Rhinovirus,,2025-09-29,2025-09-24,92 Island Rd,Glen Rouge Community - Wing 1 & Wing 2,LTCH,Respiratory,289
N,,,COVID-19,,2025-10-05,2025-09-24,2030 McNicoll Ave,Mon Sheong Scarborough - 3 North,LTCH,Respiratory,290
N,,,Parainfluenza,,2025-10-02,2025-09-24,9 Neilson Rd,Seven Oaks - 4th Fl,LTCH,Respiratory,291
N,,,Enterovirus/ Rhinovirus,,2025-10-01,2025-09-24,60 Richview Rd,Ukrainian Canadian Care Centre - 3rd & 4th Fl,LTCH,Respiratory,292
N,,,COVID-19,,2025-10-04,2025-09-23,351 Christie St,Castleview Wychwood Towers - 6th Fl West Wing,LTCH,Respiratory,293
N,,,Parainfluenza,,2025-10-06,2025-09-23,2005 Lawrence Ave W,Weston Terrace Care Community - 3rd Fl Unit B,LTCH,Respiratory,294
N,,,COVID-19,,2025-10-07,2025-09-22,2075 Bayview Ave,Sunnybrook Health Sciences Centre - Veterans Centre - LGSW,LTCH,Respiratory,295
N,,,COVID-19,,2025-10-14,2025-09-22,2311 McNicoll Ave,Yee Hong Centre - Scarborough McNicoll - 2nd Fl,LTCH,Respiratory,296
N,,,COVID-19,,2025-10-08,2025-09-21,1 Overland Dr,Better Living at Thompson House - 4th Fl,LTCH,Respiratory,297
N,,,COVID-19,,2025-10-14,2025-09-20,1925 Steeles Ave E,Gibson Long Term Care - 2nd & 3rd Fl,LTCH,Respiratory,298
N,,,COVID-19,,2025-10-03,2025-09-19,70 Humberline Dr,Deerwood Creek Community - 1st Fl,LTCH,Respiratory,299
N,,,Parainfluenza,,2025-09-22,2025-09-19,1145 Albion Rd,Westside - 4th Fl,LTCH,Respiratory,300
N,,,Enterovirus/ Rhinovirus,,2025-10-07,2025-09-18,1400 Kennedy Rd,Kennedy Lodge Long Term Care Home - 3rd Fl,LTCH,Respiratory,301
N,,,COVID-19,,2025-09-25,2025-09-17,625 Runnymede Rd,Runnymede Health Centre - 3W,Hospital-Chronic Care,Respiratory,302
N,,,COVID-19,,2025-09-29,2025-09-16,740 Pape Ave,Nisbet Lodge - 6th Fl,LTCH,Respiratory,303
N,,,COVID-19,,2025-09-25,2025-09-16,3050 Lawrence Ave E,Scarborough Health Network - General Hospital - T7,Hospital-Acute Care,Respiratory,304
N,,,Enterovirus/ Rhinovirus,,2025-09-28,2025-09-16,40 Playfair Ave,Villa Colombo Homes for the Aged - 2nd Fl,LTCH,Respiratory,305
N,,,Parainfluenza,,2025-10-01,2025-09-15,306 Finch Ave E,Carefree Lodge - 1st & 2nd Fl,LTCH,Respiratory,306
N,,,Enterovirus/ Rhinovirus,,2025-09-20,2025-09-15,306 Finch Ave E,Carefree Lodge - 2nd Fl,LTCH,Respiratory,307
N,,,COVID-19,,2025-10-09,2025-09-15,420 The East Mall,Eatonville Care Centre - 3rd & 5th Fl,LTCH,Respiratory,308
N,,,COVID-19,,2025-10-05,2025-09-15,215 Tyrrel Ave,Hellenic Care for Seniors - Ground & 1st Fl,LTCH,Respiratory,309
N,,,COVID-19,,2025-09-26,2025-09-15,170 Emmett Ave,West Park Healthcare Centre - 2C,Hospital-Chronic Care,Respiratory,310
N,,,COVID-19,,2025-09-20,2025-09-15,1145 Albion Rd,Westside - 4th Fl,LTCH,Respiratory,311
N,,,Parainfluenza,,2025-09-23,2025-09-14,102 Craiglee Dr,Craiglee Nursing Home - 2W,LTCH,Respiratory,312
N,,,COVID-19,,2025-09-25,2025-09-12,55 Belmont St,Belmont House - 2WW,LTCH,Respiratory,313
N,,,Enterovirus/ Rhinovirus,,2025-10-09,2025-09-12,2 Buchan Crt,North York General Hospital - Seniors' Health Centre - 2nd & 3rd Fl,LTCH,Respiratory,314
N,,,Rhinovirus,,2025-10-06,2025-09-12,3015 Lawrence Ave E,"Rockcliffe Community - 1st, 2nd & 3rd Fl",LTCH,Respiratory,315
N,,,COVID-19,,2025-09-19,2025-09-11,3560 Bathurst St,Baycrest Apotex Centre - Jewish Home for the Aged - 2EI,LTCH,Respiratory,316
N,,,Rhinovirus,,2025-10-07,2025-09-11,1800 O'Connor Dr,Harmony Hills Care Community - 2B,LTCH,Respiratory,317
N,,,Clostridium difficile,,2025-10-10,2025-09-11,825 Coxwell Ave,TEHN - Michael Garron Hospital - ICU,Hospital-Acute Care,Enteric,318
N,,,Parainfluenza,,2025-09-22,2025-09-11,400 The West Mall,Wesburn Manor - 3S,LTCH,Respiratory,319
N,,,COVID-19,,2025-09-25,2025-09-10,265 Queens Dr,Queens Estate Retirement Residence,Retirement Home,Respiratory,320
N,,,Metapneumovirus,,2025-09-23,2025-09-09,340 McCowan Rd,Age Care Trilogy - 5th Fl,LTCH,Respiratory,321
N,,,Metapneumovirus,,2025-10-07,2025-09-09,3830 Lawrence Ave E,Extendicare Scarborough,LTCH,Respiratory,322
N,,,COVID-19,,2025-10-03,2025-09-09,45 Brunswick Ave,"The Kensington Gardens - North Building - 2 East, 3 East & 3 West",LTCH,Respiratory,323
N,,,COVID-19,,2025-09-23,2025-09-08,4001 Leslie St,North York General Hospital - General Site - 5W,Hospital-Acute Care,Respiratory,324
N,,,Rhinovirus,,2025-09-14,2025-09-08,160 Wellesley St E,Rekai Wellesley Central Place - 4E,LTCH,Respiratory,325
N,,,Enterovirus/ Rhinovirus,,2025-09-24,2025-09-07,4 Teddington Park Ave,The Teddington Retirement Home,Retirement Home,Respiratory,326
N,,,COVID-19,,2025-09-29,2025-09-06,205 Cummer Ave,Cummer Lodge - 4 North,LTCH,Respiratory,327
N,,,COVID-19,,2025-09-29,2025-09-06,1000 Ellesmere Rd,Fieldstone Commons Care Community,LTCH,Respiratory,328
N,,,Enterovirus/ Rhinovirus,,2025-09-26,2025-09-06,1800 O'Connor Dr,Harmony Hills Care Community - 3A,LTCH,Respiratory,329
N,,,COVID-19,,2025-09-15,2025-09-06,82 Buttonwood Ave,UHN - RCC - Trillium Health Partners - 3W,Hospital-Chronic Care,Respiratory,330
N,,,COVID-19,,2025-09-14,2025-09-05,43 Wellesley St E,SHSC - Holland Orthopaedic & Arthritic Centre - I6E,Hospital-Chronic Care,Respiratory,331
N,,,COVID-19,,2025-09-17,2025-09-05,60 Scottfield Dr,Yee Hong Centre Scarborough Finch - 5th Fl,LTCH,Respiratory,332
N,,,COVID-19,,2025-09-14,2025-09-04,2245 Lawrence Ave W,The Village of Humber Heights - 2nd Fl Weston,LTCH,Respiratory,333
N,,,COVID-19,,2025-09-11,2025-09-04,101 Humber College Blvd,William Osler Health System - Etobicoke General - 6W,Hospital-Acute Care,Respiratory,334
N,,,COVID-19,,2025-09-16,2025-09-03,2920 Lawrence Ave E,Bendale Acres - 6th Fl,LTCH,Respiratory,335
N,,,COVID-19,,2025-09-18,2025-09-03,5935 Bathurst St,Cheltenham Care Community - 3rd Fl,LTCH,Respiratory,336
N,,,COVID-19,,2025-09-15,2025-09-03,2109 Finch Ave W,Humber Meadows - 6N,LTCH,Respiratory,337
N,,,COVID-19,,2025-09-26,2025-09-03,1020 McNicoll Ave,Tendercare Living Centre,LTCH,Respiratory,338
N,,,COVID-19,,2025-09-26,2025-09-03,160 Wellesley St E,The Rekai at Wellesley Central Place - 4W,LTCH,Respiratory,339
N,,,COVID-19,,2025-09-16,2025-09-02,17 Maplewood Ave,Arirang Korean Long Term Care - 4th & 5th Fl,LTCH,Respiratory,340
N,,,Parainfluenza,,2025-09-10,2025-09-02,2005 Lawrence Ave W,Weston Terrace Care Community - Unit 4A,LTCH,Respiratory,341
N,,,COVID-19,,2025-09-09,2025-09-02,101 Humber College Blvd,William Osler Health System - 8E Med Surg,Hospital-Acute Care,Respiratory,342
N,,,Parainfluenza,,2025-09-10,2025-09-01,2045 Finch Ave W,Hawthorne Place Care Centre - 1st Fl Convalescent Unit,LTCH,Respiratory,343
N,,,Rhinovirus,,2025-09-09,2025-09-01,2233 Kipling Ave,Kipling Acres - 1E,LTCH,Respiratory,344
N,,,COVID-19,,2025-09-19,2025-08-28,150 Dunn Ave,Lakeside Long Term Care Centre - 2nd Fl,LTCH,Respiratory,345
N,,,COVID-19,,2025-09-04,2025-08-26,2245 Lawrence Ave W,The Village of Humber Heights - 2 Brule,LTCH,Respiratory,346
N,,,COVID-19,,2025-09-16,2025-08-26,1020 McNicoll Ave,Toronto Grace Health Centre - Specialized Care Centre - 5th Fl,Hospital-Chronic Care,Respiratory,347
N,,,Enterovirus,,2025-09-09,2025-08-25,130 Midland Ave,Midland Gardens Care Community - 6th Fl,LTCH,Respiratory,348
N,,,COVID-19,,2025-09-06,2025-08-24,155 Millwood Rd,Isabel and Arthur Meighen Manor - 3E & 3W,LTCH,Respiratory,349
N,,,Parainfluenza,,2025-08-28,2025-08-18,40 Old Kingston Rd,Ehatare Nursing Home - 4th Fl,LTCH,Respiratory,350
N,,,COVID-19,,2025-08-30,2025-08-18,3830 Lawrence Ave E,Extendicare Scarborough - 1st Fl,LTCH,Respiratory,351
N,,,Rhinovirus,,2025-09-05,2025-08-18,1 Northwestern Ave,Harold and Grace Baker Centre - A Wing,LTCH,Respiratory,352
N,,,Parainfluenza,,2025-09-07,2025-08-18,25 Brunswick Ave,Kensington Gardens - South Building - 1 West,LTCH,Respiratory,353
N,,,Parainfluenza,,2025-09-02,2025-08-18,3760 Sheppard Ave E,Shepherd Lodge - 3 North,LTCH,Respiratory,354
N,,,Parainfluenza,,2025-09-08,2025-08-18,400 The West Mall,Wesburn Manor - 2S & 2N,LTCH,Respiratory,355
N,,,Parainfluenza,,2025-08-31,2025-08-17,3595 Keele St,Downsview Care Community - 2 Centre,LTCH,Respiratory,356
N,,,Unable to identify,,2025-08-23,2025-08-17,740 Pape Ave,Nisbet Lodge - 9th & 11th Fl,LTCH,Enteric,357
N,,,Rhinovirus,,2025-09-16,2025-08-17,1340 York Mills Rd,Rayoak Place - 1st Fl,Retirement Home,Respiratory,358
N,,,COVID-19,,2025-08-29,2025-08-15,3276 St. Clair Ave E,Unity Health Toronto - Providence Healthcare Centre - A4,Hospital-Chronic Care,Respiratory,359
N,,,Parainfluenza,,2025-08-30,2025-08-14,102 Craiglee Dr,Craiglee Nursing Home - 1 West & 1 East,LTCH,Respiratory,360
N,,,Rhinovirus,,2025-08-23,2025-08-14,740 Pape Ave,Nisbet Lodge - 10th Fl,LTCH,Respiratory,361
N,,,Metapneumovirus,Rhinovirus,2025-09-03,2025-08-14,1195 Queen St E,The Heritage Nursing Home - 3rd & 4th Fl,LTCH,Respiratory,362
N,,,Unable to identify,,2025-08-24,2025-08-13,205 Cummer Ave,Cummer Lodge - 1st Fl - BSU & SCU,LTCH,Respiratory,363
N,,,COVID-19,,2025-08-28,2025-08-13,1925 Steeles Ave E,Gibson Long Term Care Residence - 4th Fl,LTCH,Respiratory,364
N,,,COVID-19,,2025-08-27,2025-08-13,130 Midland Ave,Midland Gardens Care Community - 2nd Fl,LTCH,Respiratory,365
N,,,Unable to identify,,2025-08-30,2025-08-13,2005 Lawrence Ave W,Weston Terrace Care Community - 3A,LTCH,Respiratory,366
N,,,COVID-19,,2025-08-28,2025-08-11,439 Sherbourne St,Fudger House - 1W,LTCH,Respiratory,367
N,,,Parainfluenza,,2025-08-24,2025-08-09,22 Norfinch Ave,Norfinch Care Community - 1st Fl,LTCH,Respiratory,368
N,,,COVID-19,,2025-08-25,2025-08-08,5 Resurrection Rd,Labdara Lithuanian Nursing Home - 2nd Fl,LTCH,Respiratory,369
N,,,Unable to identify,,2025-08-12,2025-08-07,148 Markham Rd,Scarborough Retirement Residence - 3rd & 5th Fl,Retirement Home,Enteric,370
N,,,Enterovirus/ Rhinovirus,,2025-08-27,2025-08-06,551 Conlins Rd,Extendicare Rouge Valley - 3rd Fl Meadowvale & Morrish House,LTCH,Respiratory,371
N,,,Parainfluenza,,2025-08-17,2025-08-04,28 Halton St,Maynard Nursing Home - 2nd Fl Trinity,LTCH,Respiratory,372
N,,,Rhinovirus,,2025-08-18,2025-08-03,306 Finch Ave E,Carefree Lodge - 2nd Fl,LTCH,Respiratory,373
N,,,COVID-19,,2025-08-15,2025-08-01,55 Belmont St,Belmont House - 2WW,LTCH,Respiratory,374
N,,,Parainfluenza,,2025-08-15,2025-08-01,1 Overland Dr,Better Living at Thompson House - 3rd Fl,LTCH,Respiratory,375
N,,,Rhinovirus,,2025-08-12,2025-08-01,60 Richview Rd,Ukrainian Canadian Care Centre - 2nd Fl,LTCH,Respiratory,376
N,,,COVID-19,,2025-08-15,2025-07-30,52 Neilson Dr,Dom Lipa - K Wing - 1st Fl,LTCH,Respiratory,377
N,,,Rhinovirus,,2025-08-11,2025-07-28,2109 Finch Ave W,Humber Meadows Long Term Care Home - 2nd Fl South,LTCH,Respiratory,378
N,,,Metapneumovirus,,2025-08-26,2025-07-28,45 Brunswick Ave,"The Kensington Gardens - North Building - 1 West, 1 East & 3 East",LTCH,Respiratory,379
N,,,Unable to identify,,2025-08-05,2025-07-25,2109 Finch Ave W,Humber Meadows Long Term Care Home - 6th Fl South,LTCH,Respiratory,380
N,,,Parainfluenza,,2025-08-01,2025-07-25,9 Neilson Rd,Seven Oaks - 1st Fl,LTCH,Respiratory,381
N,,,Enterovirus/ Rhinovirus,,2025-08-03,2025-07-25,3760 Sheppard Ave E,Shepherd Village - 3rd Fl,LTCH,Respiratory,382
N,,,Unable to identify,,2025-08-15,2025-07-23,2005 Lawrence Ave W,Weston Terrace Care Community - 3B,LTCH,Respiratory,383
N,,,Metapneumovirus,,2025-07-27,2025-07-21,306 Finch Ave E,Carefree Lodge - Bayview Gardens - Basement,LTCH,Respiratory,384
N,,,Rhinovirus,,2025-08-11,2025-07-21,541 Finch Ave W,Valleyview Residence,LTCH,Respiratory,385
N,,,Rhinovirus,,2025-08-02,2025-07-20,122 Tyndall Ave,Norwood Nursing Home - 2nd Fl,LTCH,Respiratory,386
N,,,COVID-19,,2025-08-02,2025-07-20,2075 Bayvew Ave,Sunnybrook Health Sciences Centre - Sunnybrook Veterans Centre - LTSW,LTCH,Respiratory,387
N,,,COVID-19,,2025-08-06,2025-07-19,1 Overland Dr,Better Living at Thompson House - 2nd Fl,LTCH,Respiratory,388
N,,,COVID-19,,2025-07-30,2025-07-18,306 Finch Ave E,Carefree Lodge - Bayview Gardens - Basement,LTCH,Respiratory,389
N,,,COVID-19,,2025-07-27,2025-07-18,200 Church St,Trillium Health Partners - RCC Church Site - 6B,Hospital-Chronic Care,Respiratory,390
N,,,Enterovirus/ Rhinovirus,,2025-07-26,2025-07-17,25 Brunswick Ave,Kensington Gardens - South Building - 4 East,LTCH,Respiratory,391
N,,,Enterovirus/ Rhinovirus,,2025-08-11,2025-07-17,2245 Lawrence Ave W,Village of Humber Heights Retirement Residence - 2nd Fl - Emma Neighbourhood,Retirement Home,Respiratory,392
N,,,Rhinovirus,,2025-07-31,2025-07-16,351 Christie St,Castleview Wychwood Towers - 4th Fl - W & C,LTCH,Respiratory,393
N,,,Enterovirus/ Rhinovirus,,2025-07-24,2025-07-16,3015 Lawrence Ave E,Rockcliffe Care Community - 2nd Fl,LTCH,Respiratory,394
N,,,Parainfluenza,,2025-07-18,2025-07-14,1000 Ellesmere Rd,Fieldstone Commons Care Community - 3A,LTCH,Respiratory,395
N,,,Rhinovirus,,2025-07-21,2025-07-14,1000 Ellesmere Rd,Fieldstone Commons Care Community - 3A,LTCH,Respiratory,396
N,,,Parainfluenza,,2025-07-26,2025-07-13,1 Overland Dr,Better Living at Thompson House - 3rd Fl,LTCH,Respiratory,397
N,,,Rhinovirus,,2025-07-15,2025-07-11,306 Finch Ave E,Carefree Lodge - Willowdale Park,LTCH,Respiratory,398
N,,,Metapneumovirus,,2025-07-29,2025-07-11,550 Cummer Ave,"Extendicare Bayview - East, South & West",LTCH,Respiratory,399
N,,,Metapneumovirus,,2025-07-24,2025-07-11,2245 Lawrence Ave W,Village of Humber Heights - 2 East,LTCH,Respiratory,400
N,,,Metapneumovirus,,2025-07-15,2025-07-10,340 McCowan Rd,Age Care Trilogy - 5th Fl,LTCH,Respiratory,401
N,,,Rhinovirus,,2025-07-22,2025-07-10,55 Belmont St,Belmont House - 5WW,LTCH,Respiratory,402
N,,,Parainfluenza,,2025-07-24,2025-07-10,767 Royal York Rd,Ivan Franko Home - 1st Fl,LTCH,Respiratory,403
N,,,Parainfluenza,,2025-07-17,2025-07-10,3197 Lakeshore Blvd W,Lakeshore Lodge - 2 South,LTCH,Respiratory,404
N,,,Parainfluenza,,2025-07-27,2025-07-10,3760 Sheppard Ave E,Shepherd Village - 2S & 2N,LTCH,Respiratory,405
N,,,COVID-19,,2025-07-14,2025-07-07,306 Finch Ave E,Carefree Lodge - Willowdale Park,LTCH,Respiratory,406
N,,,COVID-19,,2025-07-17,2025-07-07,30 The Queensway,Unity Health Toronto - St. Joseph's Health Centre - 4M,Hospital-Acute Care,Respiratory,407
N,,,Rhinovirus,,2025-07-15,2025-07-07,40 Playfair Ave,Villa Colombo - 5 South,LTCH,Respiratory,408
N,,,Unable to identify,,2025-07-19,2025-07-04,1145 Albion Rd,Westside - 3rd Fl,LTCH,Respiratory,409
N,,,Metapneumovirus,,2025-07-14,2025-07-02,1860 Lawrence Ave E,The Wexford Residence - 2nd & 3rd Fl,LTCH,Respiratory,410
N,,,Parainfluenza,,2025-07-11,2025-06-30,148 Markham Rd,"Scarborough Retirement Residence - 3rd, 4th & 6th Fl",Retirement Home,Respiratory,411
N,,,COVID-19,,2025-07-11,2025-06-29,550 Cummer Ave,Extendicare Bayview - East,LTCH,Respiratory,412
N,,,Rhinovirus,,2025-06-30,2025-06-26,866 Sheppard Ave W,Aspira Kensington Place Retirement Living - 3rd Fl,Retirement Home,Respiratory,413
N,,,Unable to identify,,2025-07-07,2025-06-25,19 Rean Dr,Amica Bayview Gardens - 8th Fl,Retirement Home,Respiratory,414
N,,,Rhinovirus,,2025-07-07,2025-06-25,1800 O'Connor Dr,Fountain View Care Community - 2B,LTCH,Respiratory,415
N,,,Parainfluenza,,2025-07-19,2025-06-25,2411 Lawrence Ave E,Hellenic Home for the Aged - Ground Fl,LTCH,Respiratory,416
N,,,COVID-19,,2025-07-02,2025-06-25,200 Church St,RCC - Church Site - St. Joseph's Health Centre - 4B,Transitional Care,Respiratory,417
N,,,Parainfluenza,,2025-07-11,2025-06-24,205 Cummer Ave,Cummer Lodge - 2 North & South,LTCH,Respiratory,418
N,,,Rhinovirus,,2025-06-27,2025-06-23,1000 Ellesmere Rd,Fieldstone Commons Care Community - 3B,LTCH,Respiratory,419
N,,,Unable to identify,,2025-06-27,2025-06-23,55 Ameer Ave,Terraces of Baycrest Retirement Residences - 2nd Fl,Retirement Home,Enteric,420
N,,,Enterovirus/ Rhinovirus,,2025-06-30,2025-06-23,2311 McNicoll Ave,Yee Hong Centre - Scarborough McNicoll - 3rd Fl,LTCH,Respiratory,421
N,,,Rhinovirus,,2025-07-01,2025-06-22,3276 St. Clair Ave E,Unity Health Toronto - Houses of Providence - 4 West,LTCH,Respiratory,422
N,,,Rhinovirus,,2025-07-03,2025-06-20,2109 Finch Ave W,Humber Meadows - 2 North,LTCH,Respiratory,423
N,,,Rhinovirus,,2025-06-28,2025-06-20,3197 Lakeshore Blvd W,Lakeshore Lodge - 4th Fl,LTCH,Respiratory,424
N,,,Enterovirus/ Rhinovirus,,2025-06-24,2025-06-19,55 Belmont St,Belmont House - 5WW,LTCH,Respiratory,425
N,,,Enterovirus/ Rhinovirus,,2025-06-22,2025-06-19,8 The Donway E,Donway Place - 3rd Fl Assisted Living,Retirement Home,Respiratory,426
N,,,Metapneumovirus,,2025-06-25,2025-06-19,1000 Ellesmere Rd,Fieldstone Commons Care Community - 3B,LTCH,Respiratory,427
N,,,Parainfluenza,,2025-07-17,2025-06-19,200 Dawes Rd,True Davidson Acres - 5th Fl,LTCH,Respiratory,428
N,,,Rhinovirus,,2025-06-28,2025-06-18,340 McCowan Rd,AgeCare Trilogy - 7th Fl,LTCH,Respiratory,429
N,,,Enterovirus/ Rhinovirus,,2025-06-30,2025-06-18,155 Millwood Rd,Isabel and Arthur Meighen Manor - 2nd Fl,LTCH,Respiratory,430
N,,,Unable to identify,,2025-06-29,2025-06-17,3276 St. Clair Ave E,Unity Health Toronto - Houses of Providence - 3 West,LTCH,Respiratory,431
N,,,COVID-19,,2025-07-01,2025-06-16,77 Dunfield Ave,The Dunfield Retirement Residence - 18th Fl,Retirement Home,Respiratory,432
N,,,Unable to identify,,2025-06-30,2025-06-15,303 Queens Dr,Weston Gardens - 3rd & 4th Fl,Retirement Home,Respiratory,433
N,,,Enterovirus/ Rhinovirus,,2025-07-04,2025-06-14,40 Playfair Ave,Villa Colombo - 3 Fusco South & West,LTCH,Respiratory,434
N,,,COVID-19,,2025-06-28,2025-06-13,160 Wellesley St E,Rekai Centre - Wellesley Central Place - 2 East,LTCH,Respiratory,435
N,,,COVID-19,,2025-06-19,2025-06-13,2005 Lawrence Ave W,Weston Terrace Care Community - 2B,LTCH,Respiratory,436
N,,,Rhinovirus,,2025-06-19,2025-06-13,1145 Albion Rd,Westside Long Term Care Centre - 2nd Fl,LTCH,Respiratory,437
N,,,COVID-19,,2025-06-16,2025-06-12,102 Craiglee Dr,Craiglee Nursing Home - 2 East,LTCH,Respiratory,438
N,,,Parainfluenza,,2025-06-19,2025-06-12,2411 Lawrence Ave E,Hellenic Home for the Aged - 2A & 2B,LTCH,Respiratory,439
N,,,Metapneumovirus,,2025-07-07,2025-06-12,77 Main St,Main Street Terrace - 2nd & 3rd Fl,LTCH,Respiratory,440
N,,,COVID-19,,2025-06-21,2025-06-12,9 Neilson Rd,Seven Oaks - 3rd Fl,LTCH,Respiratory,441
N,,,Metapneumovirus,,2025-07-02,2025-06-11,306 Finch Ave E,Carefree Lodge - Main & 2nd Fl,LTCH,Respiratory,442
N,,,Rhinovirus,,2025-07-07,2025-06-11,25 Brunswick Ave,Kensington Gardens (South Building) - 1E,LTCH,Respiratory,443
N,,,Parainfluenza,,2025-06-24,2025-06-11,3760 Sheppard Ave E,Sheppard Lodge - 6 South,LTCH,Respiratory,444
N,,,Enterovirus/ Rhinovirus,,2025-06-26,2025-06-11,1195 Queen St E,The Heritage Nursing Home - 3rd Fl,LTCH,Respiratory,445
N,,,Rhinovirus,,2025-06-19,2025-06-10,340 McCowan Rd,AgeCare Trilogy - 1st Fl Oakview,LTCH,Respiratory,446
N,,,Rhinovirus,,2025-07-04,2025-06-10,205 Cummer Ave,Cummer Lodge - 2 North,LTCH,Respiratory,447
N,,,Unable to identify,,2025-06-21,2025-06-10,14 Cross St,Fairview Nursing Home - 2nd Fl,LTCH,Respiratory,448
N,,,Parainfluenza,,2025-06-18,2025-06-09,1 Kenton Dr,One Kenton Place - 1st & 2nd Fl,Retirement Home,Respiratory,449
N,,,Metapneumovirus,,2025-06-25,2025-06-09,33 Christie St,The O'Neill Centre - 3rd Fl,LTCH,Respiratory,450
N,,,Respiratory syncytial virus,,2025-06-16,2025-06-07,3015 Lawrence Ave E,Rockcliffe Care Community - Ground Fl,LTCH,Respiratory,451
N,,,Rhinovirus,,2025-07-12,2025-06-06,1925 Steeles Ave E,"Chartwell Gibson - 1st, 2nd, 3rd & 4th Fl",LTCH,Respiratory,452
N,,,COVID-19,,2025-06-14,2025-06-05,140 Sherway Dr,Trillium Health Partners - McCall Centre for Continuing Care - 3rd Fl,Hospital-Chronic Care,Respiratory,453
N,,,COVID-19,,2025-06-12,2025-06-03,140 Sherway Dr,Trillium Health Partners - McCall Centre for Continuing Care - 4th Fl,Hospital-Chronic Care,Respiratory,454
N,,,Rhinovirus,,2025-06-19,2025-06-02,3595 Keele St,Downsview Long Term Care Centre - 1 East,LTCH,Respiratory,455
N,,,Metapneumovirus,,2025-06-18,2025-06-02,3197 Lakeshore Blvd W,"Lakeshore Lodge - 2 South, 3 South & 3 North",LTCH,Respiratory,456
N,,,Enterovirus/ Rhinovirus,,2025-06-19,2025-06-02,740 Pape Ave,"Nisbet Lodge - 6th, 8th & 10th Fl",LTCH,Respiratory,457
N,,,Enterovirus/ Rhinovirus,,2025-06-11,2025-06-01,55 Belmont St,Belmont House - 2 East,LTCH,Respiratory,458
N,,,Rhinovirus,,2025-06-13,2025-05-30,3595 Keele St,Downsview Long Term Care Centre - 2 North,LTCH,Respiratory,459
N,,,Influenza A (Not subtyped),,2025-06-12,2025-05-30,2005 Lawrence Ave W,Weston Terrace Care Community - 2A,LTCH,Respiratory,460
N,,,Enterovirus/ Rhinovirus,,2025-06-05,2025-05-27,2233 Kipling Ave,Kipling Acres - 1 South Pinepoint,LTCH,Respiratory,461
N,,,Parainfluenza,,2025-06-02,2025-05-27,3015 Lawrence Ave E,Rockcliffe Care Community - 1st Fl,LTCH,Respiratory,462
N,,,Metapneumovirus,,2025-06-07,2025-05-26,3560 Bathurst St,Baycrest Apotex Centre - Jewish Home for the Aged - 2EI,LTCH,Respiratory,463
N,,,Metapneumovirus,,2025-05-28,2025-05-26,3197 Lakeshore Blvd W,Lakeshore Lodge - 2 South,LTCH,Respiratory,464
N,,,Rhinovirus,,2025-06-06,2025-05-26,400 The West Mall,Wesburn Manor - 4 North,LTCH,Respiratory,465
N,,,Coronavirus*,,2025-06-13,2025-05-25,25 Brunswick Ave,Kensington Gardens (South Building) - 4E & 4W,LTCH,Respiratory,466
N,,,Parainfluenza,,2025-06-13,2025-05-24,1400 Kennedy Rd,Kennedy Lodge - 1st Fl (South) & 2nd Fl,LTCH,Respiratory,467
N,,,Metapneumovirus,,2025-06-19,2025-05-23,420 The East Mall,Eatonville Care Centre - 5th Fl,LTCH,Respiratory,468
N,,,Parainfluenza,,2025-06-08,2025-05-22,390 Millwood Rd,The Millwood Retirement Residence,Retirement Home,Respiratory,469
N,,,Rhinovirus,,2025-06-02,2025-05-21,1 Northwestern Ave,Harold and Grace Baker Centre Nursing Home - C Wing,LTCH,Respiratory,470
N,,,Metapneumovirus,,2025-06-17,2025-05-21,1400 Kennedy Rd,Kennedy Lodge - 3rd Fl,LTCH,Respiratory,471
N,,,Metapneumovirus,,2025-06-03,2025-05-21,1340 York Mills Rd,Rayoak Place Retirement Home,Retirement Home,Respiratory,472
N,,,Parainfluenza,,2025-06-05,2025-05-21,4251 Dundas St W,Venvi Kingsway Retirement Residence,Retirement Home,Respiratory,473
N,,,Enterovirus/ Rhinovirus,,2025-06-06,2025-05-20,60 Guildwood Pky,Extendicare Guildwood - West,LTCH,Respiratory,474
N,,,Coronavirus*,,2025-06-03,2025-05-20,2005 Lawrence Ave W,Weston Terrace Care Community - 4B,LTCH,Respiratory,475
N,,,COVID-19,,2025-05-30,2025-05-19,65 Livingston Rd,Venvi Guildwood Retirement Residence - 2nd Fl Memory Living,Retirement Home,Respiratory,476
N,,,Rhinovirus,,2025-06-05,2025-05-18,40 Playfair Ave,Villa Colombo Home for the Aged - 4 West & 4 North,LTCH,Respiratory,477
N,,,Rhinovirus,,2025-05-26,2025-05-16,767 Royal York Rd,Ivan Franko Home - 2 South,LTCH,Respiratory,478
N,,,Metapneumovirus,,2025-06-06,2025-05-16,3015 Lawrence Ave E,Rockcliffe Care Community - 2nd Fl,LTCH,Respiratory,479
N,,,Influenza A (Not subtyped),,2025-05-30,2025-05-15,30 The Queensway,Unity Health Toronto - St Joseph's Health Centre - 3M,Hospital-Acute Care,Respiratory,480
N,,,Parainfluenza,,2025-06-21,2025-05-14,420 The East Mall,Eatonville Care Centre - 3rd Fl,LTCH,Respiratory,481
N,,,Enterovirus/ Rhinovirus,,2025-06-06,2025-05-14,1 Northwestern Ave,Harold and Grace Baker Centre Retirement Home,Retirement Home,Respiratory,482
N,,,Metapneumovirus,,2025-05-26,2025-05-13,3276 St. Clair Ave E,Unity Health Toronto - Houses of Providence - 2 West Elm & Pine,LTCH,Respiratory,483
N,,,Metapneumovirus,,2025-05-23,2025-05-12,3555 Danforth Ave,Chester Village - 3rd Fl East,LTCH,Respiratory,484
N,,,Enterovirus/ Rhinovirus,,2025-06-08,2025-05-12,9 Neilson Rd,Seven Oaks - 1st & 3rd Fl,LTCH,Respiratory,485
N,,,Rhinovirus,,2025-05-26,2025-05-12,59 Lawson Rd,Tony Stacey Centre for Veterans Care - 1st Fl,LTCH,Respiratory,486
N,,,Parainfluenza,,2025-06-04,2025-05-12,2005 Lawrence Ave W,"Weston Terrace Care Community - 1A, 2A, 2B & 3B",LTCH,Respiratory,487
N,,,Enterovirus/ Rhinovirus,,2025-05-28,2025-05-09,340 McCowan Rd,Age Care Trilogy - 4th Fl,LTCH,Respiratory,488
N,,,Parainfluenza,,2025-06-06,2025-05-09,3830 Lawrence Ave E,Extendicare Scarborough,LTCH,Respiratory,489
N,,,Metapneumovirus,,2025-05-20,2025-05-09,500 Kingston Rd,TEHN - Atrium at Kew Beach Unit - 2nd Fl West Wing,Transitional Care,Respiratory,490
N,,,Rotavirus,,2025-05-14,2025-05-09,555 University Ave,The Hospital for Sick Children - 6A,Hospital-Acute Care,Enteric,491
N,,,Enterovirus/ Rhinovirus,,2025-05-14,2025-05-08,45 Brunswick Ave,Kensington Gardens North - 2 East,LTCH,Respiratory,492
N,,,Enterovirus/ Rhinovirus,,2025-05-17,2025-05-08,22 Norfinch Dr,Norfinch Care Community - 1A,LTCH,Respiratory,493
N,,,Coronavirus*,,2025-05-17,2025-05-08,2075 Bayview Ave,Sunnybrook Health Sciences Centre - Veterans Centre - LGSW,LTCH,Respiratory,494
N,,,COVID-19,,2025-05-18,2025-05-07,18 Summerland Terr,Delmanor West Village,Retirement Home,Respiratory,495
N,,,Rhinovirus,,2025-05-16,2025-05-07,1860 Lawrence Ave E,The Wexford - 7th Fl,LTCH,Respiratory,496
N,,,Parainfluenza,,2025-05-17,2025-05-06,351 Christie St,Castleview Wychwood Towers - 2W,LTCH,Respiratory,497
N,,,Rhinovirus,,2025-05-20,2025-05-06,2109 Finch Ave W,Humber Meadows Long Term Care Home - 4S,LTCH,Respiratory,498
N,,,Enterovirus/ Rhinovirus,,2025-05-17,2025-05-06,2 Buchan Crt,North York General Hospital - Seniors' Health Centre - 1st Fl,LTCH,Respiratory,499
N,,,Metapneumovirus,,2025-05-16,2025-05-06,200 Dawes Rd,True Davidson Acres - 5th Fl,LTCH,Respiratory,500
N,,,COVID-19,,2025-05-22,2025-05-06,130 Dunn Ave,UHN - Toronto Rehabilitation Institute - Bickle Centre - North 3,Hospital-Chronic Care,Respiratory,501
N,,,Influenza A (Not subtyped),,2025-05-22,2025-05-06,60 Scottfield Dr,Yee Hong - Scarborough Finch - 5th Fl,LTCH,Respiratory,502
N,,,Coronavirus*,,2025-05-15,2025-05-05,40 Playfair Ave,Villa Colombo Homes for the Aged - 5 South,LTCH,Respiratory,503
N,,,Respiratory syncytial virus,,2025-05-28,2025-05-04,3555 Danforth Ave,"Chester Village - 1 West, 2 East & 4 West",LTCH,Respiratory,504
N,,,Influenza A (Not subtyped),,2025-05-16,2025-05-04,2245 Lawrence Ave W,The Village of Humber Heights - Wadsworth & Islington,LTCH,Respiratory,505
N,,,Rhinovirus,,2025-05-08,2025-05-03,306 Finch Ave E,Carefree Lodge - Garden Level,LTCH,Respiratory,506
N,,,Unable to identify,,2025-05-12,2025-05-02,19 Rean Dr,Amica Bayview Gardens - 2nd Fl (Assisted Living),Retirement Home,Respiratory,507
N,,,Metapneumovirus,,2025-05-12,2025-05-02,1800 O'Connor Dr,Fountain View Care Community - 3A Woodland,LTCH,Respiratory,508
N,,,Metapneumovirus,,2025-05-28,2025-05-02,2109 Finch Ave W,Humber Meadows Long Term Care Home - 2S & 4N,LTCH,Respiratory,509
N,,,Coronavirus*,,2025-05-08,2025-05-01,2245 Lawrence Ave W,The Village of Humber Heights - Weston Unit,LTCH,Respiratory,510
N,,,Enterovirus/ Rhinovirus,,2025-05-07,2025-04-30,4001 Leslie St,North York General Hospital - General Site - 3N,Hospital-Acute Care,Respiratory,511
N,,,COVID-19,,2025-05-07,2025-04-30,4001 Leslie St,North York General Hospital - General Site - 3N,Hospital-Acute Care,Respiratory,512
N,,,Coronavirus*,,2025-05-13,2025-04-30,1860 Lawrence Ave E,The Wexford - 5th Fl,Retirement Home,Respiratory,513
N,,,COVID-19,,2025-05-12,2025-04-29,205 Cummer Ave,Cummer Lodge - 4 South,LTCH,Respiratory,514
N,,,Coronavirus*,,2025-05-07,2025-04-29,2411 Lawrence Ave E,Hellenic Home Scarborough - Unit 3B,LTCH,Respiratory,515
N,,,Coronavirus*,,2025-05-23,2025-04-29,345 Sherbourne St,Rekai Centre Sherbourne Place - 4th Fl,LTCH,Respiratory,516
N,,,Influenza A (H1N1),,2025-05-18,2025-04-29,40 Playfair Ave,"Villa Colombo Homes for the Aged - 2 North, 3 North, 5 North, 2 South, 3 South & 2 West",LTCH,Respiratory,517
N,,,Norovirus,,2025-05-08,2025-04-29,303 Queens Dr,Weston Gardens Transitional Care Unit - 2nd & 3rd Fl,Retirement Home,Enteric,518
N,,,Influenza A (Not subtyped),,2025-05-12,2025-04-28,495 The West Mall,AgeCare Westbury Long Term Care Residence - 5th Fl,LTCH,Respiratory,519
N,,,Influenza A ((H1N1)pdm09),,2025-05-08,2025-04-28,866 Sheppard Ave W,Aspira Kensington Place Retirement Residence,Retirement Home,Respiratory,520
N,,,Influenza A (Not subtyped),,2025-05-07,2025-04-28,3560 Bathurst St,Baycrest Apotex Centre - Jewish Home for the Aged - 7GS,LTCH,Respiratory,521
N,,,Metapneumovirus,,2025-05-12,2025-04-26,205 Cummer Ave,Cummer Lodge - 3 North,LTCH,Respiratory,522
N,,,Enterovirus/ Rhinovirus,,2025-05-07,2025-04-25,14 Cross St,Fairview Nursing Home - 2nd Fl,LTCH,Respiratory,523
N,,,COVID-19,,2025-05-04,2025-04-25,3050 Lawrence Ave E,Scarborough Health Network - General Hospital - T7,Hospital-Acute Care,Respiratory,524
N,,,Enterovirus/ Rhinovirus,,2025-05-01,2025-04-24,77 Main St,Main Street Terrace Long Term Care Home - 1st Fl,LTCH,Respiratory,525
N,,,Unable to identify,,2025-05-01,2025-04-24,61 Fairfax Cres,Presentation Manor - 2nd Fl,Retirement Home,Enteric,526
N,,,Metapneumovirus,,2025-05-22,2025-04-24,2311 McNicoll Ave,Yee Hong Centre Scarborough McNicoll - 3rd & 5th Fl,LTCH,Respiratory,527
N,,,Enterovirus/ Rhinovirus,,2025-05-13,2025-04-23,130 Midland Ave,Midland Gardens Care Community - 3rd Fl,LTCH,Respiratory,528
N,,,Coronavirus*,,2025-04-28,2025-04-22,1 Overland Dr,Better Living at Thompson House - 4th Fl,LTCH,Respiratory,529
N,,,COVID-19,,2025-04-30,2025-04-22,537 Finch Ave W,Forestview Retirement Residence - 5th Fl,Retirement Home,Respiratory,530
N,,,Coronavirus*,,2025-04-29,2025-04-22,1140 Bloor St W,"New Horizons Tower - 7th, 8th, 9th, 11th, 12th, 15th & 16th Fl",Retirement Home,Respiratory,531
N,,,Coronavirus*,,2025-04-26,2025-04-22,22 Norfinch Dr,Norfinch Care Community - 2B,LTCH,Respiratory,532
N,,,Norovirus,,2025-05-12,2025-04-22,303 Queens Dr,Weston Gardens Retirement Residence,Retirement Home,Enteric,533
N,,,Influenza A (Not subtyped),,2025-05-07,2025-04-21,520 Markham Rd,Cedarbrook Transitional Care Unit - 5th & 6th Fl,Retirement Home,Respiratory,534
N,,,Parainfluenza,,2025-05-05,2025-04-21,420 The East Mall,Eatonville Care Centre - 3rd & 5th Fl,LTCH,Respiratory,535
N,,,Norovirus,,2025-05-03,2025-04-21,345 Sherbourne St,Rekai Centre Sherbourne Place - 2nd Fl,LTCH,Enteric,536
N,,,Parainfluenza,,2025-05-01,2025-04-21,1020 McNicoll Ave,Tendercare Living Center - 2nd Fl,LTCH,Respiratory,537
N,,,Parainfluenza,,2025-05-11,2025-04-20,4 Teddington Park Ave,"The Teddington - 2nd, 4th & 5th Fl",Retirement Home,Respiratory,538
N,,,Influenza A (Not subtyped),,2025-05-01,2025-04-18,520 Markham Rd,"Cedarbrook Lodge Retirement Residence - 3rd, 4th & 5th Fl",Retirement Home,Respiratory,539
N,,,Parainfluenza,,2025-05-01,2025-04-18,551 Conlins Rd,Extendicare Rouge Valley - 1st Fl Highland Creek Locked Unit,LTCH,Respiratory,540
N,,,COVID-19,,2025-05-02,2025-04-18,30 The Queensway,Unity Health Toronto - St. Joseph's Health Centre - 6G,Hospital-Acute Care,Respiratory,541
N,,,Rhinovirus,,2025-05-05,2025-04-18,303 Queens Dr,Weston Gardens Retirement Residence,Retirement Home,Respiratory,542
N,,,Coronavirus*,,2025-04-23,2025-04-14,3555 Danforth Ave,Chester Village - 2 East - Sapphire Home,LTCH,Respiratory,543
N,,,Influenza A (Not subtyped),,2025-05-01,2025-04-14,420 The East Mall,Eatonville Care Centre - 3rd & 5th Fl,LTCH,Respiratory,544
N,,,Enterovirus/ Rhinovirus,,2025-04-23,2025-04-14,225 Lawrence Ave W,The Village of Humber Heights Retirement Home - Main Fl - Williamsberg West & East,Retirement Home,Respiratory,545
N,,,Metapneumovirus,,2025-04-20,2025-04-14,40 Playfair Ave,Villa Colombo Toronto Homes for the Aged - 4 Fusco North,LTCH,Respiratory,546
N,,,Unable to identify,,2025-04-28,2025-04-14,2005 Lawrence Ave W,Weston Terrace Care Community - 4B,LTCH,Enteric,547
N,,,Influenza A (Not subtyped),,2025-04-23,2025-04-12,3595 Keele St,Downsview Long Term Care Centre - 1 East & 1 Centre,LTCH,Respiratory,548
N,,,COVID-19,,2025-05-12,2025-04-12,2045 Finch Ave W,Hawthorne Place Care Centre - 1st (Convalescent & LTC) & 3rd Fl,LTCH,Respiratory,549
N,,,Influenza A (H1N1),,2025-04-27,2025-04-12,60 Scottfield Dr,Yee Hong Centre Scarborough Finch - 3rd Fl,LTCH,Respiratory,550
N,,,COVID-19,,2025-04-23,2025-04-11,221 Milner Ave,Sts. Peter and Paul Retirement Residence - 3rd Fl,Retirement Home,Respiratory,551
N,,,Norovirus,,2025-04-28,2025-04-10,111 Avenue Rd,Hazelton Place Retirement Residence,Retirement Home,Enteric,552
N,,,Rhinovirus,,2025-04-14,2025-04-10,3760 Sheppard Ave E,Shepherd Lodge - 3 South,LTCH,Respiratory,553
N,,,Unable to identify,,2025-04-14,2025-04-09,3276 St. Clair Ave E,Unity Health Toronto - Houses of Providence - 4 West - Oak & Willow,LTCH,Enteric,554
N,,,Influenza A (Not subtyped),,2025-04-27,2025-04-08,439 Sherbourne St,Fudger House - 1 West & 2 West,LTCH,Respiratory,555
N,,,Parainfluenza,,2025-04-21,2025-04-08,45 Brunswick Ave,Kensington Gardens - 1 West,LTCH,Respiratory,556
N,,,Parainfluenza,,2025-04-11,2025-04-08,3276 St. Clair Ave E,Unity Health Toronto - Houses of Providence - 1 East,LTCH,Respiratory,557
N,,,Coronavirus*,,2025-04-17,2025-04-07,420 The East Mall,Eatonville Care Centre - 3rd Fl,LTCH,Respiratory,558
N,,,Coronavirus*,,2025-04-26,2025-04-07,2411 Lawrence Ave E,Hellenic Home - Scarborough - 3A,LTCH,Respiratory,559
N,,,Coronavirus*,,2025-04-16,2025-04-04,495 The West Mall,AgeCare Westbury Long Term Care Residence - 4th Fl - Centennial Park,LTCH,Respiratory,560
N,,,COVID-19,,2025-04-17,2025-04-03,2045 Finch Ave W,Hawthorne Place Care Centre - 2 Chestnut Grove,LTCH,Respiratory,561
N,,,Parainfluenza,,2025-04-17,2025-04-02,1800 O'Connor Dr,Harmony Hills Care Community - 3A,LTCH,Respiratory,562
N,,,Metapneumovirus,,2025-04-10,2025-04-02,123 Spadina Rd,The Annex Retirement Residence - 2nd & 4th Fl,Retirement Home,Respiratory,563
N,,,Coronavirus*,,2025-04-09,2025-04-01,340 McCowan Rd,Age Care Trilogy - 6th Fl,LTCH,Respiratory,564
N,,,Coronavirus*,,2025-04-08,2025-04-01,8 The Donway E,Donway Place - 1st Fl,Retirement Home,Respiratory,565
N,,,Parainfluenza,,2025-04-10,2025-04-01,3276 St. Clair Ave E,Unity Health Toronto - Houses of Providence - 3 East - Cedar & Aspen,LTCH,Respiratory,566
N,,,Coronavirus*,,2025-04-16,2025-04-01,2005 Lawrence Ave W,Weston Terrace Care Community - 3A,LTCH,Respiratory,567
N,,,COVID-19,,2025-04-11,2025-03-31,495 The West Mall,AgeCare Westbury Long Term Care Residence - 2nd Fl - The Kingsway,LTCH,Respiratory,568
N,,,COVID-19,,2025-04-10,2025-03-31,55 Belmont St,Belmont House - 2E,LTCH,Respiratory,569
N,,,Rhinovirus,,2025-04-09,2025-03-31,3595 Keele St,Downsview Long Term Care Centre - 2 Centre,LTCH,Respiratory,570
N,,,Respiratory syncytial virus,,2025-04-22,2025-03-30,1195 Queen St E,The Heritage Nursing Home - 4th Fl,LTCH,Respiratory,571
N,,,Coronavirus*,,2025-04-14,2025-03-30,45 Brunswick Ave,The Kensington Gardens - 1 West & 1 East,LTCH,Respiratory,572
N,,,Norovirus,,2025-04-08,2025-03-29,1955 Steeles Ave E,Chartwell Gibson Retirement Residence,Retirement Home,Enteric,573
N,,,Coronavirus*,,2025-04-06,2025-03-28,55 Belmont St,Belmont House - 3W,LTCH,Respiratory,574
N,,,Influenza A (H1N1),,2025-04-11,2025-03-28,1 Overland Dr,Better Living at Thompson House - 2nd Fl,LTCH,Respiratory,575
N,,,Influenza A (Not subtyped),,2025-04-22,2025-03-28,400 The West Mall,"Wesburn Manor - 2 North, 2 South, 3 North & 3 South",LTCH,Respiratory,576
N,,,COVID-19,,2025-04-10,2025-03-27,1925 Steeles Ave E,Chartwell Gibson Long Term Care Residence - 3rd Fl,LTCH,Respiratory,577
N,,,Enterovirus/ Rhinovirus,,2025-04-09,2025-03-27,95 Humber College Blvd,Humber Valley Terrace - 2nd & 3rd Fl,LTCH,Respiratory,578
N,,,Coronavirus*,,2025-04-22,2025-03-27,345 Sherbourne St,Rekai Centre Sherbourne Place - 3rd & 4th Fl,LTCH,Respiratory,579
N,,,Respiratory syncytial virus,,2025-04-08,2025-03-27,305 Balliol St,"The Claremont Retirement Residence - 2nd, 4th & 5th Fl",Retirement Home,Respiratory,580
N,,,Influenza A (Not subtyped),,2025-04-13,2025-03-26,3560 Bathurst St,Baycrest Apotex Centre - Jewish Home for the Aged - 3RF,LTCH,Respiratory,581
N,,,COVID-19,,2025-04-03,2025-03-26,600 Melita Cres,Christie Gardens Apartment and Care - Seaton,Retirement Home,Respiratory,582
N,,,Influenza A (Not subtyped),,2025-04-01,2025-03-25,22 Norfinch Dr,Norfinch Community - 3rd Fl,LTCH,Respiratory,583
N,,,Influenza A (H1N1),,2025-03-31,2025-03-25,60 Richview Rd,Ukrainian Canadian Care Centre - 2nd Fl,LTCH,Respiratory,584
N,,,Norovirus,,2025-04-07,2025-03-25,2311 McNicoll Ave,Yee Hong Scarborough McNicoll - 2nd & 5th Fl,LTCH,Enteric,585
N,,,Rhinovirus,,2025-04-10,2025-03-24,420 The East Mall,Eatonville Care Centre - 5th Fl,LTCH,Respiratory,586
N,,,COVID-19,,2025-04-04,2025-03-24,551 Conlins Rd,Extendicare Rouge Valley - Morrish Unit,LTCH,Respiratory,587
N,,,Coronavirus*,,2025-04-03,2025-03-24,14 William Morgan Dr,Leaside - 4th Fl,Retirement Home,Respiratory,588
N,,,Norovirus,,2025-04-01,2025-03-24,36 D'Arcy St,Mon Sheong Home for the Aged - 4th Fl,LTCH,Enteric,589
N,,,Influenza A (H1N1),,2025-04-01,2025-03-24,59 Lawson Rd,Tony Stacey Centre for Veterans Care - 1 East,LTCH,Respiratory,590
N,,,Coronavirus*,Parainfluenza,2025-04-16,2025-03-24,3276 St. Clair Ave E,Unity Health Toronto - Houses of Providence - 4E,LTCH,Respiratory,591
N,,,Influenza A (H1),,2025-03-29,2025-03-23,155 Millwood Rd,Isabel and Arthur Meighen Manor - 4th Fl - Moore South,LTCH,Respiratory,592
N,,,Norovirus,,2025-04-14,2025-03-22,60 Guildwood Pky,Extendicare Guildwood,LTCH,Enteric,593
N,,,Influenza A (H1N1),,2025-04-09,2025-03-22,28 Halton St,Maynard Nursing Home,LTCH,Respiratory,594
N,,,Coronavirus*,,2025-04-09,2025-03-21,767 Royal York Rd,"Ivan Franko Home - 1W, 2S & 3S",LTCH,Respiratory,595
N,,,CPE Colonization Citrobacter freundii (KPC),"CPE Infection E.coli (NDM), VRE",2025-05-02,2025-03-21,2075 Bayview Ave,Sunnybrook Health Sciences Centre - K3CA,Hospital-Acute Care,Other,596
N,,,Coronavirus*,,2025-03-28,2025-03-21,82 Buttonwood Ave,UHN - RCC - Trillium Health Partners - 3W LP Rehab,Hospital-Chronic Care,Respiratory,597
N,,,Coronavirus*,,2025-04-02,2025-03-20,600 Melita Cres,Christie Gardens Apartments and Care - Annex Neighbourhood,Retirement Home,Respiratory,598
N,,,Coronavirus*,,2025-03-30,2025-03-20,420 The East Mall,Eatonville Care Centre - 2nd Fl,LTCH,Respiratory,599
N,,,Coronavirus*,,2025-03-29,2025-03-20,3276 St. Clair Ave E,Unity Health Toronto - Houses of Providence - 2 East - Chestnut,LTCH,Respiratory,600
N,,,Unable to identify,,2025-03-27,2025-03-19,70 Humberline Dr,Deerwood Creek Community - 2B,LTCH,Enteric,601
N,,,Influenza A (H1),,2025-04-02,2025-03-19,3050 Lawrence Ave E,Scarborough Health Network - General Hospital - T7,Hospital-Acute Care,Respiratory,602
N,,,Coronavirus*,,2025-03-20,2025-03-19,40 Playfair Ave,Villa Colombo Homes for the Aged - 2 Fidani,LTCH,Respiratory,603
N,,,Norovirus,,2025-03-27,2025-03-18,3760 Sheppard Ave E,Shepherd Lodge - 5th & 7th Fl,LTCH,Enteric,604
N,,,Unable to identify,,2025-03-27,2025-03-17,1925 Steeles Ave E,Chartwell Gibson Long Term Care Residence - 3rd Fl,LTCH,Respiratory,605
N,,,Influenza A (H1N1),,2025-03-25,2025-03-17,2100 Bloor St W,Chartwell Grenadier Retirement Residence - Building A - 3rd & 4th Fl,Retirement Home,Respiratory,606
N,,,COVID-19,,2025-04-01,2025-03-17,40 Old Kingston Rd,Ehatare Nursing Home - 4th Fl,LTCH,Respiratory,607
N,,,Influenza A (H3),,2025-03-27,2025-03-17,111 Avenue Rd,Hazleton Place Retirement Residence - 2nd Fl,Retirement Home,Respiratory,608
N,,,Coronavirus*,,2025-03-24,2025-03-17,3015 Lawrence Ave E,Rockcliffe Care Community - 2nd Fl,LTCH,Respiratory,609
N,,,Coronavirus*,,2025-04-07,2025-03-17,1860 Lawrence Ave E,The Wexford Residence - 6th & 7th Fl,LTCH,Respiratory,610
N,,,COVID-19,,2025-03-28,2025-03-17,140 Sherway Dr,Trillium Health Partners - McCall Centre for Continuing Care - 3rd Fl,Hospital-Chronic Care,Respiratory,611
N,,,Coronavirus*,,2025-03-20,2025-03-17,2005 Lawrence Ave W,Weston Terrace Care Community - 2nd Fl,LTCH,Respiratory,612
N,,,Norovirus,,2025-03-31,2025-03-16,77 Dunfield Ave,"Dunfield Retirement Residence - 3rd, 4th, 6th, 9th, 11th, 15th & 16th Fl",Retirement Home,Enteric,613
N,,,Enterovirus/ Rhinovirus,,2025-04-14,2025-03-15,70 Humberline Dr,Deerwood Creek Community - 1A,LTCH,Respiratory,614
N,,,COVID-19,,2025-03-24,2025-03-15,3276 St. Clair Ave E,Unity Health Toronto - Houses of Providence - 1 West,LTCH,Respiratory,615
N,,,COVID-19,,2025-03-24,2025-03-15,3276 St. Clair Ave E,Unity Health Toronto - Houses of Providence - 3 West,LTCH,Respiratory,616
N,,,COVID-19,,2025-04-04,2025-03-14,550 Cummer Ave,Extendicare Bayview - South Wing & East Wing,LTCH,Respiratory,617
N,,,Coronavirus*,,2025-03-27,2025-03-14,92 Island Rd,Glen Rouge Community,LTCH,Respiratory,618
N,,,Respiratory syncytial virus,,2025-03-27,2025-03-14,2245 Lawrence Ave W,The Village of Humber Heights - 2nd Fl - Egerton,Retirement Home,Respiratory,619
N,,,Unable to identify,,2025-03-23,2025-03-13,150 Dunn Ave,Lakeside Long Term Care Centre - 1st Fl,LTCH,Enteric,620
N,,,Enterovirus/ Rhinovirus,,2025-03-25,2025-03-13,150 Dunn Ave,Lakeside Long Term Care Centre - 2nd & 3rd Fl,LTCH,Respiratory,621
N,,,Influenza A (Not subtyped),,2025-03-31,2025-03-13,2005 Lawrence Ave W,Weston Terrace Care Community - 4B Fl,LTCH,Respiratory,622
N,,,Influenza A (H1N1),,2025-03-17,2025-03-12,66 Roncesvalles Ave,Copernicus Lodge - 2nd Fl North - Memory Care,LTCH,Respiratory,623
N,,,Influenza A (H1N1),,2025-03-21,2025-03-12,1400 Kennedy Rd,Kennedy Lodge - 2nd Fl,LTCH,Respiratory,624
N,,,Influenza A (H1N1),,2025-03-26,2025-03-12,740 Pape Ave,"Nisbet Lodge - 3rd, 7th & 8th Fl",LTCH,Respiratory,625
N,,,Influenza A ((H1N1)pdm09),,2025-03-31,2025-03-12,3015 Lawrence Ave E,"Rockcliffe Care Community - 1st, 2nd & 3rd Fl",LTCH,Respiratory,626
N,,,Norovirus,,2025-03-25,2025-03-11,351 Christie St,Castleview Wychwood Towers - 7th Fl,LTCH,Enteric,627
N,,,Coronavirus*,,2025-03-19,2025-03-11,795 Eglinton Ave E,Suomi-Koti - 1st Fl,LTCH,Respiratory,628
N,,,Coronavirus*,,2025-03-19,2025-03-11,3276 St. Clair Ave E,Unity Health Toronto - Houses of Providence - 3E - Cedar & Aspen,LTCH,Respiratory,629
N,,,Norovirus,,2025-03-22,2025-03-10,1 Overland Dr,Better Living at Thompson House,LTCH,Enteric,630
N,,,Influenza A (Not subtyped),,2025-03-24,2025-03-10,205 Cummer Ave,Cummer Lodge - 4th Fl North Unit,LTCH,Respiratory,631
N,,,Coronavirus*,,2025-03-17,2025-03-10,40 Old Kingston Rd,Ehatare Retirement Home,Retirement Home,Respiratory,632
N,,,Coronavirus*,,2025-03-17,2025-03-10,130 Midland Ave,Midland Gardens Care Community - 6th Fl,LTCH,Respiratory,633
N,,,Influenza A (Not subtyped),,2025-03-18,2025-03-10,200 Church St,RCC - Church Site - St. Joseph's Health Centre - 4B,Hospital-Chronic Care,Respiratory,634
N,,,Respiratory syncytial virus,,2025-03-15,2025-03-10,1 Bridgepoint Dr,Sinai Health - Hennick Bridgepoint Hospital - 2S,Hospital-Chronic Care,Respiratory,635
N,,,COVID-19,,2025-03-18,2025-03-10,2 O'Connor Dr,Sisters of St. Joseph - 3rd Fl,Hospital-Chronic Care,Respiratory,636
N,,,Influenza A (Not subtyped),,2025-03-23,2025-03-10,140 Sherway Dr,Trillium Health Partners - McCall Centre for Continuing Care - 4th Fl,Hospital-Chronic Care,Respiratory,637
N,,,COVID-19,,2025-03-29,2025-03-10,3276 St. Clair Ave E,Unity Health Toronto - Houses of Providence - 2W - Elm & Pine,LTCH,Respiratory,638
N,,,Norovirus,,2025-03-21,2025-03-09,1195 Queen St E,The Heritage Nursing Home - 2nd & 3rd Fl,LTCH,Enteric,639
N,,,Influenza A (Not subtyped),,2025-03-15,2025-03-08,30 The Queensway,Unity Health Toronto - St. Joseph's Health Centre - 2E,Hospital-Acute Care,Respiratory,640
N,,,COVID-19,,2025-03-25,2025-03-07,55 Belmont St,Belmont House - 2E,LTCH,Respiratory,641
N,,,Influenza A (H1),,2025-03-19,2025-03-07,306 Finch Ave E,Carefree Lodge - 1st Fl,LTCH,Respiratory,642
N,,,Influenza A (Not subtyped),,2025-03-16,2025-03-07,3030 Birchmount Rd,Scarborough Health Network - Birchmount Hospital - G4C,Hospital-Acute Care,Respiratory,643
N,,,COVID-19,,2025-03-21,2025-03-07,225 St. George St,St. George Care Community - 1st Fl,LTCH,Respiratory,644
N,,,COVID-19,,2025-03-24,2025-03-07,123 Spadina Rd,"The Annex Retirement Residence - 1st, 2nd, 3rd & 4th Fl",Retirement Home,Respiratory,645
N,,,Coronavirus*,,2025-03-20,2025-03-07,3276 St. Clair Ave E,Unity Health Toronto - Houses of Providence - 1E - Redwood & Birch,LTCH,Respiratory,646
N,,,COVID-19,,2025-03-14,2025-03-07,3276 St. Clair Ave E,Unity Health Toronto - Providence Healthcare Centre - A4,Hospital-Chronic Care,Respiratory,647
N,,,Coronavirus*,,2025-03-25,2025-03-07,400 The West Mall,Wesburn Manor - 4 South,LTCH,Respiratory,648
N,,,COVID-19,,2025-04-07,2025-03-07,2005 Lawrence Ave W,Weston Terrace Care Community - 1st & 4th Fl,LTCH,Respiratory,649
N,,,COVID-19,,2025-03-29,2025-03-06,40 Old Kingston Rd,Ehatare Retirement Home,Retirement Home,Respiratory,650
N,,,COVID-19,,2025-03-14,2025-03-06,3830 Lawrence Ave E,Extendicare Scarborough - 2 West,LTCH,Respiratory,651
N,,,Coronavirus*,,2025-03-21,2025-03-06,2 Buchan Crt,North York General Hospital - Seniors' Health Centre - 4th Fl,LTCH,Respiratory,652
N,,,Norovirus,,2025-03-17,2025-03-06,2075 Bayview Ave,Sunnybrook Health Sciences Centre - Sunnybrook Veterans Centre - LSSE,LTCH,Enteric,653
N,,,Respiratory syncytial virus,,2025-03-13,2025-03-05,610 University Ave,UHN - Princess Margaret Hospital - 14C,Hospital-Acute Care,Respiratory,654
N,,,Norovirus,,2025-03-14,2025-03-04,2223 Kipling Ave,Kipling Acres - 2 South Elm & 2 North Highfield,LTCH,Enteric,655
N,,,Coronavirus*,,2025-03-12,2025-03-04,2701 St.Clair Ave E,St.Clair O'Connor Community Nursing Home - 3rd Fl,LTCH,Respiratory,656
N,,,COVID-19,,2025-03-13,2025-03-04,921 Millwood Rd,The Millwood - 3rd & 4th Fl,Retirement Home,Respiratory,657
N,,,Parainfluenza,,2025-03-20,2025-03-04,200 Dawes Rd,True Davidson Acres - 4th Fl,LTCH,Respiratory,658
N,,,Influenza A (Not subtyped),,2025-03-14,2025-03-03,340 McCowan Rd,Age Care Trilogy - 5th & 7th Fl,LTCH,Respiratory,659
N,,,Coronavirus*,,2025-03-14,2025-03-03,55 Belmont St,Belmont House - 2WW & 5WW,LTCH,Respiratory,660
N,,,Influenza A (Not subtyped),,2025-03-21,2025-03-03,351 Christie St,Castleview Wychwood Towers - 3rd Fl,LTCH,Respiratory,661
N,,,Influenza A (H1N1),,2025-03-12,2025-03-03,1400 Kennedy Rd,Kennedy Lodge - Ground Fl,LTCH,Respiratory,662
N,,,Norovirus,,2025-03-12,2025-03-03,4001 Leslie St,North York General Hospital - General Site - 5SE,Hospital-Acute Care,Enteric,663
N,,,Norovirus,,2025-03-20,2025-03-03,4650 Eglinton Ave W,Parkland on Eglinton West - 2nd & 4th Fl,Retirement Home,Enteric,664
N,,,Coronavirus*,,2025-03-10,2025-03-03,3276 St. Clair Ave E,Unity Health Toronto - Providence Healthcare Centre - A3,Hospital-Chronic Care,Respiratory,665
N,,,Influenza A (Not subtyped),,2025-03-16,2025-03-03,30 The Queensway,Unity Health Toronto - St. Joseph's Health Centre - 6G,Hospital-Acute Care,Respiratory,666
N,,,Respiratory syncytial virus,,2025-03-08,2025-03-03,40 Playfair Ave,Villa Colombo Homes for the Aged - 3 Fidani,LTCH,Respiratory,667
N,,,Unable to identify,,2025-03-08,2025-02-28,3560 Bathurst St,Baycrest Hospital - H7W,Hospital-Chronic Care,Enteric,668
N,,,Influenza A (H1N1),,2025-03-23,2025-02-28,3595 Keele St,Downsview Long Term Care Centre - 2 North,LTCH,Respiratory,669
N,,,Coronavirus*,,2025-03-22,2025-02-28,1 Northwestern Ave,Harold and Grace Baker Center - 4th Fl,Retirement Home,Respiratory,670
N,,,Parainfluenza,,2025-03-22,2025-02-28,130 Midland Ave,Midland Gardens Care Community - 3rd & 5th Fl,LTCH,Respiratory,671
N,,,COVID-19,,2025-03-10,2025-02-28,36 D'Arcy St,Mon Sheong Home for the Aged - 5th Fl,LTCH,Respiratory,672
N,,,Coronavirus*,,2025-03-07,2025-02-28,9 Neilson Rd,Seven Oaks - 1st Fl,LTCH,Respiratory,673
N,,,Coronavirus*,,2025-03-12,2025-02-27,5 Resurrection Rd,Labdara Lithuanian Nursing Home - 1st Fl,LTCH,Respiratory,674
N,,,Norovirus,,2025-03-05,2025-02-27,4001 Leslie St,North York General Hospital - General Site - 6W,Hospital-Acute Care,Enteric,675
N,,,COVID-19,,2025-03-19,2025-02-27,2 Buchan Crt,North York General Hospital - Seniors' Health Centre - 1st & 2nd Fl,LTCH,Respiratory,676
N,,,Influenza A (H3),,2025-03-09,2025-02-27,1 Kenton Pl,One Kenton Place - 2nd & 4th Fl,Retirement Home,Respiratory,677
N,,,Influenza A (Not subtyped),,2025-03-07,2025-02-27,2075 Bayview Ave,Sunnybrook Health Sciences Centre - Sunnybrook Veterans Centre - LFSW,LTCH,Respiratory,678
N,,,Unable to identify,,2025-03-08,2025-02-26,70 Humberline Dr,Deerwood Creek Community - 3A,LTCH,Enteric,679
N,,,Influenza A (H3),,2025-03-11,2025-02-26,3050 Lawrence Ave E,Scarborough Health Network - General Hospital - 4C,Hospital-Acute Care,Respiratory,680
N,,,Influenza A (H1N1),Influenza A (Not subtyped),2025-03-05,2025-02-26,303 Queens Dr,Weston Gardens Retirement Residents - 4th & 5th Fl,Retirement Home,Respiratory,681
N,,,Coronavirus*,,2025-03-04,2025-02-25,55 Belmont St,Belmont House - 3rd Fl East,Retirement Home,Respiratory,682
N,,,Respiratory syncytial virus,,2025-03-28,2025-02-25,1925 Steeles Ave E,Chartwell Gibson Long Term Care Residence,LTCH,Respiratory,683
N,,,Unable to identify,,2025-03-04,2025-02-25,305 Balliol St,Clarmont Retirement Residence,Retirement Home,Enteric,684
N,,,Influenza A (H1),,2025-03-06,2025-02-25,3030 Birchmount Rd,Scarborough Health Network - Birchmount Hospital - G3B,Hospital-Acute Care,Respiratory,685
N,,,Coronavirus*,,2025-03-02,2025-02-25,150 Emmett Ave,West Park Long Term Care Centre - Humber & York,LTCH,Respiratory,686
N,,,COVID-19,,2025-04-04,2025-02-24,306 Finch Ave E,Carefree Lodge - 2nd Fl,LTCH,Respiratory,687
N,,,Unable to identify,,2025-03-04,2025-02-24,4001 Leslie St,North York General Hospital - General Site - 7 West,Hospital-Acute Care,Enteric,688
N,,,COVID-19,,2025-03-02,2025-02-24,140 Sherway Dr,THP - McCall Centre For Continuing Care - 2nd Fl,Hospital-Chronic Care,Respiratory,689
N,,,Respiratory syncytial virus,,2025-03-25,2025-02-21,351 Christie St,Castleview Wychwood Towers - 2W,LTCH,Respiratory,690
N,,,Influenza A (Not subtyped),Influenza A (H1N1),2025-03-02,2025-02-21,52 Neilson Dr,Dom Lipa - West 1,LTCH,Respiratory,691
N,,,Unable to identify,,2025-03-08,2025-02-21,8 The Donway E,Donway Place,Retirement Home,Enteric,692
N,,,Influenza A (Not subtyped),,2025-02-26,2025-02-21,122 Tyndall Ave,Norwood Nursing Home - 2nd Fl,LTCH,Respiratory,693
N,,,COVID-19,,2025-03-03,2025-02-21,43 Wellesley St,SHSC - Holland Orthopaedic & Arthritic Centre - 16E,Hospital-Chronic Care,Respiratory,694
N,,,COVID-19,,2025-03-07,2025-02-21,150 Sherway Dr,THP - The Moir Family Centre for Complex Contnuing Care - Moir Family Centre,Hospital-Chronic Care,Respiratory,695
N,,,Coronavirus*,,2025-02-27,2025-02-21,541 Finch Ave W,Valleyview Residence - 4th Fl,LTCH,Respiratory,696
N,,,Norovirus,,2025-03-31,2025-02-21,40 Playfair Ave,Villa Colombo - 2 Fusco,LTCH,Enteric,697
N,,,Coronavirus*,,2025-03-03,2025-02-20,1 Northwestern Ave,Harold and Grace Baker Centre - C Wing,LTCH,Respiratory,698
N,,,Coronavirus*,,2025-03-17,2025-02-20,150 Dunn Ave,Lakeside Long Term Care Centre - 1st Fl,LTCH,Respiratory,699
N,,,Norovirus,,2025-02-28,2025-02-20,500 Kingston Rd,TEHN - Atrium at Kew Beach - 2nd Fl East Wing,Hospital-Chronic Care,Enteric,700
N,,,Influenza A (H3),,2025-03-03,2025-02-20,2005 Lawrence Ave W,Weston Terrace - 3B Unit,LTCH,Respiratory,701
N,,,Norovirus,,2025-03-17,2025-02-19,1800 O'Connor Dr,Harmony Hill Care Community - 3A & 3B,LTCH,Enteric,702
N,,,COVID-19,,2025-03-07,2025-02-19,1860 Lawrence Ave E,The Wexford - 2nd Fl,LTCH,Respiratory,703
N,,,Respiratory syncytial virus,,2025-03-03,2025-02-19,30 The Queensway,Unity Health Toronto - St. Joseph's Health Centre - 6G,Hospital-Acute Care,Respiratory,704
N,,,Coronavirus*,,2025-03-02,2025-02-18,205 Cummer Ave,Cummer Lodge - 2 North,LTCH,Respiratory,705
N,,,Unable to identify,,2025-03-14,2025-02-18,2045 Finch Ave W,Hawthorne Place Care Centre,LTCH,Enteric,706
N,,,Coronavirus*,,2025-02-27,2025-02-18,2411 Lawrence Ave E,Hellenic Home for the Aged - 3A,LTCH,Respiratory,707
N,,,Influenza A (Not subtyped),,2025-02-25,2025-02-18,1235 Wilson Ave,Humber River Hospital - Wilson Site - 12 East,Hospital-Acute Care,Respiratory,708
N,,,Influenza A (H1),Coronavirus*,2025-03-21,2025-02-18,2 Buchan Crt,North York General Hospital - Seniors' Health Centre - 3rd Fl,LTCH,Respiratory,709
N,,,Respiratory syncytial virus,,2025-02-25,2025-02-18,9 Neilson Rd,Seven Oaks - 4th Fl,LTCH,Respiratory,710
N,,,Influenza A ((H1N1)pdm09),Influenza A (H3),2025-02-27,2025-02-18,399 Bathurst St,UHN - Toronto Western Hospital - 8B,Hospital-Acute Care,Respiratory,711
N,,,COVID-19,,2025-02-24,2025-02-18,30 The Queensway,Unity Health Toronto - St. Joseph's Health Centre - 4M,Hospital-Acute Care,Respiratory,712
N,,,Influenza A (Not subtyped),,2025-02-24,2025-02-18,30 The Queensway,Unity Health Toronto - St. Joseph's Health Centre - 4M,Hospital-Acute Care,Respiratory,713
N,,,COVID-19,,2025-03-03,2025-02-18,303 Queens Dr,"Weston Gardens Retirement Residents - 2nd, 3rd & 5th Fl",Retirement Home,Respiratory,714
N,,,Coronavirus*,,2025-03-03,2025-02-18,1145 Albion Rd,Westside - 4th Fl,LTCH,Respiratory,715
N,,,Influenza A (Not subtyped),,2025-02-26,2025-02-17,55 Belmont St,Belmont House - 3WW,LTCH,Respiratory,716
N,,,Coronavirus*,,2025-03-03,2025-02-17,1 Overland Dr,Better Living At Thompson House - 3rd Fl,LTCH,Respiratory,717
N,,,Respiratory syncytial virus,,2025-02-25,2025-02-16,22 Norfinch Dr,Norfinch Care Community - 3B,LTCH,Respiratory,718
N,,,Respiratory syncytial virus,,2025-03-06,2025-02-14,70 Humberline Dr,Deerwood Creek Care Community - 3A & 3B,LTCH,Respiratory,719
N,,,Influenza A (Not subtyped),,2025-03-07,2025-02-14,45 Brunswick Ave,Kensington Gardens (North) - 1 East,LTCH,Respiratory,720
N,,,Norovirus,,2025-02-27,2025-02-14,2881 Eglinton Ave E,McCowan Retirement Residence,LTCH,Enteric,721
N,,,Influenza A (Not subtyped),,2025-03-01,2025-02-14,225 St. George St,St. George Care Community,LTCH,Respiratory,722
N,,,Influenza A (Not subtyped),,2025-02-25,2025-02-14,825 Coxwell Ave,TEHN - Michael Garron Hospital - A3,Hospital-Acute Care,Respiratory,723
N,,,Coronavirus*,,2025-03-03,2025-02-14,60 Scottfield Dr,Yee Hong Centre - Scarborough Finch - 4th Fl,LTCH,Respiratory,724
N,,,Coronavirus*,,2025-02-25,2025-02-13,4005 Eglinton Ave W,Chartwell Scarlett Heights - 2nd Fl,Retirement Home,Respiratory,725
N,,,Norovirus,,2025-03-17,2025-02-13,5935 Bathurst St,Cheltenham Care Community - 2nd & 3rd Fl,LTCH,Enteric,726
N,,,Unable to identify,,2025-02-21,2025-02-13,102 Craiglee Dr,Craiglee Nursing Home - 2 East & West,LTCH,Enteric,727
N,,,Norovirus,,2025-02-26,2025-02-13,15 Summerland Terr,Delmanor West Village,Retirement Home,Enteric,728
N,,,COVID-19,,2025-03-05,2025-02-13,2109 Finch Ave W,Humber Meadows - 5th Fl North,LTCH,Respiratory,729
N,,,Influenza A (Not subtyped),,2025-02-21,2025-02-13,866 Sheppard Ave W,Kensington Place Retirement Residence - 3rd Fl,Retirement Home,Respiratory,730
N,,,COVID-19,,2025-02-23,2025-02-13,1 Bridgepoint Dr,Sinai Health - Hennick Bridgepoint Hospital - 6S,Hospital-Chronic Care,Respiratory,731
N,,,Coronavirus*,,2025-02-28,2025-02-13,2 O'Connor Dr,Sisters of St. Joseph - 3rd & 4th Fl,Hospital-Chronic Care,Respiratory,732
N,,,Influenza A (H1N1),,2025-02-18,2025-02-13,65 Livingston Road,Venvi Guildwood Retirement Residence - 1st Fl,Retirement Home,Respiratory,733
N,,,Respiratory syncytial virus,,2025-02-21,2025-02-12,3560 Bathurst St,Baycrest Apotex Centre - Jewish Home for the Aged - 7GS,LTCH,Respiratory,734
N,,,Influenza A (Not subtyped),,2025-02-19,2025-02-12,147 Elder St,Sage Care - 2nd & 3rd Fl,Retirement Home,Respiratory,735
N,,,COVID-19,,2025-02-28,2025-02-12,2005 Lawrence Ave W,Weston Terrace Care Community - 2A,LTCH,Respiratory,736
N,,,Unable to identify,,2025-02-19,2025-02-11,70 Humberline Dr,Deerwood Creek Care Community - 1st Fl,LTCH,Enteric,737
N,,,Influenza A (H1N1),,2025-03-07,2025-02-11,420 The East Mall,Eatonville Care Centre,LTCH,Respiratory,738
N,,,Unable to identify,,2025-03-03,2025-02-11,1800 O'Connor Dr,"Fountain View Care Community - 2B, 3A & 3B",LTCH,Enteric,739
N,,,Influenza A (Not subtyped),,2025-02-16,2025-02-11,111 Avenue Rd,Hazelton Place Retirement Residence - 2nd Fl,Retirement Home,Respiratory,740
N,,,Norovirus,,2025-02-24,2025-02-11,2 Buchan Crt,North York General Hospital - Seniors' Health Centre - 1st Fl,LTCH,Enteric,741
N,,,Influenza A (Not subtyped),,2025-03-07,2025-02-11,9 Neilson Rd,Seven Oaks - 3rd & 4th Fl,LTCH,Respiratory,742
N,,,Unable to identify,,2025-02-22,2025-02-11,200 Dawes Rd,True Davidson Acres - 3rd Fl,LTCH,Enteric,743
N,,,Respiratory syncytial virus,,2025-02-17,2025-02-10,3560 Bathurst St,Baycrest Apotex Centre - Jewish Home for the Aged - 7EI,LTCH,Respiratory,744
N,,,Influenza A (Not subtyped),,2025-02-20,2025-02-10,76 Silversted Dr,Bethseda Home,Retirement Home,Respiratory,745
N,,,Influenza A (Not subtyped),,2025-02-16,2025-02-10,1001 Queen St W,Centre for Addiction and Mental Health - Unit 1-4,Hospital-Psychiatric,Respiratory,746
N,,,Influenza A (H1),,2025-02-24,2025-02-10,550 Cummer Ave,Extendicare Bayview - South 2,LTCH,Respiratory,747
N,,,Norovirus,,2025-03-02,2025-02-10,537 Finch Ave W,Forestview Retirement Residence,Retirement Home,Enteric,748
N,,,Coronavirus*,,2025-03-05,2025-02-10,2109 Finch Ave W,"Humber Meadows Long Term Care Home - 3N, 4N, 5N, 5S & 6N",LTCH,Respiratory,749
N,,,Influenza A (Not subtyped),,2025-02-18,2025-02-10,1140 Bloor St W,New Horizons Tower - 3rd Fl,Retirement Home,Respiratory,750
N,,,Unable to identify,,2025-03-03,2025-02-10,3760 Sheppard Ave E,"Shepherd Lodge - 2 North, 2 South, 3 North, 3 South, 5 North & 6 South",LTCH,Enteric,751
N,,,Norovirus,,2025-02-15,2025-02-10,1 Bridgepoint Dr,Sinai Health - Hennick Bridgepoint Hospital - 8N,Hospital-Chronic Care,Enteric,752
N,,,Norovirus,,2025-03-10,2025-02-09,1066 Avenue Rd,Amica on the Avenue,Retirement Home,Enteric,753
N,,,COVID-19,,2025-03-20,2025-02-09,351 Christie St,Castleview Wychwood Towers - 2W,LTCH,Respiratory,754
N,,,COVID-19,,2025-02-26,2025-02-09,685 Finch Ave W,St. Bernard's Residence,Retirement Home,Respiratory,755
N,,,COVID-19,,2025-03-17,2025-02-08,340 McCowan Rd,"Age Care Trilogy - 1st, 4th, 5th, 6th & 7th Fl",LTCH,Respiratory,756
N,,,COVID-19,,2025-02-23,2025-02-08,4001 Leslie St,North York General Hospital - General Site - 7 North,Hospital-Acute Care,Respiratory,757
N,,,Respiratory syncytial virus,,2025-02-16,2025-02-08,2 Buchan Crt,North York General Hospital - Seniors' Health Centre - 3rd Fl,LTCH,Respiratory,758
N,,,Respiratory syncytial virus,,2025-02-19,2025-02-07,1400 Kennedy Rd,Kennedy Lodge - Ground Fl,LTCH,Respiratory,759
N,,,COVID-19,,2025-02-19,2025-02-07,22 Norfinch Dr,Norfinch Care Community - 3A,LTCH,Respiratory,760
N,,,Metapneumovirus,,2025-03-03,2025-02-07,541 Finch Ave W,Valleyview Residence - 3E & 4W,LTCH,Respiratory,761
N,,,Unable to identify,,2025-02-15,2025-02-07,2245 Lawrence Ave W,Village of Humber Heights - 2nd Fl Williamsburg East,Retirement Home,Enteric,762
N,,,Influenza A (Not subtyped),,2025-02-15,2025-02-07,2245 Lawrence Ave W,Village of Humber Heights - 3rd Fl,Retirement Home,Respiratory,763
N,,,COVID-19,,2025-02-16,2025-02-07,2245 Lawrence Ave W,Village of Humber Heights - Williamsburg East,Retirement Home,Respiratory,764
N,,,Unable to identify,,2025-02-15,2025-02-07,2245 Lawrence Ave W,Village of Humber Heights - Williamsburg East,Retirement Home,Respiratory,765
N,,,Coronavirus*,,2025-02-20,2025-02-06,61 Fairfax Cres,Presentation Manor,Retirement Home,Respiratory,766
N,,,Norovirus,,2025-02-20,2025-02-06,1195 Queen St E,The Heritage Nursing Home - 3rd Fl,LTCH,Enteric,767
N,,,Respiratory syncytial virus,,2025-02-26,2025-02-05,55 Belmont St,Belmont House - 5th Fl,LTCH,Respiratory,768
N,,,COVID-19,,2025-02-19,2025-02-05,5935 Bathurst St,Cheltenham Community - 2nd Fl,LTCH,Respiratory,769
N,,,COVID-19,,2025-03-01,2025-02-05,111 Avenue Rd,Hazelton Place Retirement Residence,Retirement Home,Respiratory,770
N,,,Influenza A (H3),,2025-02-19,2025-02-05,215 Tyrrel Avenue,Hellenic Care for Seniors - 1st Fl,LTCH,Respiratory,771
N,,,Rhinovirus,,2025-02-19,2025-02-05,215 Tyrrel Avenue,Hellenic Care for Seniors - 1st Fl,LTCH,Respiratory,772
N,,,Influenza A (H3),Influenza A (H1N1),2025-02-18,2025-02-05,10 William Morgan Dr,Leaside Retirement Residence,Retirement Home,Respiratory,773
N,,,Norovirus,,2025-02-24,2025-02-05,740 Pape Ave,Nisbet Lodge,LTCH,Enteric,774
N,,,Norovirus,,2025-02-17,2025-02-04,1 Canterbury Pl,Canterbury Place Retirement Residence,Retirement Home,Enteric,775
N,,,Unable to identify,,2025-02-27,2025-02-04,520 Markham Rd,Cedarbrook Lodge Retirement Residence,Retirement Home,Enteric,776
N,,,COVID-19,,2025-02-12,2025-02-04,1001 Queen St W,Centre for Addiction and Mental Health - Unit 3-5,Hospital-Psychiatric,Respiratory,777
N,,,Norovirus,,2025-02-18,2025-02-04,2 Green Belt Dr,"Don Mills Retirement Residence - 3rd, 4th, 5th, 8th & 10th Fl",Retirement Home,Enteric,778
N,,,Unable to identify,,2025-02-26,2025-02-04,2233 Kipling Ave,"Kipling Acres - 1 South East (Humber), 3 South East (Thistletown) & 3 South West (Alder)",LTCH,Enteric,779
N,,,Influenza A (Not subtyped),,2025-02-12,2025-02-04,625 Runnymede Rd,Runnymede Healthcare Centre - 3E,Hospital-Chronic Care,Respiratory,780
N,,,Influenza A (Not subtyped),,2025-02-24,2025-02-04,40 Playfair Ave,"Villa Colombo Homes for the Aged - 4th Fl Fusco South, West & North",LTCH,Respiratory,781
N,,,Influenza A (Not subtyped),,2025-02-18,2025-02-04,2005 Lawrence Ave W,Weston Terrace Care Community - 1A & 4A Units,LTCH,Respiratory,782
N,,,Norovirus,,2025-02-11,2025-02-03,351 Christie St,Castleview Wychwood Towers - 5th Fl,LTCH,Enteric,783
N,,,Norovirus,,2025-02-13,2025-02-03,5351 Yonge St,Delmanor Northtown,Retirement Home,Enteric,784
N,,,Respiratory syncytial virus,,2025-02-11,2025-02-03,2411 Lawrence Ave E,Hellenic Home for the Aged - 3B,LTCH,Respiratory,785
N,,,COVID-19,,2025-02-18,2025-02-03,40 Bell Estate Road,Ina Grafton Gage Home,LTCH,Respiratory,786
N,,,Influenza A (H1N1),,2025-02-16,2025-02-03,4251 Dundas St W,"Kingsway Retirement Residence - 2nd, 3rd & 4th Fl",Retirement Home,Respiratory,787
N,,,Influenza A (Not subtyped),,2025-02-11,2025-02-03,2030 McNicoll Ave,Mon Sheong Foundation - SPH,LTCH,Respiratory,788
N,,,Influenza A (Not subtyped),,2025-02-11,2025-02-03,22 Norfinch Dr,Norfinch Care Community - Garden Place (Wing 3A),LTCH,Respiratory,789
N,,,Norovirus,,2025-02-07,2025-02-03,500 Kingston Rd,TEHN - Atrium At Kew Beach - 3rd Fl East Wing,Hospital-Chronic Care,Enteric,790
N,,,Coronavirus*,,2025-03-05,2025-02-03,60 Richview Rd,Ukrainian Canadian Care Centre - 2nd & 3rd Fl,LTCH,Respiratory,791
N,,,Influenza A (Not subtyped),,2025-02-10,2025-02-03,3276 St. Clair Ave E,Unity Health Toronto - Providence Healthcare - B4,Hospital-Chronic Care,Respiratory,792
N,,,COVID-19,,2025-02-20,2025-02-03,60 Scottfield Dr,Yee Hong Centre Scarborough Finch - 6th Fl,LTCH,Respiratory,793
N,,,Unable to identify,,2025-02-14,2025-02-02,520 Markham Rd,Cedarbrook Transitional Care Unit,Retirement Home,Enteric,794
N,,,Unable to identify,,2025-02-12,2025-02-02,2245 Lawrence Ave W,The Village of Humber Heights - 2nd Fl Brule,LTCH,Enteric,795
N,,,Influenza A (Not subtyped),,2025-02-10,2025-01-31,2601 Bayview Ave,Cedarhurst Dementia Care Home - 1st Fl,Retirement Home,Respiratory,796
N,,,Influenza A (H1N1),,2025-02-15,2025-01-31,66 Roncesvalles Ave,Copernicus Lodge - 3S & 6S,LTCH,Respiratory,797
N,,,Rhinovirus,,2025-02-25,2025-01-31,420 The East Mall,Eatonville Care Centre - 2nd Fl,LTCH,Respiratory,798
N,,,Coronavirus*,,2025-02-13,2025-01-31,551 Conlins Rd,Extendicare Rouge Valley - 1st Fl (BSTU),LTCH,Respiratory,799
N,,,Influenza A (H1),,2025-02-12,2025-01-31,551 Conlins Rd,Extendicare Rouge Valley - 3rd Fl Meadowvale,LTCH,Respiratory,800
N,,,Respiratory syncytial virus,,2025-02-03,2025-01-31,60 Richview Road,Ukrainian Canadian Care Centre - 2nd Fl,LTCH,Respiratory,801
N,,,Respiratory syncytial virus,,2025-02-10,2025-01-31,2005 Lawrence Ave W,Weston Terrace Care Community - 3B,LTCH,Respiratory,802
N,,,Norovirus,,2025-02-10,2025-01-30,66 Roncesvalles Ave,Copernicus Lodge - 6 South,LTCH,Enteric,803
N,,,Coronavirus*,,2025-02-18,2025-01-30,1400 Kennedy Rd,Kennedy Lodge - 2 South & 3 South,LTCH,Respiratory,804
N,,,Influenza A (Not subtyped),,2025-02-12,2025-01-30,9 Neilson Rd,Seven Oaks - 1st Fl,LTCH,Respiratory,805
N,,,Unable to identify,,2025-02-14,2025-01-30,3760 Sheppard Ave E,Shepherd Terrace,Retirement Home,Enteric,806
N,,,Respiratory syncytial virus,,2025-02-15,2025-01-30,3276 St. Clair Ave E,Unity Health Toronto - Providence Healthcare - B5,Hospital-Chronic Care,Respiratory,807
N,,,COVID-19,,2025-02-14,2025-01-30,2311 McNicoll Ave,Yee Hong Centre Scarborough McNicoll - 3rd Fl,LTCH,Respiratory,808
N,,,Influenza A (Not subtyped),,2025-02-06,2025-01-29,1001 Queen St W,Centre for Addiction and Mental Health - Unit 1-2,Hospital-Psychiatric,Respiratory,809
N,,,Influenza A (Not subtyped),,2025-02-07,2025-01-29,205 Cummer Ave,Cummer Lodge - 4N,LTCH,Respiratory,810
N,,,Influenza A (Not subtyped),Influenza A (H3),2025-02-13,2025-01-29,40 Playfair Ave,Villa Colombo Homes for the Aged - 2nd Fl,LTCH,Respiratory,811
N,,,COVID-19,,2025-02-06,2025-01-29,101 Humber College Blvd,William Osler Health System - Etobicoke General Hospital - 9W,Hospital-Acute Care,Respiratory,812
N,,,Influenza A (Not subtyped),,2025-02-10,2025-01-28,3555 Danforth Ave,"Chester Village - 1W, 4W & 4E",LTCH,Respiratory,813
N,,,Influenza A (Not subtyped),,2025-02-12,2025-01-28,70 Humberline Dr,"Deerwood Creek Community - 1A, 2A & 2B",LTCH,Respiratory,814
N,,,Respiratory syncytial virus,,2025-02-02,2025-01-28,123 Spadina Rd,The Annex - 2nd Fl,Retirement Home,Respiratory,815
N,,,Influenza A (Not subtyped),,2025-02-07,2025-01-28,60 Scottfield Dr,Yee Hong Centre - Scarborough Finch - 2nd Fl,LTCH,Respiratory,816
N,,,Influenza A (Not subtyped),,2025-02-12,2025-01-27,3560 Bathurst St,Baycrest Apotex Centre - Jewish Home for the Aged - 3EI,LTCH,Respiratory,817
N,,,COVID-19,,2025-02-05,2025-01-27,3560 Bathurst St,Baycrest Hospital - 7E,Hospital-Chronic Care,Respiratory,818
N,,,Influenza A (Not subtyped),,2025-02-03,2025-01-27,3560 Bathurst St,Baycrest Hospital - 7E,Hospital-Chronic Care,Respiratory,819
N,,,Unable to identify,,2025-02-10,2025-01-27,65 Livingston Rd,Chartwell Guildwood,Retirement Home,Enteric,820
N,,,COVID-19,,2025-02-11,2025-01-27,880 Lawrence Ave E,Greenview Lodge - 3rd Fl,Retirement Home,Respiratory,821
N,,,Rhinovirus,,2025-02-16,2025-01-27,2411 Lawrence Ave E,Hellenic Home - Scarborough - Ground Fl,LTCH,Respiratory,822
N,,,Coronavirus*,,2025-02-05,2025-01-27,2109 Finch Avenue W,Humber Meadows Long Term Care Home - 3N,LTCH,Respiratory,823
N,,,Influenza A (Not subtyped),,2025-02-16,2025-01-27,36 D'Arcy St,"Mon Sheong Home for the Aged - 2F, 4F & 5F",LTCH,Respiratory,824
N,,,COVID-19,,2025-02-11,2025-01-27,61 Fairfax Cres,Presentation Manor,Retirement Home,Respiratory,825
N,,,Influenza A (Not subtyped),,2025-02-08,2025-01-27,1020 McNicoll Ave,Tendercare Living Centre,LTCH,Respiratory,826
N,,,Influenza A (Not subtyped),,2025-02-07,2025-01-27,305 Balliol St,The Claremont,Retirement Home,Respiratory,827
N,,,COVID-19,,2025-02-12,2025-01-26,303 Queens Dr,Weston Gardens Retirement Residence,Retirement Home,Respiratory,828
N,,,COVID-19,,2025-02-05,2025-01-26,2005 Lawrence Ave W,Weston Terrace Care Community - 4B,LTCH,Respiratory,829
N,,,COVID-19,,2025-01-30,2025-01-24,2 Green Belt Dr,Don Mills Retirement Residence - 9th Fl,Retirement Home,Respiratory,830
N,,,Norovirus,,2025-02-08,2025-01-24,95 Humber College Blvd,Humber Valley Terrace - 2nd & 3rd Fl,LTCH,Enteric,831
N,,,COVID-19,,2025-02-03,2025-01-24,740 Pape Ave,Nisbet Lodge - 11th Fl,LTCH,Respiratory,832
N,,,Unable to identify,,2025-01-31,2025-01-24,825 Coxwell Ave,TEHN - Michael Garron Hospital - J5,Hospital-Acute Care,Enteric,833
N,,,Influenza A (Not subtyped),,2025-02-11,2025-01-24,1195 Queen St E,The Heritage Nursing Home - 4th Fl,LTCH,Respiratory,834
N,,,COVID-19,,2025-02-27,2025-01-24,140 Sherway Dr,Trillium Health Partners - McCall Centre for Continuing Care - 3rd Fl,Hospital-Chronic Care,Respiratory,835
N,,,Influenza A (H1N1),,2025-02-03,2025-01-24,160 Wellesley St E,Wellesley Central Place - 4 West,LTCH,Respiratory,836
N,,,Metapneumovirus,,2025-02-03,2025-01-23,19 Rean Dr,Amica Bayview Gardens - 4th & 7th Fl,Retirement Home,Respiratory,837
N,,,COVID-19,,2025-02-05,2025-01-23,19 Rean Dr,Amica Bayview Gardens - 7th & 8th Fl,Retirement Home,Respiratory,838
N,,,COVID-19,,2025-02-06,2025-01-23,1 Kenton Dr,One Kenton Place - 2nd Fl,Retirement Home,Respiratory,839
N,,,Influenza A (Not subtyped),,2025-02-04,2025-01-23,30 The Queensway,Unity Health Toronto - St. Joseph's Health Centre - 3M,Hospital-Acute Care,Respiratory,840
N,,,Influenza A (Not subtyped),,2025-01-30,2025-01-22,3560 Bathurst St,Baycrest Apotex Centre - Jewish Home for the Aged - 3GS,LTCH,Respiratory,841
N,,,Influenza A (Not subtyped),,2025-02-01,2025-01-22,1001 Queen St W,Centre for Addiction and Mental Health - Unit 1-5,Hospital-Psychiatric,Respiratory,842
N,,,Norovirus,,2025-02-14,2025-01-22,5 Resurrection Rd,Labdara Lithuanian Nursing Home,LTCH,Enteric,843
N,,,COVID-19,,2025-01-28,2025-01-22,225 St. George St,St. George Care Community - 4th Fl,LTCH,Respiratory,844
N,,,COVID-19,,2025-02-04,2025-01-22,140 Sherway Dr,Trillium Health Partners - McCall Centre for Continuing Care - 2nd Fl,Hospital-Chronic Care,Respiratory,845
N,,,Respiratory syncytial virus,,2025-01-30,2025-01-22,3276 St. Clair Ave E,Unity Health Toronto - Providence Healthcare - A5,Hospital-Chronic Care,Respiratory,846
N,,,Influenza A (H1N1),,2025-01-29,2025-01-21,55 Belmont St,Belmont House - 3WW,LTCH,Respiratory,847
N,,,Unable to identify,,2025-02-03,2025-01-21,1 Overland Dr,Better Living at Thompson House - 2nd Fl,LTCH,Respiratory,848
N,,,Influenza A (Not subtyped),Coronavirus*,2025-02-11,2025-01-21,2109 Finch Ave W,Humber Meadows Long Term Care - 2S & 4S,LTCH,Respiratory,849
N,,,Unable to identify,,2025-01-25,2025-01-21,555 University Ave,The Hospital for Sick Children - 8C,Hospital-Acute Care,Enteric,850
N,,,COVID-19,,2025-02-11,2025-01-21,30 The Queensway,Unity Health Toronto - St. Joseph's Health Centre - 4M,Hospital-Acute Care,Respiratory,851
N,,,COVID-19,,2025-02-05,2025-01-21,170 Emmett Ave,West Park Healthcare Centre - 2C - Pod 2,Hospital-Chronic Care,Respiratory,852
N,,,COVID-19,,2025-01-28,2025-01-20,3560 Bathurst St,Baycrest Apotex Centre - Jewish Home for the Aged - 4RF,LTCH,Respiratory,853
N,,,COVID-19,,2025-01-25,2025-01-20,520 Markham Rd,Cedarbrook Lodge - 5N,Retirement Home,Respiratory,854
N,,,Influenza A (Not subtyped),,2025-01-28,2025-01-20,1000 Ellesmere Rd,Fieldstone Commons Care Community - 2A,LTCH,Respiratory,855
N,,,Norovirus,,2025-02-05,2025-01-20,1800 O'Connor Dr,"Fountain View Care Community - 1A, 2A & 2B",LTCH,Enteric,856
N,,,Influenza A (Not subtyped),,2025-01-31,2025-01-20,45 Brunswick Ave,Kensington Gardens - North Building - 3 West,LTCH,Respiratory,857
N,,,Influenza A (Not subtyped),,2025-01-25,2025-01-20,1 Bridgepoint Dr,Sinai Health - Hennick Bridgepoint Hospital - 9 South,Hospital-Chronic Care,Respiratory,858
N,,,Unable to identify,,2025-01-23,2025-01-20,500 Kingston Rd,TEHN - Atrium at Kew Beach - 3rd Fl,Hospital-Chronic Care,Enteric,859
N,,,Respiratory syncytial virus,Influenza A (Not subtyped),2025-01-29,2025-01-20,3276 St. Clair Ave E,Unity Health Toronto - Houses of Providence - 3W Walnut & Poplar,LTCH,Respiratory,860
N,,,COVID-19,,2025-01-28,2025-01-20,303 Queens Dr,Weston Gardens TCU - 2nd Fl,Retirement Home,Respiratory,861
N,,,Influenza A (Not subtyped),,2025-01-26,2025-01-20,101 Humber College Blvd,William Osler Health System - Etobicoke General Hospital - 9E,Hospital-Acute Care,Respiratory,862
N,,,Respiratory syncytial virus,,2025-02-06,2025-01-19,1925 Steeles Ave E,Chartwell Gibson Long Term Care Residence - 2nd Fl,LTCH,Respiratory,863
N,,,COVID-19,,2025-02-07,2025-01-19,2045 Finch Ave W,Hawthorne Place Care Centre - 1st Fl,LTCH,Respiratory,864
N,,,Respiratory syncytial virus,,2025-02-03,2025-01-19,2030 McNicoll Ave,Mon Sheong Scarbouroug Long-Term Care,LTCH,Respiratory,865
N,,,COVID-19,,2025-01-29,2025-01-19,22 Norfinch Dr,Norfinch Care Community - 2A,LTCH,Respiratory,866
N,,,Unable to identify,,2025-01-31,2025-01-18,1066 Avenue Rd,Amica on the Avenue - 4th Fl,Retirement Home,Respiratory,867
N,,,Norovirus,,2025-01-26,2025-01-18,66 Roncesvalles Ave,Copernicus Lodge - 3 South,LTCH,Enteric,868
N,,,Unable to identify,,2025-01-28,2025-01-17,19 Rean Dr,"Amica Bayview Gardens - 4th, 7th & 10th Fl",Retirement Home,Enteric,869
N,,,COVID-19,,2025-02-08,2025-01-17,3560 Bathurst St,Baycrest Hospital - H5E,Hospital-Chronic Care,Respiratory,870
N,,,Influenza A (Not subtyped),,2025-02-10,2025-01-17,25 Brunswick Ave,Kensington Gardens South Building - 4E & 4W,LTCH,Respiratory,871
N,,,Influenza A (Not subtyped),,2025-01-25,2025-01-17,718 Sheppard Ave W,L'Chaim Retirement Homes,Retirement Home,Respiratory,872
N,,,COVID-19,,2025-01-23,2025-01-16,3560 Bathurst St,Baycrest Apotex Centre - Jewish Home for the Aged - 5RF,LTCH,Respiratory,873
N,,,Norovirus,,2025-01-24,2025-01-16,25 Centennial Park Rd,Centennial Park Place,Retirement Home,Enteric,874
N,,,Respiratory syncytial virus,,2025-01-31,2025-01-16,1 Northwestern Ave,Harold and Grace Baker Centre - 3rd & 6th Fl,Retirement Home,Respiratory,875
N,,,Unable to identify,,2025-01-31,2025-01-16,150 Dunn Ave,Lakeside Long Term Care Centre - 1st & 4th Fl,LTCH,Enteric,876
N,,,Coronavirus*,,2025-01-20,2025-01-16,740 Pape Ave,Nisbet Lodge - 9th Fl,LTCH,Respiratory,877
N,,,Influenza A (Not subtyped),"Influenza A ((H1N1)pdm09), Influenza A (H3)",2025-01-22,2025-01-16,200 Elizabeth St,UHN - Toronto General Hospital - 8ES,Hospital-Acute Care,Respiratory,878
N,,,COVID-19,,2025-02-13,2025-01-16,400 The West Mall,Wesburn Manor,LTCH,Respiratory,879
N,,,COVID-19,,2025-01-28,2025-01-15,1066 Avenue Rd,Amica on the Avenue - 2nd & 6th Fl,Retirement Home,Respiratory,880
N,,,Influenza A (Not subtyped),,2025-01-26,2025-01-15,119 Isabella St,Casey House - 3rd Fl Inpatient Unit,Hospital-Acute Care,Respiratory,881
N,,,COVID-19,,2025-02-12,2025-01-15,537 Finch Ave W,Forestview Retirement Residence,Retirement Home,Respiratory,882
N,,,Influenza A (Not subtyped),,2025-02-03,2025-01-15,150 Dunn Ave,Lakeside - 1st & 4th Fl,LTCH,Respiratory,883
N,,,Norovirus,,2025-02-02,2025-01-15,28 Halton St,Maynard Nursing Home - 1st & 2nd Fl,LTCH,Enteric,884
N,,,Respiratory syncytial virus,,2025-01-31,2025-01-15,2881 Eglinton Ave E,McCowan Retirement Residence - 6th Fl,Retirement Home,Respiratory,885
N,,,Influenza A (H1N1),,2025-01-24,2025-01-15,130 Midland Ave,Midland Gardens Care Community - 2nd Fl,LTCH,Respiratory,886
N,,,COVID-19,,2025-02-03,2025-01-15,2121 Kingston Rd,Retirement Suites by the Lake - 1st & 3rd Fl,LTCH,Respiratory,887
N,,,Norovirus,,2025-01-26,2025-01-15,1 Bridgepoint Dr,Sinai Health - Hennick Bridgepoint - 2N,Hospital-Chronic Care,Enteric,888
N,,,COVID-19,,2025-02-08,2025-01-15,150 Emmett Ave,West Park Long Term Care - Weston & Mulholland,LTCH,Respiratory,889
N,,,Unable to identify,,2025-01-23,2025-01-14,3560 Bathurst St,Baycrest Apotex Centre - Jewish Home for the Aged - 5RF,LTCH,Respiratory,890
N,,,Norovirus,,2025-02-16,2025-01-14,2100 Bloor St W,Chartwell Grenadier Retirement Residence,Retirement Home,Enteric,891
N,,,Influenza A (Not subtyped),,2025-01-27,2025-01-14,550 Cummer Ave,Extendicare Bayview - 1st Fl East Unit,LTCH,Respiratory,892
N,,,Unable to identify,,2025-02-03,2025-01-14,740 Pape Ave,"Nisbet Lodge - 6th, 9th & 11th Fl",LTCH,Enteric,893
N,,,COVID-19,,2025-01-23,2025-01-14,3050 Lawrence Ave E,Scarborough Health Network - General Hospital - Tower 7,Hospital-Acute Care,Respiratory,894
N,,,Respiratory syncytial virus,,2025-01-31,2025-01-14,3050 Lawrence Ave E,Scarborough Health Network - General Hospital - Tower 7,Hospital-Acute Care,Respiratory,895
N,,,Influenza A (Not subtyped),,2025-01-28,2025-01-14,123 Spadina Rd,The Annex,Retirement Home,Respiratory,896
N,,,Unable to identify,,2025-01-24,2025-01-14,720 Mount Pleasant Rd,The Briton House,Retirement Home,Enteric,897
N,,,COVID-19,,2025-01-26,2025-01-14,130 Dunn Ave,UHN - Toronto Rehabilitation Institute - Bickle Centre - North 3,Hospital-Chronic Care,Respiratory,898
N,,,Respiratory syncytial virus,,2025-01-22,2025-01-14,1145 Albion Rd,Westside Long Term Care Centre - 2nd Fl,LTCH,Respiratory,899
N,,,COVID-19,,2025-02-03,2025-01-14,60 Scottfield Dr,Yee Hong Centre - Scarborough Finch - 4 North & 4 South,LTCH,Respiratory,900
N,,,Unable to identify,,2025-01-27,2025-01-13,340 McCowan Rd,AgeCare Trilogy - 4th Fl,LTCH,Respiratory,901
N,,,Influenza A (H1N1),,2025-01-30,2025-01-13,2920 Lawrence Ave E,"Bendale Acres - 2 East, 4th & 6th Fl",LTCH,Respiratory,902
N,,,Influenza A (H1N1),,2025-01-21,2025-01-13,1 Overland Dr,Better Living at Thompson House - 3rd Fl,LTCH,Respiratory,903
N,,,Norovirus,,2025-01-18,2025-01-13,215 Tyrrel Ave,Hellenic Care for Seniors - 1st Fl,LTCH,Enteric,904
N,,,COVID-19,,2025-01-31,2025-01-13,4650 Eglinton Ave W,Parkland on Eglinton West - 4th Fl - Memory Care Unit,Retirement Home,Respiratory,905
N,,,COVID-19,,2025-01-27,2025-01-13,625 Runnymede Rd,Runnymede Healthcare Centre - 3W,Hospital-Chronic Care,Respiratory,906
N,,,Coronavirus*,,2025-02-02,2025-01-13,9 Neilson Rd,Seven Oaks - 5th Fl,LTCH,Respiratory,907
N,,,Unable to identify,,2025-01-24,2025-01-13,2701 St. Clair Ave,St. Clair O'Connor Community Nursing Home - 3rd Fl,LTCH,Enteric,908
N,,,Metapneumovirus,,2025-02-03,2025-01-13,1195 Queen St E,The Heritage Nursing Home - 2nd Fl,LTCH,Respiratory,909
N,,,Influenza A (Not subtyped),,2025-01-23,2025-01-13,200 Elizabeth St,UHN - Toronto General Hospital - 13 ES,Hospital-Acute Care,Respiratory,910
N,,,COVID-19,,2025-01-28,2025-01-13,130 Dunn Ave,UHN - Toronto Rehabilitation Institute - Bickle Centre - South 4,Hospital-Chronic Care,Respiratory,911
N,,,COVID-19,,2025-01-27,2025-01-13,30 The Queensway,Unity Health Toronto - St. Joseph's Health Centre - 6G,Hospital-Acute Care,Respiratory,912
N,,,COVID-19,,2025-02-07,2025-01-13,30 The Queensway,Unity Health Toronto - St. Joseph's Health Centre - 6M,Hospital-Acute Care,Respiratory,913
N,,,Influenza A (Not subtyped),,2025-01-26,2025-01-12,351 Christie St,Castleview Wychwood Towers - 5th & 7th Fl,LTCH,Respiratory,914
N,,,COVID-19,,2025-01-22,2025-01-12,200 Church St,RCC - Church Site - St. Joseph's Health Centre - 4B,Hospital-Chronic Care,Respiratory,915
N,,,Influenza A (H3),,2025-01-17,2025-01-12,3015 Lawrence Ave E,Rockcliffe Care Community - 3rd Fl,LTCH,Respiratory,916
N,,,Influenza A (Not subtyped),,2025-01-29,2025-01-12,1860 Lawrence Ave E,The Wexford,LTCH,Respiratory,917
N,,,COVID-19,,2025-01-23,2025-01-11,3560 Bathurst St,Baycrest Hospital - H4E,Hospital-Chronic Care,Respiratory,918
N,,,Enterovirus/ Rhinovirus,,2025-01-21,2025-01-11,205 Cummer Ave,Cummer Lodge - 4th Fl South,LTCH,Respiratory,919
N,,,COVID-19,,2025-01-20,2025-01-11,1020 McNicoll Ave,Tendercare Living Centre - 3 West,LTCH,Respiratory,920
N,,,Influenza A (H1N1),,2025-01-20,2025-01-10,866 Sheppard Ave W,Aspira Kensington Place Retirement Living - 5th Fl,Retirement Home,Respiratory,921
N,,,COVID-19,,2025-01-27,2025-01-10,140 Sherway Dr,Tyndall - McCall Centre for Continuing Care - 2nd Fl,LTCH,Respiratory,922
N,,,Respiratory syncytial virus,,2025-01-15,2025-01-10,40 Playfair Ave,Villa Colombo Homes for the Aged - 5 Fusco South,LTCH,Respiratory,923
N,,,Unable to identify,,2025-02-01,2025-01-09,55 Belmont St,Belmont House,Retirement Home,Enteric,924
N,,,COVID-19,,2025-01-17,2025-01-09,4 Partridge Lane,Bethseda Home,Retirement Home,Respiratory,925
N,,,Influenza A (H1N1),,2025-01-27,2025-01-09,3830 Lawrence Ave E,Extendicare Scarborough,LTCH,Respiratory,926
N,,,COVID-19,,2025-01-20,2025-01-09,1800 O'Connor Dr,Fountain View Care Community - 3B,LTCH,Respiratory,927
N,,,Influenza A (H1N1),,2025-01-15,2025-01-09,155 Millwood Rd,Isabel and Arthur Meighan Manor - 3rd Fl - Lawrence Unit,LTCH,Respiratory,928
N,,,Influenza A (Not subtyped),,2025-01-21,2025-01-09,2233 Kipling Ave,Kipling Acres - 3 North (Smithfield),LTCH,Respiratory,929
N,,,Rhinovirus,,2025-01-17,2025-01-09,2075 Bayview Ave,Sunnybrook Health Sciences Centre - Sunnybrook Veterans Centre - K2C,LTCH,Respiratory,930
N,,,COVID-19,,2025-01-21,2025-01-09,150 Emmett Ave,West Park Long Term Care Centre - Glenwyld & Raymond,LTCH,Respiratory,931
N,,,Unable to identify,,2025-01-23,2025-01-08,3560 Bathurst St,Baycrest Apotex Centre - Jewish Home for the Aged - 5EI,LTCH,Enteric,932
N,,,Unable to identify,,2025-01-14,2025-01-08,3560 Bathurst St,Baycrest Apotex Centre - Jewish Home for the Aged - 5GS,LTCH,Enteric,933
N,,,COVID-19,,2025-01-20,2025-01-08,420 The East Mall,Eatonville Care Centre - 2nd Fl,LTCH,Respiratory,934
N,,,Influenza A (H1N1),,2025-01-16,2025-01-08,767 Royal York Rd,Ivan Franko Home - 3 West,LTCH,Respiratory,935
N,,,Influenza A (Not subtyped),,2025-01-15,2025-01-08,130 Midland Ave,Midland Gardens Care Community - 3rd Fl,LTCH,Respiratory,936
N,,,COVID-19,,2025-01-21,2025-01-08,740 Pape Ave,Nisbet Lodge - 4th & 5th Fl,LTCH,Respiratory,937
N,,,COVID-19,,2025-01-17,2025-01-08,200 Church St,RCC - Church Site - Sunnybrook Health Sciences Centre - A3S,Hospital-Chronic Care,Respiratory,938
N,,,Unable to identify,,2025-01-12,2025-01-08,825 Coxwell Ave,TEHN - Michael Garron Hospital - G5,Hospital-Acute Care,Enteric,939
N,,,COVID-19,,2025-01-17,2025-01-08,200 Elizabeth St,UHN - Toronto General Hospital - 7MB,Hospital-Acute Care,Respiratory,940
N,,,Influenza A (Not subtyped),,2025-01-18,2025-01-08,3276 St. Clair Ave E,Unity Health Toronto - Houses of Providence - HOP 2W - Pine & Elm,LTCH,Respiratory,941
N,,,Unable to identify,,2025-01-13,2025-01-07,66 Roncesvalles Ave,Copernicus Lodge - 4 South,LTCH,Enteric,942
N,,,COVID-19,,2025-01-17,2025-01-07,2075 Bayview Ave,Sunnybrook Health Sciences Centre - K1W,Hospital-Acute Care,Respiratory,943
N,,,COVID-19,,2025-01-16,2025-01-07,825 Coxwell Ave,TEHN - Michael Garron Hospital - J5,Hospital-Acute Care,Respiratory,944
N,,,Unable to identify,,2025-01-16,2025-01-07,825 Coxwell Ave,TEHN - Michael Garron Hospital - J5,Hospital-Acute Care,Enteric,945
N,,,Respiratory syncytial virus,,2025-01-24,2025-01-07,25 Brunswick Avenue,The Kensignton Gardens - South Building - 2 West,LTCH,Respiratory,946
N,,,Influenza A (Not subtyped),,2025-01-25,2025-01-07,5935 Lawson Rd,Tony Stacey Centre for Veterans Care,LTCH,Respiratory,947
N,,,COVID-19,,2025-01-25,2025-01-06,2100 Bloor St W,Chartwell Grenadier Retirement Residence - 2nd & 4th Fl - A Building,Retirement Home,Respiratory,948
N,,,Influenza A (Not subtyped),,2025-01-16,2025-01-06,3595 Keele St,Downsview Long Term Care Centre - 2 Centre,LTCH,Respiratory,949
N,,,COVID-19,,2025-01-15,2025-01-06,2233 Kipling Ave,Kipling Acres - 1 South (Humber Unit),LTCH,Respiratory,950
N,,,Unable to identify,,2025-01-26,2025-01-06,10 William Morgan Dr,Leaside,Retirement Home,Enteric,951
N,,,Norovirus,,2025-01-13,2025-01-06,555 University Ave,The Hospital for Sick Children - 5B,Hospital-Acute Care,Enteric,952
N,,,COVID-19,,2025-01-14,2025-01-06,650 Church St,Toronto Grace Salvation Army - CCC4,Hospital-Chronic Care,Respiratory,953
N,,,Enterovirus/ Rhinovirus,,2025-01-16,2025-01-06,200 Dawes Rd,True Davidson Acres - 3rd Fl,LTCH,Respiratory,954
N,,,Influenza A (Not subtyped),,2025-01-11,2025-01-06,30 The Queensway,Unity Health Toronto - St Joseph's Health Centre - 3M,Hospital-Acute Care,Respiratory,955
N,,,Unable to identify,,2025-01-16,2025-01-05,55 Belmont St,Belmont House - 2WW,LTCH,Enteric,956
N,,,COVID-19,,2025-02-04,2025-01-05,130 Midland Ave,Midland Gardens Care Community - 6th Fl,LTCH,Respiratory,957
N,,,COVID-19,,2025-01-13,2025-01-05,600 University Ave,Sinai Health System - Mount Sinai Hospital - 14 South,Hospital-Acute Care,Respiratory,958
N,,,Parainfluenza,,2025-01-24,2025-01-04,1 Overland Dr,Better Living at Thompson House - 3rd Fl,LTCH,Respiratory,959
N,,,COVID-19,,2025-01-21,2025-01-04,84 Davisville Ave,Meighen Retirement Residence,Retirement Home,Respiratory,960
N,,,COVID-19,,2025-01-29,2025-01-03,25 Brunswick Ave,Kensington Gardens - South Building,LTCH,Respiratory,961
N,,,COVID-19,,2025-01-20,2025-01-03,200 Church St,RCC - Church Site - Trillium Health Partners - 2C,Hospital-Chronic Care,Respiratory,962
N,,,COVID-19,,2025-01-13,2025-01-03,285 Cummer Ave,SHSC - St. John's Rehabilitation Hospital - A1,Hospital-Chronic Care,Respiratory,963
N,,,COVID-19,,2025-01-24,2025-01-03,1195 Queen St E,The Heritage Nursing Home - 1st Fl,LTCH,Respiratory,964
N,,,COVID-19,,2025-01-11,2025-01-03,30 The Queensway,Unity Health Toronto - St. Joseph's Health Centre - 2M,Hospital-Acute Care,Respiratory,965
N,,,Influenza A (Not subtyped),,2025-01-17,2025-01-03,40 Playfair Ave,"Villa Colombo Homes for the Aged - 5 Fusco - North, West & South",LTCH,Respiratory,966
N,,,COVID-19,,2025-01-13,2025-01-02,15 Barberry Pl,Amica Bayview Village - 2nd & 4th Fl,Retirement Home,Respiratory,967
N,,,Influenza A (Not subtyped),,2025-01-19,2025-01-02,439 Sherbourne St,"Fudger House - 1W, 2W & 3W",LTCH,Respiratory,968
N,,,Norovirus,,2025-01-28,2025-01-02,2 Buchan Crt,"NYGH - Seniors' Health Centre - 1st, 2nd & 3rd Fl",LTCH,Enteric,969
N,,,COVID-19,,2025-01-21,2025-01-02,345 Sherbourne St,Rekai Centres - Sherbourne Place - 2nd & 3rd Fl,LTCH,Respiratory,970
N,,,COVID-19,,2025-01-09,2025-01-02,285 Cummer Ave,SHSC - St. John's Rehabilitation Hospital - A2,Hospital-Chronic Care,Respiratory,971
N,,,COVID-19,,2025-01-11,2025-01-02,825 Coxwell Ave,TEHN - Michael Garron Hospital - A3,Hospital-Acute Care,Respiratory,972
N,,,Influenza A (H1),,2025-01-13,2025-01-02,160 Wellesley St,The Rekai Centres at Wellesley Street - 4 East,LTCH,Respiratory,973
N,,,Parainfluenza type 3,,2025-01-10,2025-01-02,610 University Ave,UHN - Princess Margaret Hospital - 15C,Hospital-Acute Care,Respiratory,974
N,,,Influenza A (Not subtyped),,2025-01-12,2025-01-02,399 Bathurst St,UHN - Toronto Western Hospital - 8A,Hospital-Acute Care,Respiratory,975
N,,,Influenza A (Not subtyped),,2025-01-14,2025-01-02,30 The Queensway,Unity Health Toronto - St. Joseph's Health Centre - 4M,Hospital-Acute Care,Respiratory,976
N,,,Influenza A (Not subtyped),,2025-01-06,2025-01-01,625 Runnymede Rd,Runnymede Healthcare Centre - 3W,Hospital-Chronic Care,Respiratory,977
N,,,Influenza A (Not subtyped),,2025-01-06,2025-01-01,625 Runnymede Rd,Runnymede Healthcare Centre - 4W,Hospital-Chronic Care,Respiratory,978
N,,,Enterovirus/ Rhinovirus,,2025-01-13,2025-01-01,400 The West Mall,Wesburn Manor - 2 South,LTCH,Respiratory,979
N,,,COVID-19,,2025-01-11,2024-12-31,3560 Bathurst St,Baycrest Hospital - H7E,Hospital-Chronic Care,Respiratory,1
N,,,COVID-19,,2025-01-14,2024-12-31,54 Foxbar Rd,Bradgate Arms,Retirement Home,Respiratory,2
N,,,COVID-19,,2025-01-10,2024-12-31,4005 Eglinton Ave W,"Chartwell Scarlett Heights - 3rd, 7th & 8th Fl",Retirement Home,Respiratory,3
N,,,Influenza A (H1N1),,2025-01-11,2024-12-31,5935 Bathurst St,Cheltenham Care Community - 1st & 3rd Fl,LTCH,Respiratory,4
N,,,COVID-19,,2025-01-08,2024-12-31,66 Roncessvalles Ave,Copernicus Lodge - 6th Fl,LTCH,Respiratory,5
N,,,Influenza A (Not subtyped),Enterovirus/ Rhinovirus,2025-01-15,2024-12-31,5351 Yonge St,"Delmanor Northtown - 2nd, 5th & 6th Fl",Retirement Home,Respiratory,6
N,,,COVID-19,,2025-01-08,2024-12-31,625 Runnymede Rd,Runnymede Healthcare Centre - 4E,Hospital-Chronic Care,Respiratory,7
N,,,Influenza A (Not subtyped),,2025-01-09,2024-12-31,3030 Birchmount Rd,Scarborough Health Network - Birchmount Hospital - 3D,Hospital-Chronic Care,Respiratory,8
N,,,Coronavirus*,,2025-01-22,2024-12-31,40 Playfair Ave,"Villa Colombo Home for the Aged - 2 Fusco West , 4 Fusco North & 4 Fusco South",LTCH,Respiratory,9
N,,,Respiratory syncytial virus,,2025-01-06,2024-12-31,40 Playfair Ave,Villa Colombo Homes for the Aged - 3 Fusco South,LTCH,Respiratory,10
N,,,Influenza A (Not subtyped),,2025-01-05,2024-12-30,3560 Bathurst St,Baycrest Apotex Centre - Jewish Home for the Aged - 4FR,LTCH,Respiratory,11
N,,,COVID-19,,2025-01-11,2024-12-30,3560 Bathurst St,Baycrest Apotex Centre - Jewish Home for the Aged - 6GS,LTCH,Respiratory,12
N,,,COVID-19,,2025-01-08,2024-12-30,1001 Queen St W,Centre for Addiction and Mental Health - PRT5,Hospital-Psychiatric,Respiratory,13
N,,,Norovirus,,2025-02-07,2024-12-30,205 Cummer Ave,"Cummer Lodge - 2N, 2S, 3N, 3S & 4S",LTCH,Enteric,14
N,,,COVID-19,,2025-01-07,2024-12-30,4180 Dundas St W,Delmanor Prince Edward - 2nd Fl,Retirement Home,Respiratory,15
N,,,Influenza A (Not subtyped),,2025-01-13,2024-12-30,187 Wynford Ave,"Delmanor Wynford - 3rd, 5th & 6th Fl",Retirement Home,Respiratory,16
N,,,COVID-19,,2025-01-16,2024-12-30,551 Conlins Rd,Extendicare Rouge Valley - Cedar Ridge House & BSU,LTCH,Respiratory,17
N,,,Unable to identify,,2025-01-18,2024-12-30,551 Conlins Rd,Extendicare Rouge Valley - Cedar Ridge House & Meadowvale,LTCH,Respiratory,18
N,,,COVID-19,,2025-01-14,2024-12-30,880 Lawrence Ave E,Greenview Lodge - 2nd Fl,Retirement Home,Respiratory,19
N,,,Influenza A (Not subtyped),,2025-01-11,2024-12-30,1800 O'Connor Dr,Harmony Hills Care Community - 3A & 3B,LTCH,Respiratory,20
N,,,Norovirus,,2025-01-15,2024-12-30,2109 Finch Ave W,"Humber Meadows - 4 North, 5 North & 5 South",LTCH,Enteric,21
N,,,COVID-19,,2025-01-06,2024-12-30,2109 Finch Ave W,Humber Meadows - 5 South & 6 South,LTCH,Respiratory,22
N,,,Influenza A (Not subtyped),,2025-01-13,2024-12-30,95 Humber College Blvd,Humber Valley Terrace,LTCH,Respiratory,23
N,,,Unable to identify,,2025-01-21,2024-12-30,345 Sherbourne Pl,Rekai Centres - Sherbourne Place,LTCH,Respiratory,24
N,,,COVID-19,,2025-01-09,2024-12-30,625 Runnymede Rd,Runnymede Healthcare Centre - 4 West,Hospital-Chronic Care,Respiratory,25
N,,,Influenza A (Not subtyped),,2025-01-13,2024-12-30,9 Neilson Rd,Seven Oaks - 2nd Fl,LTCH,Respiratory,26
N,,,Influenza A (Not subtyped),,2025-01-08,2024-12-30,225 St.George St,St. George Care Community - 5th Fl,LTCH,Respiratory,27
N,,,Influenza A (Not subtyped),,2025-01-06,2024-12-29,351 Christie St,Castleview Wychwood Towers - 3C,LTCH,Respiratory,28
N,,,Influenza A (Not subtyped),,2025-01-13,2024-12-29,303 Queens Dr,Weston Gardens Retirement Residence - 5th Fl,Retirement Home,Respiratory,29
N,,,Influenza A (Not subtyped),,2025-01-05,2024-12-28,3560 Bathurst St,Baycrest Apotex Centre - Jewish Home for the Aged - 3EI,LTCH,Respiratory,30
N,,,COVID-19,,2025-01-12,2024-12-28,3560 Bathurst St,Baycrest Apotex Centre - Jewish Home for the Aged - 5GS,LTCH,Respiratory,31
N,,,Influenza A (Not subtyped),,2025-01-06,2024-12-28,2920 Lawrence Ave E,Bendale Acres - 2 West,LTCH,Respiratory,32
N,,,Norovirus,,2025-01-14,2024-12-28,150 Dunn Ave,Lakeside Long Term Care Centre - 4th Fl,LTCH,Enteric,33
N,,,Influenza A (Not subtyped),,2025-01-22,2024-12-28,1195 Queen St E,The Heritage Nursing Home - 2nd Fl,LTCH,Respiratory,34
N,,,Unable to identify,,2025-01-10,2024-12-28,2245 Lawrence Ave W,The Village of Humber Heights - 1 West & 3 West,LTCH,Enteric,35
N,,,COVID-19,,2025-01-10,2024-12-28,541 Finch Ave W,Valleyview Residence - 2W & 4E,LTCH,Respiratory,36
N,,,COVID-19,,2025-01-11,2024-12-28,2311 McNicoll Ave,Yee Hong Centre - Scarborough McNicoll - 3rd Fl,LTCH,Respiratory,37
N,,,Unable to identify,,2024-12-31,2024-12-27,1066 Avenue Rd,Amica On The Avenue - 5th Fl,Retirement Home,Enteric,38
N,,,Unable to identify,,2024-12-31,2024-12-27,1001 Queen St W,Centre for Addiction and Mental Health - Queen Site - CCC6,Hospital-Psychiatric,Enteric,39
N,,,Unable to identify,,2025-01-04,2024-12-27,1001 Queen St W,Centre for Addiction and Mental Health - Queen Site - Unit 3-5,Hospital-Chronic Care,Enteric,40
N,,,COVID-19,,2025-01-10,2024-12-27,205 Cummer Ave,Cummer Lodge - 3S,LTCH,Respiratory,41
N,,,COVID-19,,2025-01-06,2024-12-27,15 Summerland Terr,Delmanor West Village - 6th Fl,Retirement Home,Respiratory,42
N,,,Respiratory syncytial virus,,2025-01-09,2024-12-27,3015 Lawrence Ave E,Rockcliffe Community - 3rd Fl,LTCH,Respiratory,43
N,,,Respiratory syncytial virus,,2025-01-06,2024-12-27,2867 Ellesmere Rd,Scarborough Health Network - Centenary Hospital - 3EMBW,Hospital-Acute Care,Respiratory,44
N,,,COVID-19,,2025-01-16,2024-12-27,720 Mt. Pleasant Rd,"The Briton House - South Tower (3rd, 4th, 8th, 10th & 11th Fl) & North Tower (4th, 5th, 7th & 9th Fl)",Retirement Home,Respiratory,45
N,,,Enterovirus/ Rhinovirus,,2025-01-07,2024-12-27,1860 Lawrence Ave E,The Wexford - 6th Fl,LTCH,Respiratory,46
N,,,COVID-19,,2025-01-14,2024-12-27,265 Queens Dr,UHN - Transitional Care Program - Queen's Estate - 7th Fl,Retirement Home,Respiratory,47
N,,,Influenza A (Not subtyped),,2025-01-16,2024-12-27,40 Playfair Ave,Villa Colombo Homes for the Aged - 3rd Fl Fidani & 3 Fusco West,LTCH,Respiratory,48
N,,,Metapneumovirus,Rhinovirus,2025-01-18,2024-12-26,95 Humber College Blvd,Humber Valley Terrace,LTCH,Respiratory,49
N,,,COVID-19,,2025-01-10,2024-12-26,9 Neilson Rd,Seven Oaks - 5th Fl,LTCH,Respiratory,50
N,,,Unable to identify,,2025-01-06,2024-12-25,4 Teddington Park Ave,The Teddington,Retirement Home,Enteric,51
N,,,Unable to identify,,2025-01-09,2024-12-24,3595 Keele St,Downsview Long Term Care Centre - 1N & 2N,LTCH,Enteric,52
N,,,COVID-19,,2025-01-06,2024-12-24,600 University Ave,Sinai Health System - Mount Sinai Hospital - 12S,Hospital-Acute Care,Respiratory,53
N,,,Enterovirus/ Rhinovirus,,2025-01-20,2024-12-24,225 St. George St,St. George Care Community - 3rd Fl,LTCH,Respiratory,54
N,,,COVID-19,,2025-01-06,2024-12-24,33 Christie St,The O'Neill Centre - 5th Fl,LTCH,Respiratory,55
N,,,Influenza A (Not subtyped),,2024-12-30,2024-12-24,40 Playfair Ave,Villa Colombo Homes for the Aged - 2 Fusco,LTCH,Respiratory,56
N,,,COVID-19,,2025-01-10,2024-12-23,111 Avenue Rd,Hazelton Place,Retirement Home,Respiratory,57
N,,,COVID-19,,2025-01-01,2024-12-23,5 Ressurection Rd,Labdara Lithuanian Nursing Home - 3rd Fl,LTCH,Respiratory,58
N,,,COVID-19,,2025-01-08,2024-12-23,265 Queens Dr,Queens Estate,Retirement Home,Respiratory,59
N,,,Enterovirus/ Rhinovirus,,2024-12-30,2024-12-23,221 Milner Ave,Sts. Peter and Paul Residence - 1st & 4th Fl,Retirement Home,Respiratory,60
N,,,COVID-19,,2025-01-01,2024-12-23,150 Emmett Ave,Westpark Long Term Care Centre - Kiwanis Iiaali Unit,LTCH,Respiratory,61
N,,,COVID-19,,2024-12-31,2024-12-22,14 Cross St,Fairview Nursing Home - 2nd Fl,LTCH,Respiratory,62
N,,,Unable to identify,,2025-01-04,2024-12-22,1340 York Mills Rd,Rayoak Place - 1st Fl,Retirement Home,Enteric,63
N,,,Respiratory syncytial virus,,2025-01-02,2024-12-21,5 Ressurection Rd,Labdara Lithuanian Nursing Home - 2nd Fl,LTCH,Respiratory,64
N,,,Respiratory syncytial virus,,2025-01-08,2024-12-21,200 Church St,RCC - Church Site - William Osler Health System - 5th Fl,Hospital-Chronic Care,Respiratory,65
N,,,Influenza A (H1N1),,2025-01-09,2024-12-20,495 The West Mall,AgeCare Westbury - 2nd Fl,LTCH,Respiratory,66
N,,,Metapneumovirus,,2025-01-02,2024-12-20,8 The Donway E,"Donway Place - 1st, 2nd, 3rd & 4th Fl",Retirement Home,Respiratory,67
N,,,Coronavirus*,,2025-01-02,2024-12-20,8 The Donway E,"Donway Place - 1st, 3rd, 4th, 5th & 6th Fl",Retirement Home,Respiratory,68
N,,,Influenza A (Not subtyped),,2024-12-27,2024-12-20,1800 O'Connor Dr,Fountain View Care Community - 1st Fl,LTCH,Respiratory,69
N,,,Unable to identify,,2024-12-27,2024-12-20,200 Church St,Reactivation Care Centre - Church Site - Trillium Health Partners - 1C,Hospital-Chronic Care,Enteric,70
N,,,Parainfluenza,,2025-01-13,2024-12-20,3015 Lawrence Ave E,Rockcliffe Care Community,LTCH,Respiratory,71
N,,,COVID-19,,2025-01-06,2024-12-20,77 Dunfield Ave,The Dunfield Retirement Residence - 4th Fl,Retirement Home,Respiratory,72
N,,,COVID-19,Respiratory syncytial virus,2025-01-12,2024-12-20,3276 St. Clair Ave E,Unity Health Toronto - Providence Healthcare Centre - A5,Hospital-Chronic Care,Respiratory,73
N,,,COVID-19,,2025-01-03,2024-12-20,3276 St. Clair Ave E,Unity Health Toronto - Providence Healthcare Centre - B3,Hospital-Chronic Care,Respiratory,74
N,,,Influenza A (Not subtyped),,2025-01-05,2024-12-20,30 The Queensway,Unity Health Toronto - St. Joseph's Health Centre - 6G,Hospital-Acute Care,Respiratory,75
N,,,Parainfluenza,,2025-01-08,2024-12-19,306 Finch Ave E,Carefree Lodge - Bayview Gardens,LTCH,Respiratory,76
N,,,Unable to identify,,2024-12-25,2024-12-19,1001 Queen St W,Centre for Addiction and Mental Health - Unit 1-2 FGUA,Hospital-Psychiatric,Respiratory,77
N,,,Influenza A (Not subtyped),,2025-01-06,2024-12-19,2109 Finch Ave W,Humber Meadows - 2 South,LTCH,Respiratory,78
N,,,COVID-19,,2025-01-10,2024-12-19,3276 St. Clair Ave E,Unity Health Toronto - Providence Healthcare Centre - B5,Hospital-Chronic Care,Respiratory,79
N,,,Rhinovirus,,2024-12-30,2024-12-18,306 Finch Ave E,Carefree Lodge - 1st & 2nd Fl,LTCH,Respiratory,80
N,,,COVID-19,,2025-01-09,2024-12-18,1800 O'Connor Dr,Harmony Hills Care Community - Unit 3B,LTCH,Respiratory,81
N,,,COVID-19,,2024-12-28,2024-12-18,2111 Finch Ave W,Reactivation Care Centre - Finch Site - Southlake Hospital - 5W,Hospital-Chronic Care,Respiratory,82
N,,,COVID-19,,2024-12-27,2024-12-18,4 Teddington Park Ave,The Teddington - 2nd Fl,Retirement Home,Respiratory,83
N,,,COVID-19,,2024-12-30,2024-12-18,3276 St. Clair Ave E,Unity Health Toronto - Houses Of Providence - 4W Oak & Willow,LTCH,Respiratory,84
N,,,COVID-19,,2024-12-27,2024-12-18,541 Finch Ave W,Valleyview Residence - 3 East,LTCH,Respiratory,85
N,,,Influenza A (Not subtyped),,2024-12-27,2024-12-17,102 Craiglee Dr,Craiglee Nursing Home - 3 West,LTCH,Respiratory,86
N,,,COVID-19,,2025-01-03,2024-12-17,92 Island Rd,Glen Rouge Community,LTCH,Respiratory,87
N,,,Parainfluenza,,2025-01-03,2024-12-17,5 Resurrection Rd,Labdara Lithuanian Nursing Home - 3rd Fl,LTCH,Respiratory,88
N,,,Influenza A (Not subtyped),,2025-01-20,2024-12-17,10 William Morgan Dr,Leaside - 4th & 6th Fl,Retirement Home,Respiratory,89
N,,,Metapneumovirus,,2025-01-02,2024-12-17,740 Pape Ave,Nisbet Lodge - 11th Fl,LTCH,Respiratory,90
N,,,Influenza A (Not subtyped),,2024-12-25,2024-12-17,4001 Leslie St,North York General Hospital - General Site - 3N,Hospital-Acute Care,Respiratory,91
N,,,COVID-19,,2025-01-06,2024-12-17,45 Brunswick Ave,The Kensington Gardens - North Building - Unit 2W,LTCH,Respiratory,92
N,,,Unable to identify,,2025-01-03,2024-12-17,2245 Lawrence Ave W,The Village Of Humber Heights,Retirement Home,Enteric,93
N,,,Influenza A (Not subtyped),,2025-01-06,2024-12-16,340 McCowan Rd,Age Care Trilogy - 2nd & 4th Fl,LTCH,Respiratory,94
N,,,COVID-19,,2025-01-01,2024-12-16,600 Melita Cres,"Christie Gardens - Annex, Seaton & Cedarvale",Retirement Home,Respiratory,95
N,,,Unable to identify,,2025-01-07,2024-12-16,2881 Eglinton East Ave,McCowan Retirement Residence,Retirement Home,Enteric,96
N,,,COVID-19,,2024-12-24,2024-12-16,3760 Sheppard Ave E,Shepherd Lodge - 3 North,LTCH,Respiratory,97
N,,,COVID-19,,2024-12-31,2024-12-16,1 Bridgepoint Dr,Sinai Health System - Hennick Bridgepoint Hospital - 4N,Hospital-Chronic Care,Respiratory,98
N,,,COVID-19,,2024-12-25,2024-12-16,500 Kingston Rd,TEHN - Atrium at Kew Beach - 2nd Fl,Hospital-Chronic Care,Respiratory,99
N,,,COVID-19,,2025-01-03,2024-12-16,305 Balliol St,The Claremont,Retirement Home,Respiratory,100
N,,,Parainfluenza,,2024-12-31,2024-12-16,160 Wellesley St,The Rekai Centres at Wellesley Street - 2W & 4W,LTCH,Respiratory,101
N,,,COVID-19,,2024-12-30,2024-12-16,3276 St. Clair Ave E,Unity Health Toronto - Houses Of Providence - 3W Walnut & Poplar,LTCH,Respiratory,102
N,,,COVID-19,,2024-12-24,2024-12-15,625 Runnymede Rd,Runnymede Healthcare Centre - 3E,Hospital-Chronic Care,Respiratory,103
N,,,Metapneumovirus,,2024-12-19,2024-12-15,200 Dawes Rd,True Davidson Acres - 4th Fl,LTCH,Respiratory,104
N,,,COVID-19,,2024-12-30,2024-12-15,2005 Lawrence Ave W,Weston Terrace Care Community - 3A Johnson Grove,LTCH,Respiratory,105
N,,,COVID-19,,2025-01-01,2024-12-15,150 Emmett Ave,Westpark Long Term Care - Humber & York,LTCH,Respiratory,106
N,,,COVID-19,,2024-12-30,2024-12-14,495 The West Mall,Agecare Westbury - 6th & 8th Fl,LTCH,Respiratory,107
N,,,COVID-19,,2024-12-22,2024-12-14,3560 Bathurst St,Baycrest Apotex Centre - Jewish Home for the Aged - 3EI,LTCH,Respiratory,108
N,,,COVID-19,,2024-12-30,2024-12-14,2920 Lawrence East Ave,"Bendale Acres - 1st, 2nd (East) & 6th Fl",LTCH,Respiratory,109
N,,,Respiratory syncytial virus,,2024-12-23,2024-12-14,102 Craiglee Dr,Craiglee Nursing Home - 3W,LTCH,Respiratory,110
N,,,Norovirus,,2024-12-24,2024-12-13,40 Old Kingston Rd,Ehatare Nursing Home - 4th Fl,LTCH,Enteric,111
N,,,Norovirus,,2024-12-19,2024-12-13,1020 McNicoll Ave,Tendercare Living Centre - 2 East,LTCH,Enteric,112
N,,,COVID-19,,2024-12-26,2024-12-13,150 Emmett Ave,Westpark Long Term Care Centre - Weston Mulholland,LTCH,Respiratory,113
N,,,COVID-19,,2025-01-18,2024-12-12,3555 Danforth Ave,Chester Village,LTCH,Respiratory,114
N,,,Rhinovirus,,2024-12-21,2024-12-12,205 Cummer Ave,Cummer Lodge - 4 North,LTCH,Respiratory,115
N,,,COVID-19,,2024-12-24,2024-12-11,3830 Lawrence Ave E,Extendicare Scarborough,LTCH,Respiratory,116
N,,,Coronavirus*,,2024-12-22,2024-12-11,3830 Lawrence Ave E,Extendicare Scarborough - 1st Fl,LTCH,Respiratory,117
N,,,COVID-19,,2024-12-24,2024-12-11,500 Kingston Rd,TEHN - Atrium At Kew Beach - 1st Fl West,Hospital-Chronic Care,Respiratory,118
N,,,COVID-19,,2024-12-28,2024-12-11,500 Kingston Rd,TEHN - Atrium at Kew Beach - 3rd Fl,Hospital-Chronic Care,Respiratory,119
N,,,Norovirus,,2025-01-03,2024-12-11,541 Finch Ave W,Valleyview Residence,LTCH,Enteric,120
N,,,COVID-19,,2024-12-22,2024-12-11,60 Scottfield Dr,Yee Hong Centre - Scarborough Finch - 5th Fl North,LTCH,Respiratory,121
N,,,Rhinovirus,,2024-12-31,2024-12-10,420 The East Mall,Eatonville Care Centre - 2nd Fl,LTCH,Respiratory,122
N,,,Norovirus,,2025-01-06,2024-12-10,40 Bell Estate Rd,Ina Grafton Gage Home,LTCH,Enteric,123
N,,,COVID-19,,2024-12-28,2024-12-10,9 Neilson Rd,Seven Oaks - 4th Fl,LTCH,Respiratory,124
N,,,COVID-19,,2024-12-23,2024-12-10,130 Dunn Ave,UHN - Toronto Rehabilitation Institute - Bickle Centre - South 4,Hospital-Chronic Care,Respiratory,125
N,,,Respiratory syncytial virus,,2025-01-02,2024-12-09,19 Rean Dr,Amica Bayview Gardens,Retirement Home,Respiratory,126
N,,,Influenza A (Not subtyped),,2024-12-18,2024-12-09,3560 Bathurst St,Baycrest Apotex Centre - Jewish Home for the Aged - 2GS,LTCH,Respiratory,127
N,,,Unable to identify,,2024-12-20,2024-12-09,55 Belmont St,Belmont House - 2WW,LTCH,Respiratory,128
N,,,Unable to identify,,2024-12-10,2024-12-09,1001 Queen St W,Centre for Addiction and Mental Health - Unit 1-4,Hospital-Psychiatric,Enteric,129
N,,,Norovirus,,2024-12-23,2024-12-09,52 Neilson Dr,Dom Lipa - 1 West,LTCH,Enteric,130
N,,,Influenza A (Not subtyped),,2024-12-23,2024-12-09,880 Lawrence Ave E,Greenview Lodge - 2nd & 3rd Fl,Retirement Home,Respiratory,131
N,,,COVID-19,,2024-12-27,2024-12-09,767 Royal York Rd,Ivan Franko Home Toronto - 2W & 2S,LTCH,Respiratory,132
N,,,COVID-19,,2024-12-20,2024-12-09,1 Bridgepoint Dr,Sinai Health System - Hennick Bridgepoint Hospital - 6N,Hospital-Chronic Care,Respiratory,133
N,,,Influenza A (Not subtyped),,2024-12-16,2024-12-09,101 Humber College Blvd,William Osler Health System - Etobicoke General Hospital - 9W,Hospital-Acute Care,Respiratory,134
N,,,COVID-19,,2024-12-17,2024-12-08,495 The West Mall,Agecare Westbury - 5th Fl,LTCH,Respiratory,135
N,,,Influenza A (Not subtyped),,2025-01-03,2024-12-07,1400 Kennedy Rd,Kennedy Lodge,LTCH,Respiratory,136
N,,,Enterovirus/ Rhinovirus,,2024-12-12,2024-12-06,2 Buchan Crt,North York General Hospital - Seniors' Health Centre - 1st Fl,LTCH,Respiratory,137
N,,,COVID-19,,2024-12-19,2024-12-06,2075 Bayview Ave,Sunnybrook Health Sciences Centre - F2,Hospital-Acute Care,Respiratory,138
N,,,Unable to identify,,2024-12-23,2024-12-05,3555 Danforth Ave,Chester Village,LTCH,Enteric,139
N,,,COVID-19,,2024-12-20,2024-12-05,2111 Finch Ave W,Reactivation Care Centre - Finch Site - Oak Valley Health - 6 East,Hospital-Chronic Care,Respiratory,140
N,,,COVID-19,,2024-12-13,2024-12-05,3050 Lawrence Ave E,Scarborough Health Network - General Hospital - 4C,Hospital-Acute Care,Respiratory,141
N,,,COVID-19,,2024-12-12,2024-12-05,3050 Lawrence Ave E,Scarborough Health Network - General Hospital - T6,Hospital-Acute Care,Respiratory,142
N,,,COVID-19,,2024-12-15,2024-12-05,285 Cummer Ave,St. John's Rehabilitation Hospital - A2,Hospital-Chronic Care,Respiratory,143
N,,,COVID-19,,2024-12-13,2024-12-05,200 Church St,St. Joseph's Health Centre - RCC Church Site - 4B,Hospital-Chronic Care,Respiratory,144
N,,,COVID-19,,2024-12-17,2024-12-04,25 Centennial Park Rd,Centennial Park Place,Retirement Home,Respiratory,145
N,,,Streptococcus pyogenes,,2025-01-09,2024-12-04,1 Northwestern Ave,Harold and Grace Baker Centre - C-Wing,LTCH,Other,146
N,,,COVID-19,,2025-01-02,2024-12-04,2233 Kipling Ave,Kipling Acres - 1 North & 2nd Fl,LTCH,Respiratory,147
N,,,COVID-19,,2024-12-14,2024-12-03,5935 Bathurst St,Cheltenham Care Community - 2nd Fl,LTCH,Respiratory,148
N,,,COVID-19,,2024-12-18,2024-12-03,148 Markham Rd,"Scarborough Retirement Residence - 3rd, 4th, 5th & 6th Fl",Retirement Home,Respiratory,149
N,,,Enterovirus/ Rhinovirus,,2024-12-16,2024-12-03,2245 Lawrence Ave W,The Village of Humber Heights - Brule 2nd Fl,LTCH,Respiratory,150
N,,,COVID-19,,2024-12-12,2024-12-02,3560 Bathurst St,Baycrest Apotex Centre - Jewish Home For The Aged - 6EI,LTCH,Respiratory,151
N,,,Norovirus,,2024-12-22,2024-12-02,439 Sherbourne St,Fudger House - 3E,LTCH,Enteric,152
N,,,COVID-19,,2024-12-07,2024-12-02,101 Humber College Blvd,William Osler Health System - Etobicoke General Hospital - 10E,Hospital-Acute Care,Respiratory,153
N,,,COVID-19,,2024-12-09,2024-11-29,1925 Steeles Ave E,Chartwell Gibson - 1st Fl,LTCH,Respiratory,154
N,,,COVID-19,,2024-12-09,2024-11-29,200 Church St,Sunnybrook Health Sciences - RCC Church Site - A3N,Hospital-Chronic Care,Respiratory,155
N,,,COVID-19,,2024-12-16,2024-11-29,200 Dawes Rd,True Davidson Acres,LTCH,Respiratory,156
N,,,COVID-19,,2025-01-07,2024-11-28,420 The East Mall,Eatonville Care Centre - 3rd & 5th Fl,LTCH,Respiratory,157
N,,,COVID-19,,2024-12-06,2024-11-28,4001 Leslie St,North York General Hospital - General Site - 7N Geriatrics,Hospital-Acute Care,Respiratory,158
N,,,COVID-19,,2024-12-09,2024-11-28,2121 Kingston Rd,Retirement Suites by the Lake - 2nd Fl,Retirement Home,Respiratory,159
N,,,Rhinovirus,,2024-12-06,2024-11-27,537 Finch Ave W,Forestview Retirement Residence - 3rd & 5th Fl,Retirement Home,Respiratory,160
N,,,COVID-19,,2024-12-16,2024-11-27,1800 O'Connor Dr,Harmony Hills Care Community - 3B,LTCH,Respiratory,161
N,,,Rhinovirus,,2024-12-05,2024-11-27,2701 St Clair Ave,St Clair O'Connor Nursing Home - 2nd Fl,LTCH,Respiratory,162
N,,,Rhinovirus,,2024-12-13,2024-11-27,303 Queens Dr,Weston Gardens Retirement Residence,Retirement Home,Respiratory,163
N,,,Rhinovirus,,2024-12-16,2024-11-26,60 Guildwood Pky,Extendicare Guildwood,LTCH,Respiratory,164
N,,,COVID-19,,2024-12-14,2024-11-25,495 The West Mall,AgeCare Westbury - 3rd Fl,LTCH,Respiratory,165
N,,,Rhinovirus,,2024-12-10,2024-11-25,306 Finch Ave E,Carefree Lodge - Main Level,LTCH,Respiratory,166
N,,,COVID-19,,2024-12-06,2024-11-25,1001 Queen St W,Centre for Addiction and Mental Health - Unit 3-5,Hospital-Psychiatric,Respiratory,167
N,,,COVID-19,,2024-12-11,2024-11-25,66 Roncesvalles Ave,Copernicus Lodge - 1S,LTCH,Respiratory,168
N,,,Respiratory syncytial virus,,2024-12-02,2024-11-25,45 Resurrection Rd,Labdara Lithuanian Nursing Home - 1st Fl,LTCH,Respiratory,169
N,,,COVID-19,,2024-12-23,2024-11-25,150 Dunn Ave,Lakeside Long Term Care Centre - 1st & 3rd Fl,LTCH,Respiratory,170
N,,,Enterovirus/ Rhinovirus,,2024-12-09,2024-11-25,1195 Queen St E,The Heritage Nursing Home - 4th Fl,LTCH,Respiratory,171
N,,,COVID-19,,2024-12-10,2024-11-25,30 The Queensway,Unity Health Toronto - St. Joseph's Health Centre - 2E,Hospital-Acute Care,Respiratory,172
N,,,Unable to identify,,2024-12-01,2024-11-25,30 The Queensway,Unity Health Toronto - St. Joseph's Health Centre - 2nd Fl - Withdrawal Management Services,Hospital-Acute Care,Enteric,173
N,,,COVID-19,,2024-12-27,2024-11-24,351 Christie St,Castleview Wychwood Towers - 7E,LTCH,Respiratory,174
N,,,Metapneumovirus,,2024-12-09,2024-11-24,200 Dawes Rd,True Davidson Acres - 4th Fl,LTCH,Respiratory,175
N,,,Rhinovirus,,2024-12-05,2024-11-22,205 Cummer Ave,Cummer Lodge - 3 North,LTCH,Respiratory,176
N,,,Unable to identify,,2024-12-03,2024-11-22,1020 McNicoll Ave,Tendercare Living Centre - 3 East & 3 West,LTCH,Enteric,177
N,,,COVID-19,,2024-12-08,2024-11-21,55 Belmont St,"Belmont House - 2 East, 4WW & 5WW",LTCH,Respiratory,178
N,,,Rhinovirus,,2024-12-19,2024-11-21,1925 Steeles Ave E,Chartwell Gibson - 2nd Fl,LTCH,Respiratory,179
N,,,COVID-19,,2024-12-09,2024-11-21,3595 Keele St,Downsview Long Term Care Centre - 2 North,LTCH,Respiratory,180
N,,,COVID-19,,2024-11-30,2024-11-21,130 Dunn Ave,UHN - Toronto Rehabiliitation Institute - Bickle Centre - North 5B,Hospital-Chronic Care,Respiratory,181
N,,,COVID-19,,2024-12-18,2024-11-21,40 Playfair Ave,"Villa Colombo Homes for the Aged - 3 Fidani, 4 Fidani & 5 Fidani",LTCH,Respiratory,182
N,,,Rhinovirus,,2024-12-02,2024-11-20,2 Green Belt Dr,Don Mills Retirement Residence - 4th Fl,Retirement Home,Respiratory,183
N,,,Parainfluenza,,2024-11-25,2024-11-20,1400 Kennedy Rd,Kennedy Lodge - Main Fl North (1st Fl),LTCH,Respiratory,184
N,,,COVID-19,,2024-12-04,2024-11-20,625 Runnymede Rd,Runnymede Healthcare Centre - 2W,Hospital-Chronic Care,Respiratory,185
N,,,Parainfluenza,,2024-11-26,2024-11-20,40 Playfair Ave,Villa Colombo Homes for the Aged - 3 Fusco South,LTCH,Respiratory,186
N,,,COVID-19,,2024-11-29,2024-11-19,55 Belmont St,Belmont House - 3WW,LTCH,Respiratory,187
N,,,COVID-19,,2024-12-08,2024-11-19,205 Cummer Ave,"Cummer Lodge -1st Fl (SCU), 2 South & 2 North",LTCH,Respiratory,188
N,,,Unable to identify,,2024-12-23,2024-11-19,4251 Dundas St W,Kingsway,Retirement Home,Enteric,189
N,,,COVID-19,,2024-12-05,2024-11-19,122 Tyndall Ave,Norwood Nursing Home - 1st & 2nd Fl,LTCH,Respiratory,190
N,,,COVID-19,,2024-12-04,2024-11-19,399 Bathurst St,UHN - Toronto Western Hospital - 8A,Hospital-Acute Care,Respiratory,191
N,,,COVID-19,,2024-12-04,2024-11-18,3560 Bathurst St,Baycrest Apotex Centre - Jewish Home for the Aged - 6RF,LTCH,Respiratory,192
N,,,Rhinovirus,,2024-11-29,2024-11-18,9 Neilson Rd,Seven Oaks - 1st Fl,LTCH,Respiratory,193
N,,,COVID-19,,2024-12-02,2024-11-18,285 Cummer Ave,SHSC - St John's Rehabilitation Hospital - A3,Hospital-Chronic Care,Respiratory,194
N,,,Unable to identify,,2024-11-29,2024-11-18,225 St. George St,St. George Care Community - 4th Fl,LTCH,Respiratory,195
N,,,COVID-19,,2024-11-30,2024-11-18,262 St Clair Ave W,The Russell Hill Retirement Residence - 4th Fl,Retirement Home,Respiratory,196
N,,,COVID-19,,2024-12-05,2024-11-15,60 Scottfield Dr,Yee Hong Centre - Scarborough Finch - 3 North & 3 South,LTCH,Respiratory,197
N,,,Parainfluenza,,2024-11-26,2024-11-14,439 Sherbourne St,Fudger House - 3E,LTCH,Respiratory,198
N,,,Unable to identify,,2024-11-21,2024-11-14,439 Sherbourne St,Fudger House - 3W,LTCH,Respiratory,199
N,,,COVID-19,,2024-11-27,2024-11-13,625 Runnymede Rd,Runnymede Health Centre - 3W,Hospital-Chronic Care,Respiratory,200
N,,,COVID-19,,2024-12-02,2024-11-13,1195 Queen St E,The Heritage Nursing Home - 3rd Fl,LTCH,Respiratory,201
N,,,Enterovirus/ Rhinovirus,,2024-11-25,2024-11-12,306 Finch Ave E,Carefree Lodge - Garden Level,LTCH,Respiratory,202
N,,,COVID-19,,2024-11-16,2024-11-12,1001 Queen St W,Centre for Addiction and Mental Health - Unit GAU A,Hospital-Psychiatric,Respiratory,203
N,,,Enterovirus/ Rhinovirus,Parainfluenza,2024-12-02,2024-11-12,1925 Steeles Ave E,Chartwell Gibson - 3rd Fl,LTCH,Respiratory,204
N,,,COVID-19,,2024-12-06,2024-11-12,70 Humberline Dr,Deerwood Creek Community - 3rd Fl,LTCH,Respiratory,205
N,,,Enterovirus/ Rhinovirus,,2024-11-25,2024-11-12,2109 Finch Ave W,Humber Meadows - 6 North,LTCH,Respiratory,206
N,,,COVID-19,,2024-11-22,2024-11-12,1 Bridgepoint Dr,Sinai Health System - Hennick Bridgepoint Hospital - 8S,Hospital-Chronic Care,Respiratory,207
N,,,Respiratory syncytial virus,,2024-11-22,2024-11-11,102 Craiglee Dr,Craiglee Nursing Home - 3 East,LTCH,Respiratory,208
N,,,COVID-19,,2024-12-06,2024-11-11,28 Halton St,Maynard Nursing Home - 1st & 2nd Fl,LTCH,Respiratory,209
N,,,Unable to identify,,2024-11-22,2024-11-08,1400 Kennedy Rd,Kennedy Lodge - Main Fl North (1st Fl),LTCH,Respiratory,210
N,,,COVID-19,,2024-11-17,2024-11-08,720 Mount Pleasant Rd,The Briton House (North Building) - 7th Fl,Retirement Home,Respiratory,211
N,,,Parainfluenza type 3,,2024-11-15,2024-11-08,610 University Ave,UHN - Princess Margaret Hospital - 14B,Hospital-Acute Care,Respiratory,212
N,,,COVID-19,,2024-11-21,2024-11-07,2030 McNicoll Ave,Mon Sheong Scarborough - PH South,LTCH,Respiratory,213
N,,,Parainfluenza,,2024-11-20,2024-11-07,2030 McNicoll Ave,Mon Sheong Scarborough - PH South,LTCH,Respiratory,214
N,,,CPE Citrobacter freundii (KPC),"CPE Escherichia coli (NDM), CPE Escherichia coli (OXA-48), VRE",2024-12-16,2024-11-07,2075 Bayview Ave,Sunnybrook Health Sciences Centre - K3CA,Hospital-Acute Care,Other,215
N,,,COVID-19,,2024-11-18,2024-11-07,1860 Lawrence Ave E,The Wexford Residence - 4th Fl,LTCH,Respiratory,216
N,,,COVID-19,,2024-11-14,2024-11-06,550 University Ave,UHN - Toronto Rehabilitation Institute - 7 South,Hospital-Chronic Care,Respiratory,217
N,,,COVID-19,,2024-11-25,2024-11-05,439 Sherbourne St,Fudger House - 1E,LTCH,Respiratory,218
N,,,COVID-19,,2024-11-25,2024-11-04,70 Humberline Dr,Deerwood Creek Community - 2A & 2B,LTCH,Respiratory,219
N,,,Coronavirus*,,2024-11-18,2024-11-04,15 Summerland Terr,Delmanor West Village,Retirement Home,Respiratory,220
N,,,COVID-19,,2024-11-27,2024-11-04,10 William Morgan Dr,Leaside Retirement Home,Retirement Home,Respiratory,221
N,,,COVID-19,,2024-11-10,2024-11-04,55 Ameer Ave,Terraces Of Baycrest Retirement Residence - 2nd Fl,Retirement Home,Respiratory,222
N,,,COVID-19,,2024-12-09,2024-11-04,25 Brunswick Ave,"The Kensington Gardens South - S3E, S3W, S4E & S4W",LTCH,Respiratory,223
N,,,COVID-19,,2024-11-14,2024-11-04,60 Scottfield Dr,Yee Hong Centre - Scarborough Finch - 5th Fl,LTCH,Respiratory,224
N,,,COVID-19,,2024-11-14,2024-11-02,155 Millwood Rd,Isabel and Arthur Meighen Manor - 2nd Fl,LTCH,Respiratory,225
N,,,COVID-19,,2024-11-13,2024-11-02,399 Bathurst St,UHN - Toronto Western Hospital - 8B Medicine,Hospital-Acute Care,Respiratory,226
N,,,COVID-19,,2024-11-19,2024-11-01,2920 Lawrence Ave E,Bendale Acres - 4th Fl,LTCH,Respiratory,227
N,,,COVID-19,,2024-11-15,2024-11-01,3275 St Clair Ave E,Unity Health Toronto - Providence Healthcare - B4,Hospital-Chronic Care,Respiratory,228
N,,,Unable to identify,,2024-11-12,2024-10-30,40 Playfair Ave,Villa Colombo Homes for the Aged - 2 Fidani,LTCH,Respiratory,229
N,,,Parainfluenza,,2024-11-13,2024-10-30,40 Playfair Ave,Villa Colombo Homes for the Aged - 3 Fusco North,LTCH,Respiratory,230
N,,,COVID-19,,2024-11-06,2024-10-29,2111 Finch Ave W,Mackenzie Health - RCC - Finch Site - 4 West,Hospital-Chronic Care,Respiratory,231
N,,,Coronavirus*,,2024-11-18,2024-10-29,160 Wellesley St E,"Rekai Centre - Wellesley Central Place - 3 East, 4 East & 2 West",LTCH,Respiratory,232
N,,,COVID-19,,2024-11-13,2024-10-29,3015 Lawrence Ave E,Rockcliffe Care Community - Ground Fl,LTCH,Respiratory,233
N,,,COVID-19,,2024-11-13,2024-10-29,2701 St Claire Ave E,St Clair O'Connor Nursing Home - 3rd Fl,LTCH,Respiratory,234
N,,,Rhinovirus,,2024-11-12,2024-10-29,2005 Lawrence Ave W,Weston Terrace Community - 3A,LTCH,Respiratory,235
N,,,Enterovirus/ Rhinovirus,,2024-11-14,2024-10-28,14 Cross St,Fairview Nursing Home - 1st & 2nd Fl,LTCH,Respiratory,236
N,,,Unable to identify,,2024-11-10,2024-10-28,92 Island Rd,Glen Rouge Community,LTCH,Enteric,237
N,,,COVID-19,,2024-11-08,2024-10-28,2045 Finch Ave W,Hawthorne Place - 2nd Fl,LTCH,Respiratory,238
N,,,Rhinovirus,,2024-11-02,2024-10-28,150 Kilgour Rd,Holland Bloorview Kids Rehabilitation Hospital - 3 West SODR (North),Hospital-Chronic Care,Respiratory,239
N,,,COVID-19,,2024-11-04,2024-10-28,77 Main St,Main Street Terrace - 2nd Fl,LTCH,Respiratory,240
N,,,Enterovirus/ Rhinovirus,,2024-11-02,2024-10-28,221 Milner Ave,Sts. Peter And Paul Residence - 1st & 3rd Fl,Retirement Home,Respiratory,241
N,,,COVID-19,,2024-11-05,2024-10-25,4005 Eglinton Ave W,Chartwell Scarlett Heights Retirement Residence - 2nd Fl Memory Living Unit,Retirement Home,Respiratory,242
N,,,Parainfluenza,,2024-11-01,2024-10-25,439 Sherbourne St,Fudger House - 2 East,LTCH,Respiratory,243
N,,,Unable to identify,,2024-11-09,2024-10-25,400 The West Mall,Wesburn Manor - 2 South,LTCH,Respiratory,244
N,,,COVID-19,,2024-11-05,2024-10-24,3560 Bathurst St,Baycrest Hospital - H4E,Hospital-Chronic Care,Respiratory,245
N,,,COVID-19,,2024-11-08,2024-10-24,520 Markham Rd,Cedarbrook Transitional Care Unit - 5th & 6th Fl,Transitional Care,Respiratory,246
N,,,COVID-19,,2024-11-07,2024-10-24,200 Church St,Reactivation Care Centre - Church Site - Trillium Health Partners - 6B,Hospital-Chronic Care,Respiratory,247
N,,,COVID-19,,2024-11-12,2024-10-24,160 Wellesley St E,Rekai Centres - Wellesley Central Place - 4E & 4W,LTCH,Respiratory,248
N,,,Parainfluenza,,2024-11-02,2024-10-24,305 Billiol St,The Claremont - 7th Fl,Retirement Home,Respiratory,249
N,,,Rhinovirus,,2024-11-05,2024-10-24,2245 Lawrence Ave W,The Village of Humber Heights - 2nd Fl (Emma),Retirement Home,Respiratory,250
N,,,COVID-19,,2024-11-08,2024-10-22,520 Markham Rd,Cedarbrook Lodge Retirement Residence,Retirement Home,Respiratory,251
N,,,Rhinovirus,,2024-10-26,2024-10-21,92 Island Rd,Glen Rouge Community - Unit 4,LTCH,Respiratory,252
N,,,Rhinovirus,,2024-10-26,2024-10-21,225 St George St,St George Care Community - 2nd Fl,LTCH,Respiratory,253
N,,,COVID-19,,2024-11-04,2024-10-21,59 Lawson Rd,Tony Stacey Centre For Veterans' Care,LTCH,Respiratory,254
N,,,COVID-19,,2024-11-05,2024-10-21,610 University Ave,UHN - Princess Margaret Hospital - 17B,Hospital-Acute Care,Respiratory,255
N,,,Influenza A ((H1N1)pdm09),,2024-11-02,2024-10-20,262 St Clair Ave W,The Russell Hill Retirement Residence - 2nd & 4th Fl,Retirement Home,Respiratory,256
N,,,Enterovirus/ Rhinovirus,,2024-11-07,2024-10-19,5 Resurrection Rd,Labdara Lithuanian Nursing Home - 3rd Fl,LTCH,Respiratory,257
N,,,COVID-19,,2024-11-12,2024-10-18,2030 McNicoll Ave,Mon Sheong Scarborough - 3rd Fl North,LTCH,Respiratory,258
N,,,COVID-19,,2024-10-25,2024-10-18,2 Buchan Crt,North York General Hospital - Seniors' Health Centre - 4th Fl,LTCH,Respiratory,259
N,,,Unable to identify,,2024-10-28,2024-10-18,40 Playfair Ave,Villa Colombo Homes for the Aged - 4 Fidani,LTCH,Respiratory,260
N,,,Rhinovirus,,2024-10-28,2024-10-17,351 Christie St,Castleview Wychwood Towers - 5th Fl,LTCH,Respiratory,261
N,,,COVID-19,,2024-10-26,2024-10-17,399 Bathurst St,UHN - Toronto Western Hospital - 4B,Hospital-Acute Care,Respiratory,262
N,,,Unable to identify,,2024-10-29,2024-10-16,351 Christie St,Castleview Wychwood Towers - 3rd Fl,LTCH,Respiratory,263
N,,,Rhinovirus,,2024-10-28,2024-10-16,2045 Finch Ave W,Hawthorne Place Care Centre - Maple Lane - Convalescent Unit,LTCH,Respiratory,264
N,,,COVID-19,,2024-11-05,2024-10-16,2881 Eglinton Ave,McCowan Retirement Residence - 4th Fl,Retirement Home,Respiratory,265
N,,,COVID-19,,2024-11-07,2024-10-16,130 Dunn Ave,Toronto Rehabilitation Institute - Bickle Centre - South 4,Hospital-Chronic Care,Respiratory,266
N,,,COVID-19,,2024-10-25,2024-10-16,399 Bathurst St,UHN - Toronto Western Hospital - 8B,Hospital-Acute Care,Respiratory,267
N,,,COVID-19,,2024-10-29,2024-10-16,30 The Queensway,Unity Health Toronto - St. Joseph's Health Centre - 2E,Hospital-Acute Care,Respiratory,268
N,,,Enterovirus/ Rhinovirus,,2024-10-22,2024-10-15,1035 Eglinton Ave W,Pine Villa Transitional Care - 3rd & 4th Fl Loft,Hospital-Chronic Care,Respiratory,269
N,,,COVID-19,,2024-10-28,2024-10-15,1340 York Mills Rd,Rayoak Place,Retirement Home,Respiratory,270
N,,,Rhinovirus,,2024-10-17,2024-10-15,140 Sherway Dr,Trillium Health Partners - McCall Centre For Continuing Care - 4th Fl,Hospital-Chronic Care,Respiratory,271
N,,,Rhinovirus,,2024-10-25,2024-10-15,40 Playfair Ave,Villa Colombo Homes for the Aged - 4 Fusco South,LTCH,Respiratory,272
N,,,Unable to identify,,2024-10-29,2024-10-14,59 Lawson Rd,Tony Stacey Centre For Veterans' Care,LTCH,Respiratory,273
N,,,COVID-19,,2024-11-08,2024-10-14,399 Bathurst St,UHN - Toronto Western Hospital - 9A Medicine,Hospital-Acute Care,Respiratory,274
N,,,COVID-19,,2024-11-18,2024-10-13,3595 Keele St,Downsview Long Term Care Centre - 1 North,LTCH,Respiratory,275
N,,,COVID-19,,2024-11-01,2024-10-11,866 Sheppard Ave W,Aspira Kensington Place Retirement Living - 4th Fl,Retirement Home,Respiratory,276
N,,,COVID-19,,2024-10-28,2024-10-11,9 Neilson Road,Seven Oaks - 2nd Fl,LTCH,Respiratory,277
N,,,Enterovirus/ Rhinovirus,Parainfluenza,2024-10-29,2024-10-11,150 Emmett Ave,Westpark Long Term Care Centre - 2nd Fl - Hughes/Prittie,LTCH,Respiratory,278
N,,,COVID-19,,2024-10-17,2024-10-10,155 Millwood Rd,Isabel and Arthur Meighen Manor - 3 East,LTCH,Respiratory,279
N,,,COVID-19,,2024-10-28,2024-10-10,150 Dunn Ave,"Lakeside Long Term Care - 1st, 2nd & 4th Fl",LTCH,Respiratory,280
N,,,Enterovirus/ Rhinovirus,,2024-10-24,2024-10-10,45 Brunswick Ave,The Kensington Gardens (North Building) - 1E & 2E,LTCH,Respiratory,281
N,,,COVID-19,,2024-10-30,2024-10-10,3276 St. Clair Ave E,UHT - Providence Healthcare - A5,Hospital-Chronic Care,Respiratory,282
N,,,COVID-19,,2024-11-05,2024-10-09,351 Christie St,Castleview Wynchwood Towers - 3rd Fl,LTCH,Respiratory,283
N,,,COVID-19,,2024-10-18,2024-10-09,265 Queens Dr,"Queens Estate Retirement Residence - 2nd, 4th & 5th Fl",Retirement Home,Respiratory,284
N,,,Enterovirus/ Rhinovirus,,2024-10-24,2024-10-09,3015 Lawrence Ave E,Rockcliffe Care Community - 2nd Fl,LTCH,Respiratory,285
N,,,COVID-19,,2024-10-18,2024-10-09,285 Cummer Ave,SHSC - St. John's Rehabilitation Hospital - A3,Hospital-Chronic Care,Respiratory,286
N,,,COVID-19,,2024-10-16,2024-10-09,30 Bond St,Unity Health Toronto - St. Michael's Hospital - 7CCV North,Hospital-Acute Care,Respiratory,287
N,,,Rhinovirus,,2024-10-16,2024-10-08,3197 Lakeshore Blvd,Lakeshore Lodge - 4th Fl,LTCH,Respiratory,288
N,,,COVID-19,,2024-10-16,2024-10-08,82 Buttonwood Ave,UHN - RCC - Trillium Health Partners - 3W IP Rehab,Hospital-Chronic Care,Respiratory,289
N,,,Unable to identify,,2024-10-16,2024-10-07,1001 Queen St W,Centre For Addiction And Mental Health - Unit 1-3,Hospital-Psychiatric,Respiratory,290
N,,,Coronavirus*,,2024-10-12,2024-10-07,205 Cummer Ave,Cummer Lodge - 2 North,LTCH,Respiratory,291
N,,,Coronavirus*,,2024-11-11,2024-10-07,5 Resurrection Rd,Labdara Lithuanian Nursing Home - 2nd Fl,LTCH,Respiratory,292
N,,,COVID-19,,2024-10-24,2024-10-07,3015 Lawrence Ave E,Rockcliffe Care Community - 2nd Fl,LTCH,Respiratory,293
N,,,Rhinovirus,,2024-10-12,2024-10-07,40 Playfair Ave,Villa Colombo Homes For The Aged - 3 Fusco North,LTCH,Respiratory,294
N,,,COVID-19,,2024-10-11,2024-10-06,200 Church St,RCC Church Site - Sunnybrook Health Sciences Centre - A3N,Hospital-Chronic Care,Respiratory,295
N,,,Enterovirus/ Rhinovirus,,2024-10-15,2024-10-06,25 Brunswick Ave,The Kensington Gardens (South Building) - 2W,LTCH,Respiratory,296
N,,,COVID-19,,2024-10-21,2024-10-06,541 Finch Ave W,Valleyview Residence - 2W,LTCH,Respiratory,297
N,,,COVID-19,,2024-10-18,2024-10-04,8 The Donway E,"Donway Place - 1st, 2nd & 4th Fl",Retirement Home,Respiratory,298
N,,,COVID-19,,2024-10-11,2024-10-04,10 William Morgan Dr,Leaside Retirement Residence - Building 10 - 3rd Fl,Retirement Home,Respiratory,299
N,,,Rhinovirus,,2024-10-15,2024-10-04,2701 St. Clair Ave E,St. Clair O'Connor Community - 3rd Fl,LTCH,Respiratory,300
N,,,Enterovirus,,2024-10-12,2024-10-04,33 Christie St,The O'Neill Centre - 4th Fl,LTCH,Respiratory,301
N,,,Rhinovirus,,2024-10-10,2024-10-04,140 Sherway Dr,Trillium Health Partner - McCall Centre For Continuing Care - 2nd Fl,Hospital-Chronic Care,Respiratory,302
N,,,Enterovirus/ Rhinovirus,,2024-10-19,2024-10-03,5 Resurrection Rd,Labdara Lithuanian Nursing Home - 2nd Fl,LTCH,Respiratory,303
N,,,COVID-19,,2024-10-10,2024-10-02,205 Cummer Ave,Cummer Lodge - 2 North,LTCH,Respiratory,304
N,,,COVID-19,,2024-10-18,2024-10-02,1000 Ellesmere Rd,Fieldstone Commons Care Community - 1st Fl,LTCH,Respiratory,305
N,,,Rhinovirus,,2024-10-15,2024-10-02,345 Sherbourne St,Sherbourne Place - 2nd Fl,LTCH,Respiratory,306
N,,,COVID-19,,2024-10-08,2024-10-02,123 Spadina Rd,The Annex - 1st & 3rd Fl,Retirement Home,Respiratory,307
N,,,COVID-19,,2024-10-16,2024-10-01,537 Finch Ave W,Forestview Retirement Residence - 2nd Fl,Retirement Home,Respiratory,308
N,,,COVID-19,,2024-10-11,2024-10-01,2109 Finch Ave W,Humber Meadows - 3 North,LTCH,Respiratory,309
N,,,Enterovirus,,2024-10-15,2024-10-01,77 Main St,Main Street Terrace - 3rd Fl,LTCH,Respiratory,310
N,,,Rhinovirus,,2024-10-15,2024-09-30,130 Midland Ave,Midland Gardens Care Community - 2nd Fl,LTCH,Respiratory,311
N,,,Rhinovirus,,2024-10-09,2024-09-30,4 Teddington Park Ave,The Teddington Retirement Residence - 2nd & 3rd Fl,Retirement Home,Respiratory,312
N,,,COVID-19,,2024-10-07,2024-09-30,3276 St. Clair Ave E,Unity Health Toronto - Providence Healthcare Centre - B5,Hospital-Chronic Care,Respiratory,313
N,,,COVID-19,,2024-10-09,2024-09-27,2920 Lawrence Ave W,Bendale Acres - 2 BSU,LTCH,Respiratory,314
N,,,Influenza A (Not subtyped),,2024-10-04,2024-09-27,4005 Eglinton Ave W,Chartwell Scarlett Heights - 6th Fl,Retirement Home,Respiratory,315
N,,,Enterovirus/ Rhinovirus,Parainfluenza,2024-10-04,2024-09-27,9 Neilson Rd,Seven Oaks - 3rd Fl,LTCH,Respiratory,316
N,,,COVID-19,,2024-10-04,2024-09-27,101 Humber College Blvd,WOHS - Etobicoke General Hosptial - 6W,Hospital-Acute Care,Respiratory,317
N,,,COVID-19,,2024-10-02,2024-09-25,3560 Bathurst St,Baycrest Apotex Centre - Jewish Home for the Aged - 7GS,LTCH,Respiratory,318
N,,,COVID-19,,2024-10-08,2024-09-25,28 Halton St,Maynard Nursing Home - 2nd Fl,LTCH,Respiratory,319
N,,,Rhinovirus,,2024-10-09,2024-09-25,3015 Lawrence Ave E,Rockcliffe Care Community - Ground Fl,LTCH,Respiratory,320
N,,,Unable to identify,,2024-10-07,2024-09-24,60 Guildwood Parkway,Extendicare Guildwood - West Spur 2 & East Spur 3,LTCH,Respiratory,321
N,,,COVID-19,,2024-10-01,2024-09-24,740 Pape Ave,Nisbet Lodge - 11th Fl,LTCH,Respiratory,322
N,,,Rhinovirus,,2024-10-07,2024-09-24,22 Norfinch Dr,Norfinch Care Community - 2A,LTCH,Respiratory,323
N,,,COVID-19,,2024-10-11,2024-09-23,60 Guildwood Pky,Extendicare Guildwood,LTCH,Respiratory,324
N,,,Parainfluenza,,2024-10-16,2024-09-23,1 Northwestern Ave,Harold & Grace Baker Centre - A Wing,LTCH,Respiratory,325
N,,,Rhinovirus,,2024-10-04,2024-09-23,2109 Finch Ave W,Humber Meadows - 6 South,LTCH,Respiratory,326
N,,,Enterovirus,,2024-10-03,2024-09-23,130 Midland Ave,Midland Gardens Care Community - 3rd Fl,LTCH,Respiratory,327
N,,,COVID-19,,2024-09-27,2024-09-23,825 Coxwell Ave,TEHN - Michael Garron Hospital - B3,Hospital-Acute Care,Respiratory,328
N,,,Rhinovirus,,2024-10-02,2024-09-23,1195 Queen St E,The Heritage Nursing Home - 1st Fl,LTCH,Respiratory,329
N,,,Rhinovirus,,2024-09-30,2024-09-22,45 Brunswick Ave,Kensington Gardens (North Building) - 3 West,LTCH,Respiratory,330
N,,,COVID-19,,2024-10-05,2024-09-22,2030 McNicoll Ave,Mon Sheong Scarborough - 3 South,LTCH,Respiratory,331
N,,,COVID-19,,2024-09-27,2024-09-22,2005 Lawrence Ave W,Weston Terrace - 2A,LTCH,Respiratory,332
N,,,COVID-19,,2024-09-27,2024-09-20,600 University Ave,Sinai Health System - Mount Sinai Hospital - 10N,Hospital-Acute Care,Respiratory,333
N,,,COVID-19,,2024-09-30,2024-09-20,30 The Queensway,Unity Health Toronto - St. Joseph's Health Centre - 2LM,Hospital-Acute Care,Respiratory,334
N,,,COVID-19,,2024-10-01,2024-09-20,30 The Queensway,Unity Health Toronto - St. Joseph's Health Centre - 4LM,Hospital-Acute Care,Respiratory,335
N,,,COVID-19,,2024-10-08,2024-09-20,40 Playfair Ave,Villa Colombo Homes For The Aged - 2 Fusco West & 3 Fusco,LTCH,Respiratory,336
N,,,COVID-19,,2024-10-09,2024-09-19,3197 Lakeshore Blvd W,Lakeshore Lodge - 3rd Fl,LTCH,Respiratory,337
N,,,COVID-19,,2024-09-25,2024-09-18,285 Cummer Ave,SHSC - St. John's Rehabilitation Hospital - A3,Hospital-Chronic Care,Respiratory,338
N,,,COVID-19,,2024-09-25,2024-09-18,3276 St. Clair Ave E,Unity Health Toronto - Providence Healthcare - A3,Hospital-Chronic Care,Respiratory,339
N,,,COVID-19,,2024-09-30,2024-09-17,3760 Sheppard Ave E,Shepherd Lodge - 4 South & 4 North,LTCH,Respiratory,340
N,,,COVID-19,,2024-10-02,2024-09-17,221 Milner Ave,Sts. Peter and Paul Residence,Retirement Home,Respiratory,341
N,,,COVID-19,,2024-09-26,2024-09-17,82 Buttowood Ave,UHN - Trillium Health Partners - RCC - 3W,Hospital-Chronic Care,Respiratory,342
N,,,COVID-19,,2024-10-10,2024-09-16,140 Sherway Dr,McCall Centre for Continuing Care - 3rd Fl,Hospital-Chronic Care,Respiratory,343
N,,,COVID-19,,2024-09-24,2024-09-16,2111 Finch Ave W,Southlake Regional Health Centre - RCC Finch Site - 5 West,Hospital-Chronic Care,Respiratory,344
N,,,COVID-19,,2024-09-23,2024-09-16,2245 Lawrence Ave W,Village of Humber Heights - Williamsburg East Neighbourhood,Retirement Home,Respiratory,345
N,,,Rhinovirus,,2024-09-25,2024-09-16,2005 Lawrence Ave W,Weston Terrace Care Community - 1A,LTCH,Respiratory,346
N,,,COVID-19,,2024-09-27,2024-09-16,101 Humber College Blvd,William Osler Health System - Etobicoke General - 7E,Hospital-Acute Care,Respiratory,347
N,,,COVID-19,,2024-10-01,2024-09-15,1800 O'Connor Dr,Harmony Hills Care Community - 3A,LTCH,Respiratory,348
N,,,COVID-19,,2024-09-21,2024-09-15,150 Kilgour Rd,Holland Bloorview Kids Rehabilitation Hospital - 3W SODR Unit (North),Hospital-Chronic Care,Respiratory,349
N,,,COVID-19,,2024-09-21,2024-09-14,4001 Leslie St,North York General Hospital - General Site - 3W,Hospital-Acute Care,Respiratory,350
N,,,COVID-19,,2024-10-01,2024-09-13,1 Overlea Dr,Better Living at Thompson House - 4th Fl,LTCH,Respiratory,351
N,,,Rhinovirus,,2024-10-03,2024-09-13,155 Millwood Rd,Isabel and Arthur Meighen Manor - 2W Coombs & 2E Davis,LTCH,Respiratory,352
N,,,COVID-19,,2024-10-02,2024-09-13,3758 Sheppard Ave E,"Shepherd Terrace Retirement Residence - 2nd, 3rd & 4th Fl",Retirement Home,Respiratory,353
N,,,COVID-19,,2024-09-26,2024-09-13,1 Bridgepoint Dr,Sinai Health System - Hennick Bridgepoint Hospital - 2N,Hospital-Chronic Care,Respiratory,354
N,,,COVID-19,,2024-09-20,2024-09-12,205 Cummer Ave,Cummer Lodge - 3 North,LTCH,Respiratory,355
N,,,COVID-19,,2024-09-27,2024-09-12,345 Sherbourne St,Rekai Centre Sherbourne Place - 3rd & 4th Fl,LTCH,Respiratory,356
N,,,Parainfluenza,,2024-10-07,2024-09-12,1860 Lawrence Ave E,The Wexford - 7th Fl,LTCH,Respiratory,357
N,,,COVID-19,,2024-09-30,2024-09-12,541 Finch Ave W,Valleyview Residence - 3E & 4W,LTCH,Respiratory,358
N,,,Parainfluenza,,2024-09-25,2024-09-11,351 Christie St,Castleview Wychwood Towers - 2 West,LTCH,Respiratory,359
N,,,COVID-19,,2024-09-17,2024-09-11,520 Markham Rd,Cedarbrook Transitional Care Unit - 5th Fl,Retirement Home,Respiratory,360
N,,,COVID-19,,2024-10-03,2024-09-11,70 Humberline Dr,Deerwood Creek Community - 2B,LTCH,Respiratory,361
N,,,Parainfluenza,,2024-10-02,2024-09-11,1 Northwestern Ave,Harold & Grace Baker Centre - C Wing,LTCH,Respiratory,362
N,,,COVID-19,,2024-10-08,2024-09-11,30 The Queensway,Unity Health Toronto - St. Joseph's Health Centre - 4M,Hospital-Acute Care,Respiratory,363
N,,,COVID-19,,2024-09-20,2024-09-10,285 Cummer Ave,Sunnybrook Health Sciences Centre - St. John's Rehabilitation Hospital - A1,Hospital-Chronic Care,Respiratory,364
N,,,COVID-19,,2024-09-17,2024-09-10,2075 Bayview Ave,Sunnybrook Health Sciences Centre - Veterans Centre - LFSE,LTCH,Respiratory,365
N,,,COVID-19,,2024-09-19,2024-09-10,140 Sherway Dr,Tyndall - McCall Centre for Continuing Care - 2nd Fl,LTCH,Respiratory,366
N,,,COVID-19,,2024-09-23,2024-09-10,400 The West Mall,Wesburn Manor - 4N & 4S,LTCH,Respiratory,367
N,,,COVID-19,,2024-09-22,2024-09-09,3560 Bathurst St,Baycrest Hospital - H7E,Hospital-Chronic Care,Respiratory,368
N,,,COVID-19,,2024-09-30,2024-09-09,2100 Bloor St W,Chartwell Grenadier Retirement Residence - C Wing & A Wing 2nd Fl,Retirement Home,Respiratory,369
N,,,COVID-19,,2024-09-16,2024-09-09,2111 Finch Ave W,Reactivation Care Centre - Finch Site - Southlake Hospital - 5 East,Hospital-Chronic Care,Respiratory,370
N,,,Enterovirus/ Rhinovirus,,2024-09-26,2024-09-09,3760 Sheppard Ave E,"Shepherd Lodge - 2 North, 3 North & 3 South",LTCH,Respiratory,371
N,,,COVID-19,,2024-09-26,2024-09-09,33 Christie St,The O'Neill Centre - Willowvale 3rd Fl & High Park 5th Fl,LTCH,Respiratory,372
N,,,Rhinovirus,,2024-09-24,2024-09-08,3595 Keele St,Downsview Long Term Care Centre,LTCH,Respiratory,373
N,,,Unable to identify,,2024-09-19,2024-09-08,2241 Lawrence Ave E,Hellenic Home - 2A,LTCH,Respiratory,374
N,,,COVID-19,,2024-09-23,2024-09-06,19 Rean Dr,Amica Bayview Gardens - 6th & 8th Fl,Retirement Home,Respiratory,375
N,,,COVID-19,,2024-09-18,2024-09-06,3560 Bathurst St,Baycrest Hospital - 4W,Hospital-Chronic Care,Respiratory,376
N,,,COVID-19,,2024-09-24,2024-09-06,3555 Danforth Ave,Chester Village - 2W Topaz,LTCH,Respiratory,377
N,,,COVID-19,,2024-10-01,2024-09-06,35 Elm Grove Ave,"Elm Grove Living Centre - 1st, 2nd & 3rd Fl",LTCH,Respiratory,378
N,,,COVID-19,,2024-09-20,2024-09-06,4650 Eglinton Ave W,Parkland on Eglinton West - 3rd Fl,Retirement Home,Respiratory,379
N,,,Unable to identify,,2024-09-25,2024-09-05,205 Cummer Ave,Cummer Lodge - 4 South,LTCH,Respiratory,380
N,,,COVID-19,,2024-09-23,2024-09-05,2233 Kipling Ave,"Kipling Acres - 1st Fl Pine Point, 2nd Fl Akrow & 3rd Fl North-Smithfield",LTCH,Respiratory,381
N,,,CPE Escherichia coli (OXA-48),,2024-09-19,2024-09-05,30 Bond St,Unity Health Toronto - St. Michael's Hospital - 9CG,Hospital-Acute Care,Other,382
N,,,COVID-19,,2024-09-18,2024-09-05,303 Queens Dr,Weston Gardens Transitional Care Unit - 3rd Fl,Retirement Home,Respiratory,383
N,,,COVID-19,,2024-09-25,2024-09-05,2311 McNicoll Ave,Yee Hong Centre - Scarborough McNicoll - 4th & 5th Fl,LTCH,Respiratory,384
N,,,Unable to identify,,2024-09-06,2024-09-04,2245 Lawrence Ave W,Village of Humber Heights - 2nd Fl,Retirement Home,Respiratory,385
N,,,COVID-19,,2024-10-11,2024-09-03,70 Humberline Dr,Deerwood Creek Community - 1A,LTCH,Respiratory,386
N,,,COVID-19,,2024-09-20,2024-09-03,9 Neilson Rd,Seven Oaks - 1st Fl,LTCH,Respiratory,387
N,,,COVID-19,,2024-09-24,2024-09-01,3276 St. Clair Ave E,Unity Health Toronto - Houses of Providence - 1 East Redwood,LTCH,Respiratory,388
N,,,COVID-19,,2024-09-07,2024-08-30,1001 Queen St W,Centre For Addiction And Mental Health - CCC3,Hospital-Psychiatric,Respiratory,389
N,,,Parainfluenza,,2024-09-09,2024-08-30,70 Humberline Dr,Deerwood Creek Community - 1A,LTCH,Respiratory,390
N,,,COVID-19,,2024-09-07,2024-08-30,1 Kenton Dr,One Kenton Place - 1st Fl,Retirement Home,Respiratory,391
N,,,COVID-19,,2024-09-20,2024-08-30,1020 McNicoll Ave,Tendercare Living Centre - 3 West & 3 East,LTCH,Respiratory,392
N,,,COVID-19,,2024-09-09,2024-08-30,82 Buttonwood Ave,UHN - RCC - Trillium Health Partners - 3W,Hospital-Chronic Care,Respiratory,393
N,,,COVID-19,,2024-09-23,2024-08-30,303 Queens Dr,Weston Gardens,Retirement Home,Respiratory,394
N,,,COVID-19,,2024-09-05,2024-08-29,200 Church St,RCC - Church Site - Humber River Hospital - A2N,Hospital-Chronic Care,Respiratory,395
N,,,Rhinovirus,,2024-09-24,2024-08-29,59 Lawson Rd,Tony Stacey Centre for Veterans' Care,LTCH,Respiratory,396
N,,,COVID-19,,2024-09-07,2024-08-29,3276 St. Clair Ave E,Unity Health Toronto - Houses Of Providence - A4,LTCH,Respiratory,397
N,,,COVID-19,,2024-09-11,2024-08-28,3560 Bathurst St,Baycrest Apotex Centre - Jewish Home For The Aged - 5RF,LTCH,Respiratory,398
N,,,COVID-19,,2024-09-05,2024-08-28,1001 Queen St W,Centre for Addiction and Mental Health - PRT 8,Hospital-Psychiatric,Respiratory,399
N,,,Unable to identify,,2024-09-05,2024-08-28,205 Cummer Ave,Cummer Lodge,LTCH,Respiratory,400
N,,,COVID-19,,2024-09-19,2024-08-28,767 Royal York Rd,Ivan Franko Home - 3W & 3S,LTCH,Respiratory,401
N,,,Coronavirus*,,2024-09-05,2024-08-28,1020 McNicoll Ave,McNicoll Manor / Moll Berczy Haus - 5th Fl East,Retirement Home,Respiratory,402
N,,,COVID-19,,2024-09-03,2024-08-28,740 Pape Ave,Nisbet Lodge - 11th Fl,LTCH,Respiratory,403
N,,,COVID-19,,2024-09-11,2024-08-28,4001 Leslie Mall,North York General Hospital  - 5W,Hospital-Acute Care,Respiratory,404
N,,,COVID-19,,2024-09-30,2024-08-27,351 Christie St,Castleview Wychwood Towers - 5th & 7th Fl,LTCH,Respiratory,405
N,,,Unable to identify,,2024-09-05,2024-08-27,420 The East Mall,Eatonville Care Centre - 4th Fl,LTCH,Respiratory,406
N,,,Rhinovirus,,2024-09-07,2024-08-27,2109 Finch Ave W,Humber Meadows - 5th Fl (North Wing),LTCH,Respiratory,407
N,,,COVID-19,,2024-09-04,2024-08-27,45 Brunswick Ave,Kensington Gardens North Building - 3W (3rd Fl West Side),LTCH,Respiratory,408
N,,,COVID-19,,2024-09-08,2024-08-27,36 D'Arcy St,Mon Sheong Home For The Aged - 4th Fl,LTCH,Respiratory,409
N,,,Rhinovirus,,2024-09-06,2024-08-27,1195 Queen St E,The Heritage Nursing Home - 3rd Fl,LTCH,Respiratory,410
N,,,Unable to identify,,2024-09-09,2024-08-27,1860 Lawrence Ave E,The Wexford - 7th Fl,LTCH,Respiratory,411
N,,,COVID-19,,2024-09-15,2024-08-26,340 McCowan Rd,Age Care Trilogy - 3rd & 6th Fl,LTCH,Respiratory,412
N,,,COVID-19,,2024-09-10,2024-08-26,19 Rean Dr,Amica Bayview Gardens - 3rd & 4th Fl,Retirement Home,Respiratory,413
N,,,COVID-19,,2024-09-05,2024-08-26,300 Silver Star Blvd,Carefirst Transitional Care Centre,Retirement Home,Respiratory,414
N,,,COVID-19,,2024-09-06,2024-08-26,2245 Lawrence Ave W,The Village Of Humber Heights - 2nd Fl,Retirement Home,Respiratory,415
N,,,Parainfluenza,,2024-09-02,2024-08-25,2030 McNicoll Ave,Mon Sheong - 4th Fl South,LTCH,Respiratory,416
N,,,COVID-19,,2024-08-30,2024-08-24,4001 Leslie St,North York General Hospital - 5 South East,Hospital-Acute Care,Respiratory,417
N,,,COVID-19,,2024-08-31,2024-08-23,1001 Queen St W,Centre for Addiction and Mental Health - Unit 1-2,Hospital-Psychiatric,Respiratory,418
N,,,COVID-19,,2024-08-30,2024-08-23,1001 Queen St W,Centre for Addiction and Mental Health - Unit 1-4,Hospital-Psychiatric,Respiratory,419
N,,,COVID-19,,2024-09-05,2024-08-23,205 Cummer Ave,Cummer Lodge - 3 South,LTCH,Respiratory,420
N,,,COVID-19,,2024-08-31,2024-08-22,825 Coxwell Ave,TEHN - Michael Garron Hospital - T5,Hospital-Acute Care,Respiratory,421
N,,,COVID-19,,2024-09-11,2024-08-21,22 Norfinch Dr,Norfinch Care Community - 2nd Fl - 2A & 2B,LTCH,Respiratory,422
N,,,COVID-19,,2024-08-27,2024-08-20,2109 Finch Ave W,Humber Meadows Long-Term Care Home - 3rd Fl (South),LTCH,Respiratory,423
N,,,COVID-19,,2024-09-06,2024-08-20,1035 Eglinton Ave W,Pine Villa - Transitional Care,Hospital-Chronic Care,Respiratory,424
N,,,COVID-19,,2024-08-28,2024-08-19,15 Barberry Pl,Amica Bayview Village - 2nd Fl,Retirement Home,Respiratory,425
N,,,COVID-19,,2024-09-04,2024-08-19,102 Craiglee Dr,"Craiglee Nursing Home - 2 East, 2 West & 3 West",LTCH,Respiratory,426
N,,,Enterovirus,,2024-08-27,2024-08-19,60 Guildwood Pky,Extendicare Guildwood - East Spur 2,LTCH,Respiratory,427
N,,,Parainfluenza,,2024-08-28,2024-08-19,1 Northwestern Ave,Harold And Grace Baker Centre - C-Wing,LTCH,Respiratory,428
N,,,COVID-19,,2024-09-03,2024-08-19,720 Mt. Pleasant Rd,The Briton House - North & South Tower,Retirement Home,Respiratory,429
N,,,COVID-19,,2024-09-10,2024-08-19,1860 Lawrence Ave E,The Wexford - 6th Fl,LTCH,Respiratory,430
N,,,COVID-19,,2024-08-27,2024-08-19,3276 St. Clair Ave E,Unity Health Toronto - Providence Healthcare Centre - B4,Hospital-Chronic Care,Respiratory,431
N,,,COVID-19,,2024-09-05,2024-08-18,866 Sheppard Ave W,Aspria Kensington Place Retirement Living,Retirement Home,Respiratory,432
N,,,COVID-19,,2024-08-30,2024-08-18,2233 Kipling Ave,Kipling Acres - 3rd Fl (Alder Unit),LTCH,Respiratory,433
N,,,Enterovirus/ Rhinovirus,,2024-08-24,2024-08-16,1800 O'Connor Dr,Fountain View Care Community - 1A Terrace,LTCH,Respiratory,434
N,,,Unable to identify,,2024-08-26,2024-08-16,45 Brunswick Ave,Kensington Gardens North Building - 3rd Fl (West Side),LTCH,Respiratory,435
N,,,COVID-19,,2024-08-24,2024-08-16,2 Buchan Crt,North York General Hospital - Seniors' Health Centre - 2nd Floor,LTCH,Respiratory,436
N,,,COVID-19,,2024-09-03,2024-08-16,60 Scottfield Dr,Yee Hong Centre Finch - 2nd Fl (North & South),LTCH,Respiratory,437
N,,,COVID-19,,2024-09-03,2024-08-15,148 Markham Rd,Scarborough Retirement Residence,Retirement Home,Respiratory,438
N,,,Rhinovirus,,2024-08-23,2024-08-14,2109 Finch Ave W,Humber Meadows - 5th Fl (South Wing),LTCH,Respiratory,439
N,,,Parainfluenza,,2024-08-28,2024-08-14,450 Rustic Rd,North Park Nursing Home - 1st Fl,LTCH,Respiratory,440
N,,,Unable to identify,,2024-08-26,2024-08-13,340 McCowan Rd,Age Care Trilogy - 4th Fl,LTCH,Respiratory,441
N,,,COVID-19,,2024-08-21,2024-08-13,5935 Bathurst St,Cheltenham Care Community - 1st Fl,LTCH,Respiratory,442
N,,,COVID-19,,2024-08-26,2024-08-13,1235 Wilson Ave,Humber River Health - Wilson Site - 5E,Hospital-Acute Care,Respiratory,443
N,,,COVID-19,,2024-08-26,2024-08-12,645 Castlefield Ave,Forest Hill Place,Retirement Home,Respiratory,444
N,,,COVID-19,,2024-08-21,2024-08-12,1800 O'Connor Dr,Fountain View Care Community - 3A (Woodlands),LTCH,Respiratory,445
N,,,COVID-19,,2024-09-04,2024-08-12,1925 Steeles Ave E,"Gibson Long-Term Care Residence - 2nd, 3rd & 4th Fl",LTCH,Respiratory,446
N,,,Rhinovirus,,2024-08-18,2024-08-12,22 Norfinch Dr,Norfinch Care Community - 3A,LTCH,Respiratory,447
N,,,COVID-19,,2024-08-24,2024-08-12,555 Finch Ave W,North York General Hospital - Branson Site - RCC - 4 & 5,Hospital-Chronic Care,Respiratory,448
N,,,COVID-19,,2024-09-03,2024-08-11,200 Dawes Rd,True Davidson Acres LTCH - 3rd Fl,LTCH,Respiratory,449
N,,,COVID-19,,2024-08-28,2024-08-10,400 The West Mall,Wesburn Manor - 4N,LTCH,Respiratory,450
N,,,COVID-19,,2024-08-19,2024-08-09,707 Ellesmere Rd,Alexis Lodge Retirement Residence - Main & Upper Fl,Retirement Home,Respiratory,451
N,,,COVID-19,,2024-09-02,2024-08-09,66 Roncesvalles Ave,Copernicus Lodge - 2 North,LTCH,Respiratory,452
N,,,COVID-19,,2024-08-26,2024-08-09,8 The Donway,Donway Place - 1st Fl,Retirement Home,Respiratory,453
N,,,COVID-19,,2024-08-19,2024-08-08,265 Queens Dr,Qeens Estate Retirement Residence - 4th Fl,Retirement Home,Respiratory,454
N,,,COVID-19,,2024-08-18,2024-08-08,2111 Finch Ave W,RCC Finch Site - Markham Stouville Hospital - 6E,Hospital-Chronic Care,Respiratory,455
N,,,Respiratory syncytial virus,,2024-08-17,2024-08-08,921 Millwood Rd,The Millwood - 4th Fl,Retirement Home,Respiratory,456
N,,,COVID-19,,2024-08-19,2024-08-07,439 Sherbourne St,Fudger House - 3W,LTCH,Respiratory,457
N,,,Rhinovirus,,2024-08-18,2024-08-07,2411 Lawrence Ave E,Hellenic Home - Ground Fl,LTCH,Respiratory,458
N,,,Unable to identify,,2024-08-15,2024-08-07,1860 Lawrence Ave E,The Wexford - 4th Fl,LTCH,Respiratory,459
N,,,COVID-19,,2024-08-14,2024-08-06,187 Wynford Dr,Delmanor Wynford - 4th Fl,Retirement Home,Respiratory,460
N,,,COVID-19,,2024-08-13,2024-08-06,2109 Finch Ave W,Humber Meadows LTCH - Aster (2S),LTCH,Respiratory,461
N,,,Rhinovirus,,2024-08-12,2024-08-06,3760 Sheppard Ave E,Shepherd Lodge - 2S,LTCH,Respiratory,462
N,,,COVID-19,,2024-08-14,2024-08-05,1340 York Mills Rd,Rayoak Place - 1st Fl,Retirement Home,Respiratory,463
N,,,COVID-19,,2024-08-17,2024-08-03,40 Playfiar Ave,Villa Colombo Homes For The Aged - 1st Fl (Fidani Unit),LTCH,Respiratory,464
N,,,COVID-19,Rhinovirus,2024-08-13,2024-08-02,3276 St. Clair Ave E,Unity Health Toronto - Houses Of Providence - Hop 3 East (Cedar),LTCH,Respiratory,465
N,,,COVID-19,,2024-08-12,2024-08-02,2005 Lawrence Ave W,Weston Terrace Care Community - 1A,LTCH,Respiratory,466
N,,,COVID-19,,2024-08-09,2024-08-01,65 Livingstone Rd,Chartwell Guildwood Retirement Residence - 2nd Fl (Dementia Unit),Retirement Home,Respiratory,467
N,,,COVID-19,,2024-08-09,2024-08-01,101 Humber College Blvd,William Osler Health System - Etobicoke General Hospital - 8W Surgical Unit,Hospital-Acute Care,Respiratory,468
N,,,COVID-19,,2024-08-13,2024-07-31,3276 St. Clair Ave E,Unity Health Toronto - Houses Of Providence - Hop 3W (Poplar & Walnut),LTCH,Respiratory,469
N,,,COVID-19,,2024-08-15,2024-07-30,52 Neilson Dr,Dom Lipa - 1st Fl (K Wing) & 2nd Fl,LTCH,Respiratory,470
N,,,Unable to identify,,2024-08-08,2024-07-30,40 Old Kingston Rd,Ehatare Nursing Home - 4th Fl,LTCH,Respiratory,471
N,,,COVID-19,,2024-08-17,2024-07-29,520 Markham Rd,Cedarbrook Lodge Retirement Residence - 2nd Fl,Retirement Home,Respiratory,472
N,,,Rhinovirus,,2024-08-08,2024-07-29,1925 Steeles Ave E,Gibson Long-Term Care Residence - 3rd Fl,LTCH,Respiratory,473
N,,,COVID-19,,2024-08-09,2024-07-29,200 Church St,RCC - Church Site - St. Joseph's Health Centre - 4B,Hospital-Chronic Care,Respiratory,474
N,,,Parainfluenza,,2024-08-06,2024-07-29,1145 Albion Rd,Westside - 4th Fl,LTCH,Respiratory,475
N,,,COVID-19,,2024-08-08,2024-07-28,1195 Queen St E,The Heritage Nursing Home - 2nd Fl,LTCH,Respiratory,476
N,,,Rhinovirus,,2024-08-05,2024-07-27,2233 Kipling Ave,Kipling Acres - 2nd Fl (Elms),LTCH,Respiratory,477
N,,,COVID-19,,2024-08-12,2024-07-26,1925 Steeles Ave E,Gibson Long-Term Care Residence - 1st & 2nd Fl,LTCH,Respiratory,478
N,,,COVID-19,,2024-08-11,2024-07-26,5 Resurrection Dr,Labdara Lithuanian Nursing Home - 1st Fl (South),LTCH,Respiratory,479
N,,,Parainfluenza type 3,,2024-08-10,2024-07-26,200 Elizabeth St,UHN - Toronto General Hospital - 6ES,Hospital-Acute Care,Respiratory,480
N,,,Unable to identify,,2024-07-29,2024-07-24,340 McCowan Rd,Age Care Trilogy - 2nd Fl,LTCH,Respiratory,481
N,,,COVID-19,,2024-08-09,2024-07-24,1 Overland Dr,Better Living At Thompson House - 3rd Fl & 4th Fl (North),LTCH,Respiratory,482
N,,,COVID-19,,2024-07-31,2024-07-24,500 Kingston Rd,TEHN - Atrium At Kew Beach (A MGH Affiliated Unit) - 3E,Hospital-Chronic Care,Respiratory,483
N,,,COVID-19,,2024-08-03,2024-07-23,1001 Queen St W,Centre For Addiction And Mental Health - Unit 1-3,Hospital-Psychiatric,Respiratory,484
N,,,COVID-19,,2024-08-12,2024-07-23,33 Christie St,The O'Neill Centre - 2nd Fl,LTCH,Respiratory,485
N,,,COVID-19,,2024-07-24,2024-07-22,4180 Dundas St W,"Delmanor Prince Edward - 3rd, 5th & 8th Fl",Retirement Home,Respiratory,486
N,,,Rhinovirus,,2024-08-14,2024-07-22,215 Tyrrel Ave,Hellenic Care For Seniors,LTCH,Respiratory,487
N,,,COVID-19,,2024-07-30,2024-07-22,225 St. George St,St. George Care Community - 2nd Fl,LTCH,Respiratory,488
N,,,COVID-19,,2024-08-01,2024-07-22,2311 McNicoll Ave,Yee Hong Centre Scarborough - 3F,LTCH,Respiratory,489
N,,,COVID-19,,2024-08-07,2024-07-20,36 D'Arcy St,Mon Sheong Home For The Aged - 2nd & 3rd Fl,LTCH,Respiratory,490
N,,,COVID-19,,2024-07-28,2024-07-20,2075 Bayview Ave,Sunnybrook Health Sciences Centre - D2,Hospital-Acute Care,Respiratory,491
N,,,COVID-19,,2024-07-26,2024-07-19,1800 O'Connor Dr,Fountain View Community - Lakeside 2B,LTCH,Respiratory,492
N,,,COVID-19,,2024-07-31,2024-07-19,9 Neilson Rd,Seven Oaks - 3rd Fl,LTCH,Respiratory,493
N,,,COVID-19,,2024-07-26,2024-07-19,825 Coxwell Ave,TEHN - Michael Garron Hospital - B3,Hospital-Acute Care,Respiratory,494
N,,,COVID-19,,2024-08-19,2024-07-18,130 Midland Ave,Midland Gardens Care Community,LTCH,Respiratory,495
N,,,Parainfluenza,,2024-08-07,2024-07-18,225 St. George St,St. George Care Community - 4th Fl,LTCH,Respiratory,496
N,,,Parainfluenza,,2024-07-29,2024-07-18,2245 Lawrence Ave W,The Village Of Humber Heights - Brule Neighbourhood,LTCH,Respiratory,497
N,,,COVID-19,,2024-07-31,2024-07-16,2030 McNicoll Ave,Mon Sheong Scarborough - 2nd Fl South & 2nd Fl North,LTCH,Respiratory,498
N,,,COVID-19,,2024-07-27,2024-07-16,2075 Bayview Ave,Sunnybrook Health Science - C4,Hospital-Acute Care,Respiratory,499
N,,,CPE Colonization E. coli (NDM/OXA-48),"CPE Colonization E. coli (NDM), CPE Infection E.coli (NDM/OXA-48), CPE Infection E. coli (OXA-48), VRE",2024-09-11,2024-07-16,2075 Bayview Ave,Sunnybrook Health Science - K3CA,Hospital-Acute Care,Other,500
N,,,COVID-19,,2024-07-24,2024-07-16,262 St. Clair Ave W,The Russell Hill Retirement Residence,Retirement Home,Respiratory,501
N,,,COVID-19,,2024-08-10,2024-07-15,3560 Bathurst St,Baycrest Apotex Centre - Jewish Home For The Aged - 6EI,LTCH,Respiratory,502
N,,,COVID-19,,2024-07-22,2024-07-15,55 Belmont St,Belmont House - 5 Walker Wing,LTCH,Respiratory,503
N,,,COVID-19,,2024-07-23,2024-07-15,3197 Lakeshore Blvd W,Lakeshore Lodge - 4th Fl,LTCH,Respiratory,504
N,,,Unable to identify,,2024-07-22,2024-07-15,10 William Morgan Dr,Leaside Retirement Residence - 2nd Fl (Memory Care Unit),Retirement Home,Enteric,505
N,,,Parainfluenza,,2024-07-26,2024-07-14,2311 McNicoll Ave,Yee Hong Centre -Mcnicoll - 5th Fl,LTCH,Respiratory,506
N,,,COVID-19,,2024-07-22,2024-07-12,2025 Finch Ave W,Hawthorne Place Care Centre - Lily Way - 3rd Fl,LTCH,Respiratory,507
N,,,COVID-19,,2024-07-18,2024-07-12,1 Kenton Pl,One Keton Place  - 4th Fl,Retirement Home,Respiratory,508
N,,,Metapneumovirus,,2024-07-16,2024-07-12,200 Elizabeth St,UHN - Toronto General Hospital - 7MA/B,Hospital-Acute Care,Respiratory,509
N,,,Rhinovirus,,2024-08-04,2024-07-11,305 Cummer Ave,"Cummer Lodge - 2N, 2S & 4N",LTCH,Respiratory,510
N,,,Norovirus,,2024-07-29,2024-07-11,40 Playfair Ave,"Villa Colombo (Ltch) - 3rd & 4th (Fidani), 2nd, 3rd & 4th (Fusco)",LTCH,Enteric,511
N,,,Parainfluenza,,2024-07-30,2024-07-11,1145 Albion Rd,Westside Long Term Care - 3rd Fl,LTCH,Respiratory,512
N,,,COVID-19,,2024-07-19,2024-07-10,3560 Bathurst St,Baycrest Apotex Centre - Jewish Home For The Aged - 2RF,LTCH,Respiratory,513
N,,,Rhinovirus,,2024-07-16,2024-07-09,140 Sherway Dr,Trillium Health Partners - Mccall Centre For Continuing Care - 3rd Fl,Hospital-Chronic Care,Respiratory,514
N,,,COVID-19,,2024-07-29,2024-07-09,150 Emmett Ave,Westpark Long Term Care Centre - Humber/York,LTCH,Respiratory,515
N,,,COVID-19,,2024-07-18,2024-07-08,3560 Bathurst St,Baycrest Apotex Centre - Jewish Home For The Aged - 7EI,LTCH,Respiratory,516
N,,,COVID-19,,2024-08-08,2024-07-08,2 Green Belt Dr,"Don Mills Retirement Residence - 3rd, 5th & 7th Fl",Retirement Home,Respiratory,517
N,,,Rhinovirus,,2024-07-22,2024-07-08,551 Collins Rd,Extendicare Rouge Valley - Moorish Unit - 3rd Fl S,LTCH,Respiratory,518
N,,,Influenza A (Not subtyped),,2024-07-17,2024-07-08,2233 Kipling Ave,Kipling Acres Long-Term Care Home - Highfield,LTCH,Respiratory,519
N,,,COVID-19,,2024-07-15,2024-07-08,140 Sherway Dr,McCall Centre for Continuing Care - 3rd Fl,Hospital-Chronic Care,Respiratory,520
N,,,COVID-19,,2024-07-16,2024-07-08,825 Coxwell Ave,TEHN- Michael Garron Hospital - A3,Hospital-Acute Care,Respiratory,521
N,,,COVID-19,,2024-07-18,2024-07-08,60 Richview Rd,Ukranian Canadian Care Centre - 2nd Fl,LTCH,Respiratory,522
N,,,COVID-19,,2024-07-15,2024-07-07,3560 Bathurst St,Baycrest Apotex Centre - Jewish Home For The Aged - 3GS,LTCH,Respiratory,523
N,,,COVID-19,,2024-07-22,2024-07-07,3560 Bathurst St,Baycrest Apotex Centre - Jewish Home For The Aged - 4RF,LTCH,Respiratory,524
N,,,COVID-19,Enterovirus/ Rhinovirus,2024-07-23,2024-07-07,2111 Buchan Crt,Nygh - Seniors' Health Centre - 2nd Fl,LTCH,Respiratory,525
N,,,Enterovirus/ Rhinovirus,,2024-07-13,2024-07-07,2111 Buchan Crt,Nygh - Seniors' Health Centre - 4th Fl,LTCH,Respiratory,526
N,,,COVID-19,,2024-07-15,2024-07-06,625 Runnymede Rd,Runnymede Healthcare Centre - 2E,Hospital-Chronic Care,Respiratory,527
N,,,COVID-19,,2024-07-17,2024-07-05,3560 Bathurst St,Baycrest Apotex Centre - Jewish Home For The Aged - 5RF,LTCH,Respiratory,528
N,,,COVID-19,,2024-07-29,2024-07-04,3830 Lawren Ave E,Extendicare Scarborough,LTCH,Respiratory,529
N,,,Rhinovirus,,2024-07-16,2024-07-04,130 Midland Ave,Midland Gardens Care Community - 6th Fl,LTCH,Respiratory,530
N,,,COVID-19,,2024-07-12,2024-07-04,4001 Leslie St,North York General Hospital - General Site - 7N,Hospital-Acute Care,Respiratory,531
N,,,COVID-19,,2024-07-22,2024-07-03,439 Sherbourne St,Fudger House - 1 West,LTCH,Respiratory,532
N,,,COVID-19,,2024-07-15,2024-07-02,22 Norfinch Dr,Norfinch Care Community Nursing Home - 3B,LTCH,Respiratory,533
N,,,Parainfluenza,,2024-07-19,2024-07-02,2245 Lawrence Ave W,The Village of Humber Heights - Alderwood,LTCH,Respiratory,534
N,,,COVID-19,,2024-07-17,2024-06-30,10 Senlac Rd,Chartwell Lansing Retirement Residence - 1st & 3rd Fl,LTCH,Respiratory,535
N,,,COVID-19,,2024-07-06,2024-06-28,55 Ameer Ave,Baycrest Hospital - Terraces 1st Fl,Retirement Home,Respiratory,536
N,,,COVID-19,,2024-07-06,2024-06-28,2 O'Connor Dr,Sisters of St. Joseph - Unit 3 & 4,Hospital-Chronic Care,Respiratory,537
N,,,Parainfluenza,,2024-07-08,2024-06-27,2233 Kipling Ave,Kipling Acres - Humber Unit,LTCH,Respiratory,538
N,,,COVID-19,,2024-07-05,2024-06-27,55 Ameer Ave,Terraces of Baycrest Retirement Residence - 11th Fl,Retirement Home,Respiratory,539
N,,,Rhinovirus,,2024-07-08,2024-06-27,25 Brunswick Ave,The Kensington Gardens (South Building) - 4 East,LTCH,Respiratory,540
N,,,Parainfluenza,,2024-07-06,2024-06-26,495 The West Mall,Chartwell Westbury Long Term Care - 2nd Fl,LTCH,Respiratory,541
N,,,Rhinovirus,,2024-07-11,2024-06-26,400 The West Mall,Wesburn Manor - 2 North,LTCH,Respiratory,542
N,,,COVID-19,,2024-07-18,2024-06-25,1400 Kennedy Rd,"Kennedy Lodge - 2 & 3 South, Main North & 2 North",LTCH,Respiratory,543
N,,,Norovirus,,2024-07-07,2024-06-25,10 William Morgan Dr,Leaside Retirement - 3rd Fl Building 10,Retirement Home,Enteric,544
N,,,COVID-19,,2024-07-04,2024-06-25,130 Midland Ave,Mindland Gardens Care Community - 6th Fl,LTCH,Respiratory,545
N,,,COVID-19,,2024-07-06,2024-06-24,3560 Bathurst St,Baycrest Hospital - H3W,Hospital-Chronic Care,Respiratory,546
N,,,Metapneumovirus,,2024-07-06,2024-06-24,1 Overland Dr,Better Living at Thomspson House - 3rd Fl,LTCH,Respiratory,547
N,,,COVID-19,,2024-07-02,2024-06-24,55 Ameer Ave,Terraces of Baycrest Retirement Residences - 8th Fl,Retirement Home,Respiratory,548
N,,,COVID-19,,2024-07-07,2024-06-23,625 Runnymede Rd,Runnymede Healthcare Centre - 3 East,Hospital-Chronic Care,Respiratory,549
N,,,COVID-19,,2024-07-01,2024-06-23,55 Ameer Ave,Terraces of Baycrest Retirement Residence - 9th Fl,Retirement Home,Respiratory,550
N,,,Rhinovirus,,2024-07-01,2024-06-22,2005 Lawrence Ave,Weston Terrace Care Community - 2nd Fl,LTCH,Respiratory,551
N,,,COVID-19,,2024-07-06,2024-06-21,3560 Bathurst St,Baycrest Hospital - 7 East,Hospital-Chronic Care,Respiratory,552
N,,,COVID-19,,2024-06-29,2024-06-21,3560 Bathurst St,Baycrest Hospital - H4W,Hospital-Chronic Care,Respiratory,553
N,,,Enterovirus/ Rhinovirus,,2024-07-01,2024-06-21,2 Buchan Crt,North York General Hospital - Seniors' Health Centre - 1st Fl,LTCH,Respiratory,554
N,,,Parainfluenza,,2024-06-26,2024-06-20,2920 Lawrence Ave E,Bendale Acres - 3rd Fl,LTCH,Respiratory,555
N,,,COVID-19,,2024-06-27,2024-06-20,740 Pape Ave,"Nisbet Lodge - 6th,7th & 8th Fl (Team 2)",LTCH,Respiratory,556
N,,,COVID-19,,2024-06-24,2024-06-19,3760 Sheppard Ave E,Shepherd Lodge - 3rd Fl South,LTCH,Respiratory,557
N,,,COVID-19,,2024-07-04,2024-06-18,200 Church St,Humber River Hospital - RCC Church Site - A2N,Hospital-Chronic Care,Respiratory,558
N,,,COVID-19,,2024-06-25,2024-06-18,10 William Morgan Dr,Leaside Retirement Residence - 6th Fl Building 14,Retirement Home,Respiratory,559
N,,,Parainfluenza,,2024-07-14,2024-06-17,5935 Bathurst St,Cheltenham Care Community - 1st & 2nd Fl,LTCH,Respiratory,560
N,,,Parainfluenza,,2024-06-26,2024-06-17,2030 McNicoll Ave,Mon Sheong Scarborough Long Term Care - 3rd Fl,LTCH,Respiratory,561
N,,,COVID-19,,2024-06-26,2024-06-17,61 Fairfox Cres,Presentation Manor - 4th Fl,Retirement Home,Respiratory,562
N,,,COVID-19,,2024-06-28,2024-06-17,2111 Finch Ave,Southlake Regional Health Centre - RCC Finch Site - 6 West,Hospital-Chronic Care,Respiratory,563
N,,,Clostridium difficile,,2024-07-12,2024-06-17,399 Bathurst St,UHN - Toronto Western Hospital - 4B,Hospital-Acute Care,Enteric,564
N,,,Parainfluenza,,2024-07-12,2024-06-17,2311 McNicoll Ave,Yee Hong Centre - Scarborough - 1st & 3rd Fl,LTCH,Respiratory,565
N,,,COVID-19,,2024-06-28,2024-06-15,625 Runnymede Rd,Runnymede Healthcare Centre - 3W,Hospital-Chronic Care,Respiratory,566
N,,,COVID-19,,2024-06-25,2024-06-13,2920 Lawrence Ave E,Bendale Acres - 1st & 3rd Fl,LTCH,Respiratory,567
N,,,COVID-19,,2024-06-21,2024-06-13,2111 Finch Ave W,Reactivation Care Centre - Finch Site - Southlake Hospital - 5 West,Hospital-Chronic Care,Respiratory,568
N,,,CPE Unspecified (VIM),,2024-06-28,2024-06-13,3030 Birchmount Rd,Scarborough Health Network - Birchmount Hospital - 4A,Hospital-Acute Care,Other,569
N,,,Parainfluenza,,2024-06-22,2024-06-13,2075 Bayview Ave,Sunnybrook Health Sciences Centre - Sunnybrook Veterans Centre - LSSE,LTCH,Respiratory,570
N,,,COVID-19,,2024-06-19,2024-06-12,55 Belmont St,Belmont House - 5th Fl,Retirement Home,Respiratory,571
N,,,COVID-19,,2024-06-20,2024-06-11,180 Sheridan Ave,Bill McMurray Residence,Retirement Home,Respiratory,572
N,,,COVID-19,,2024-07-02,2024-06-11,550 Cummer Ave,Extendicare Bayview,LTCH,Respiratory,573
N,,,COVID-19,,2024-07-02,2024-06-11,439 Sherbourne St,Fudger House - 2 West & 3 West,LTCH,Respiratory,574
N,,,COVID-19,,2024-06-18,2024-06-10,52 Neilson Dr,Dom Lipa - Wing 2,LTCH,Respiratory,575
N,,,COVID-19,,2024-06-19,2024-06-10,1000 Ellesmere Rd,Fieldstone Commons Care Community - 3A & 3B,LTCH,Respiratory,576
N,,,COVID-19,,2024-06-20,2024-06-09,2045 Finch Ave W,Hawthorne Place Care Centre - Maple Lane - 1st Fl,LTCH,Respiratory,577
N,,,COVID-19,,2024-06-15,2024-06-08,306 Finch Ave E,Carefree Lodge - 2nd Fl,LTCH,Respiratory,578
N,,,Norovirus,,2024-06-21,2024-06-07,25 Brunswick Ave,Kensington Gardens South - 1 West & 1 East,LTCH,Enteric,579
N,,,COVID-19,,2024-06-15,2024-06-07,2075 Bayview Ave,Sunnybrook Health Sciences Centre - D6,Hospital-Acute Care,Respiratory,580
N,,,Unable to identify,,2024-06-15,2024-06-06,25 Centennial Park Rd,Centennial Park Place,Retirement Home,Respiratory,581
N,,,Parainfluenza,,2024-06-21,2024-06-06,59 Lawson Rd,"Tony Stacey Centre for Veterans Care - 1st Fl South, 2nd Fl South & 2nd Fl East",LTCH,Respiratory,582
N,,,Parainfluenza,,2024-06-20,2024-06-05,1925 Steeles Ave E,Gibson Long-Term Care Residence - 1st Fl,LTCH,Respiratory,583
N,,,COVID-19,,2024-06-20,2024-06-05,25 Brunswick Ave,Kensington Gardens South - 1 East & 2 East,LTCH,Respiratory,584
N,,,COVID-19,,2024-06-11,2024-06-04,1001 Queen St W,Centre for Addiction and Mental Health - Queen Site - PRT5,Hospital-Psychiatric,Respiratory,585
N,,,Coronavirus*,,2024-06-17,2024-06-04,439 Sherbourne St,Fudger House - 1 East,LTCH,Respiratory,586
N,,,COVID-19,,2024-06-17,2024-06-03,9 Neilson Rd,Seven Oaks - 3rd Fl,LTCH,Respiratory,587
N,,,Rhinovirus,,2024-06-21,2024-05-31,2075 Bayview Ave,Sunnybrook Health Sciences Centre - Sunnybrook Veterans Centre - LFSW,LTCH,Respiratory,588
N,,,COVID-19,,2024-06-07,2024-05-31,825 Coxwell Ave,Toronto East Health Network - Michael Garron Hospital - B3,Hospital-Acute Care,Respiratory,589
N,,,COVID-19,,2024-06-11,2024-05-30,2245 Lawrence Ave West,The Village of Humber Heights,Retirement Home,Respiratory,590
N,,,COVID-19,,2024-06-14,2024-05-29,1 Northwestern Ave,Harold and Grace Baker Centre LTCH - C Wing,LTCH,Respiratory,591
N,,,Parainfluenza,,2024-06-07,2024-05-29,2109 Finch Ave W,Humber Meadows Long Term Care Home - Douglas South,LTCH,Respiratory,592
N,,,COVID-19,,2024-06-08,2024-05-29,130 Dunn Ave,University Health Network - Bickle Centre - South 5,Hospital-Chronic Care,Respiratory,593
N,,,Parainfluenza,Coronavirus*,2024-06-22,2024-05-28,1800 O'Connor Dr,"Fountain View Care Community - 1A Terrace, 2A Breezeway & 2B Lakeside",LTCH,Respiratory,594
N,,,COVID-19,,2024-06-18,2024-05-28,2411 Lawrence Ave E,Hellenic Home for the Aged - 2nd Fl,LTCH,Respiratory,595
N,,,Rhinovirus,,2024-06-05,2024-05-27,9 Neilson Rd,Seven Oaks - 2nd Fl,LTCH,Respiratory,596
N,,,Unable to identify,,2024-06-05,2024-05-27,3760 Sheppard Ave East,Shepherd Lodge - 2 South,LTCH,Respiratory,597
N,,,COVID-19,,2024-06-09,2024-05-27,3760 Sheppard Ave East,"Shepherd Lodge - 6 South, 6 North & 2 South",LTCH,Respiratory,598
N,,,COVID-19,,2024-06-04,2024-05-27,500 Kingston Rd,Toronto East Health Network - AHF - Atrium at Kew Beach RR - 1st Fl,Hospital-Chronic Care,Respiratory,599
N,,,Coronavirus*,,2024-06-02,2024-05-26,3595 Keele St,Downsview Long Term Care Centre - 1 East,LTCH,Respiratory,600
N,,,COVID-19,,2024-05-31,2024-05-26,1400 Kennedy Rd,Kennedy Lodge - Ground Fl,LTCH,Respiratory,601
N,,,COVID-19,,2024-06-05,2024-05-25,2233 Kipling Ave,Kipling Acres - Thistletown Unit,LTCH,Respiratory,602
N,,,COVID-19,,2024-06-03,2024-05-25,45 Brunswick Ave,The Kensington Gardens (North) - 1 East,LTCH,Respiratory,603
N,,,COVID-19,,2024-06-11,2024-05-25,400 The West Mall,Wesburn Manor - 2 & 3 South,LTCH,Respiratory,604
N,,,COVID-19,,2024-06-03,2024-05-24,140 Sherway Drive,Trillium Health Partners - McCall Continuing Care - 2nd Fl,Hospital-Chronic Care,Respiratory,605
N,,,COVID-19,,2024-06-03,2024-05-23,495 The West Mall,Chartwell Westbury Long Term Care Residence - 4th Fl,LTCH,Respiratory,606
N,,,COVID-19,,2024-05-31,2024-05-23,500 Kingston Rd,Toronto East Health Network - AHF - Atrium at Kew Beach RR - 3W,Hospital-Chronic Care,Respiratory,607
N,,,CPE Enterobacter cloacae (KPC),,2024-06-22,2024-05-23,30 The Queensway,Unity Health Toronto - St. Joseph's Health Centre - 6M,Hospital-Acute Care,Other,608
N,,,COVID-19,,2024-05-30,2024-05-22,10 Senlac Rd,Chartwell Lansing Retirement Residence - 1st Fl,Retirement Home,Respiratory,609
N,,,COVID-19,,2024-05-30,2024-05-22,22 Norfinch Dr,Norfinch Care Community - North York - 2A,LTCH,Respiratory,610
N,,,COVID-19,,2024-05-31,2024-05-22,200 Elizabeth St,University Health Network - Toronto General - 6ES,Hospital-Acute Care,Respiratory,611
N,,,COVID-19,,2024-06-08,2024-05-21,5935 Bathurst St,Cheltenham Care Community - 2nd & 3rd Fl,LTCH,Respiratory,612
N,,,COVID-19,,2024-05-30,2024-05-21,187 Wynford Dr,Delmanor Wynford - 4th & 6th Fl,Retirement Home,Respiratory,613
N,,,COVID-19,,2024-05-31,2024-05-21,52 Neilson Dr,Dom Lipa - 2nd Fl,Retirement Home,Respiratory,614
N,,,COVID-19,,2024-05-27,2024-05-21,5 Resurrection Rd,Labdara Lithuanian Nursing Home - 2nd Fl,LTCH,Respiratory,615
N,,,Parainfluenza,Rhinovirus,2024-06-06,2024-05-21,150 Dunn Ave,Lakeside Long Term Care Centre,LTCH,Respiratory,616
N,,,COVID-19,,2024-05-29,2024-05-21,55 Ameer Ave,Terraces of Baycrest - T4,Retirement Home,Respiratory,617
N,,,COVID-19,,2024-06-05,2024-05-20,138 Dowling Ave,Chartwell White Eagle Long Term Care Residence - 2nd Fl,LTCH,Respiratory,618
N,,,COVID-19,,2024-05-28,2024-05-20,14 Cross St,Fairview Nursing Home - 1st Fl,LTCH,Respiratory,619
N,,,Rhinovirus,,2024-05-28,2024-05-20,200 Church St,Sunnybrook Health Sciences Centre - RCC - A3S,Hospital-Chronic Care,Respiratory,620
N,,,COVID-19,,2024-05-24,2024-05-18,25 Brunswick Ave,The Kensington Gardens - 3 East Unit,LTCH,Respiratory,621
N,,,COVID-19,,2024-05-29,2024-05-17,5351 Yonge St,Delmanor Northtown,Retirement Home,Respiratory,622
N,,,Parainfluenza,,2024-05-27,2024-05-17,2109 Finch Ave W,Humber Meadows LTCH - Aster North,LTCH,Respiratory,623
N,,,COVID-19,,2024-06-03,2024-05-17,148 Markham Rd,"Scarborough Retirement Residence - 2nd, 4th, 5th & 7th Fl",Retirement Home,Respiratory,624
N,,,COVID-19,,2024-05-24,2024-05-17,825 Coxwell Ave,Toronto East Health Network - Michael Garron Hospital - A3,Hospital-Acute Care,Respiratory,625
N,,,COVID-19,,2024-05-24,2024-05-16,205 Cummer Ave,Cummer Lodge - 2S,LTCH,Respiratory,626
N,,,Parainfluenza,,2024-05-30,2024-05-15,130 Midland Ave,Midland Gardens Care Community - 4th Fl,LTCH,Respiratory,627
N,,,COVID-19,,2024-05-25,2024-05-15,36 D'Arcy St,Mon Sheong Home for the Aged - 5th Fl,LTCH,Respiratory,628
N,,,COVID-19,,2024-05-31,2024-05-15,3050 Lawrence Ave E,Scarborough Health Network - Scarborough General - T7,Hospital-Acute Care,Respiratory,629
N,,,COVID-19,,2024-06-07,2024-05-15,40 Playfair Ave,"Villa Colombo Homes for the Aged - 2 Fidani, 2 Fusco West, 2 Fusco North, 2 Fusco South, 3 Fusco West, 5 Fusco South, 5 Fusco North & 5 Fusco West",LTCH,Respiratory,630
N,,,COVID-19,,2024-05-25,2024-05-15,82 Buttonwood Ave,West Park Long Term Care Centre - Hughes/Prittie,LTCH,Respiratory,631
N,,,COVID-19,,2024-05-27,2024-05-15,2005 Lawrence Ave W,Weston Terrace Care Community - 4A,LTCH,Respiratory,632
N,,,COVID-19,,2024-05-24,2024-05-15,101 Humber College Blvd,William Osler Health System - Etobicoke - 10E Medicine Unit,Hospital-Acute Care,Respiratory,633
N,,,Coronavirus*,,2024-05-31,2024-05-14,495 The West Mall,Age Care Westbury - 3rd & 6th Fl,LTCH,Respiratory,634
N,,,COVID-19,,2024-05-21,2024-05-14,66 Roncesvalles Ave,Copernicus Lodge - 6 South,LTCH,Respiratory,635
N,,,COVID-19,,2024-05-27,2024-05-14,52 Neilson Drive,Dom Lipa - K Wing,LTCH,Respiratory,636
N,,,COVID-19,,2024-05-23,2024-05-14,4001 Leslie St,North York General Hospital - 5W,Hospital-Acute Care,Respiratory,637
N,,,COVID-19,,2024-05-23,2024-05-14,345 Sherbourne St,Sherbourne Place - 4th Fl,LTCH,Respiratory,638
N,,,COVID-19,,2024-05-23,2024-05-14,2075 Bayview Ave,Sunnybrook Health Sciences Centre - Sunnybrook Veterans Centre - LTSE,LTCH,Respiratory,639
N,,,Enterovirus/ Rhinovirus,,2024-05-23,2024-05-13,520 Markham Rd,Cedarbrook Lodge Retirement Residence - 3rd & 4th Fl,Retirement Home,Respiratory,640
N,,,COVID-19,,2024-05-27,2024-05-13,1925 Steeles Ave E,Chartwell Gibson Long Term Care Residence - 4th Fl,LTCH,Respiratory,641
N,,,Coronavirus*,,2024-05-20,2024-05-13,2111 Finch Ave W,RCC Finch Site - Mackenzie Health - 4 East,Hospital-Chronic Care,Respiratory,642
N,,,Parainfluenza,,2024-05-20,2024-05-13,625 Runnymede Rd,Runnymede Healthcare Centre - 3E,Hospital-Chronic Care,Respiratory,643
N,,,COVID-19,,2024-06-06,2024-05-13,1195 Queen St E,The Heritage Nursing Home - 2nd & 4th Fl,LTCH,Respiratory,644
N,,,COVID-19,,2024-05-27,2024-05-12,1000 Ellesmere Rd,Fieldstone Commons Care Community - 4A,LTCH,Respiratory,645
N,,,COVID-19,,2024-05-20,2024-05-12,2075 Bayview Ave,Sunnybrook Health Sciences Centre - Bayview Campus - C2,Hospital-Acute Care,Respiratory,646
N,,,COVID-19,,2024-05-27,2024-05-12,541 Finch Ave W,Valleyview Residence - 2E,LTCH,Respiratory,647
N,,,Parainfluenza,,2024-05-23,2024-05-11,1800 O'Connor Dr,Harmony Hills Care Community - Unit 3B,LTCH,Respiratory,648
N,,,Metapneumovirus,,2024-05-18,2024-05-09,340 McCowan Rd,Age Care Trilogy - 1st Fl Oakview,LTCH,Respiratory,649
N,,,Coronavirus*,,2024-05-17,2024-05-09,66 Roncesvalles Ave,Copernicus Lodge - 2 North,LTCH,Respiratory,650
N,,,Parainfluenza,Coronavirus*,2024-06-03,2024-05-09,1925 Steeles Ave,Gibson Long-Term Care Residence - 2nd & 4th Fl,LTCH,Respiratory,651
N,,,COVID-19,,2024-05-13,2024-05-09,150 Sherway Drive,Trillium Health Partners - Queensway - Orthopedic Unit,Hospital-Acute Care,Respiratory,652
N,,,Metapneumovirus,Rhinovirus,2024-05-16,2024-05-08,14 Cross St,Fairview Nursing Home - 2nd & 3rd Fl,LTCH,Respiratory,653
N,,,COVID-19,,2024-05-14,2024-05-08,200 Elizabeth St,University Health Network - Toronto General - 7MA,Hospital-Acute Care,Respiratory,654
N,,,Unable to identify,,2024-05-19,2024-05-08,400 The West Mall,Wesburn Manor - 4 North,LTCH,Respiratory,655
N,,,COVID-19,,2024-05-21,2024-05-07,520 Markham Rd,Cedarbrook Lodge - Transitional Care Unit - 5th Fl Bayshore,Transitional Care,Respiratory,656
N,,,COVID-19,,2024-05-22,2024-05-07,520 Markham Rd,Cedarbrook Lodge Retirement Residence - 4th Fl,Retirement Home,Respiratory,657
N,,,COVID-19,,2024-05-10,2024-05-07,2233 Kipling Ave,Kipling Acres - 3 North East Smithfield,LTCH,Respiratory,658
N,,,COVID-19,,2024-05-13,2024-05-06,2920 Lawrence Ave E,Bendale Acres - 2 West,LTCH,Respiratory,659
N,,,COVID-19,,2024-05-22,2024-05-06,1020 McNicoll Ave,McNicoll Manor/Moll Berczy Haus,Retirement Home,Respiratory,660
N,,,COVID-19,,2024-05-21,2024-05-06,1140 Bloor St W,"New Horizons Tower - 6th, 9th, 14th, 15th & 16th Fl",Retirement Home,Respiratory,661
N,,,COVID-19,,2024-05-13,2024-05-06,1 Bridgepoint Dr,Sinai Health System - Hennick Bridgepoint - 3N,Hospital-Chronic Care,Respiratory,662
N,,,COVID-19,,2024-05-13,2024-05-06,305 Balliol St,The Claremont - 3rd Fl,Retirement Home,Respiratory,663
N,,,Norovirus,,2024-05-27,2024-05-05,66 Roncesvalles Ave,"Copernicus Lodge - 2 North, 2 South & 3 South",LTCH,Enteric,664
N,,,Influenza A (Not subtyped),"Coronavirus*, Enterovirus/ Rhinovirus",2024-05-14,2024-05-03,205 Cummer Ave,Cummer Lodge - Unit 4S,LTCH,Respiratory,665
N,,,COVID-19,,2024-05-15,2024-05-03,2075 Bayview Ave,Sunnybrook Health Sciences Centre - Sunnybrook Veterans Centre - LGSE,LTCH,Respiratory,666
N,,,COVID-19,,2024-06-09,2024-05-03,2245 Lawrence Ave W,The Village of Humber Heights - 1st Fl (Lambton) & East Wing,LTCH,Respiratory,667
N,,,Parainfluenza,,2024-05-26,2024-05-02,2045 Finch Ave W,Hawthorne Place Care Centre - Honeysuckle Unit & 1st Fl Convalescent,LTCH,Respiratory,668
N,,,Parainfluenza,,2024-05-17,2024-05-02,40 Bell Estate Rd,Ina Grafton Gage Home - Unit 4,LTCH,Respiratory,669
N,,,Parainfluenza,,2024-05-14,2024-05-02,265 Queens Dr,Queens Estate Retirement Residence - 3rd & 4th Fl,Retirement Home,Respiratory,670
N,,,COVID-19,,2024-05-10,2024-05-02,3276 St. Clair Ave East,Unity Health Toronto - Providence - A5,Hospital-Chronic Care,Respiratory,671
N,,,Rhinovirus,Coronavirus*,2024-05-14,2024-05-01,215 Tyrrel Ave,Hellenic Care for Seniors,LTCH,Respiratory,672
N,,,Unable to identify,,2024-05-08,2024-05-01,2411 Lawrence Ave E,Hellenic Home for The Aged - 3B,LTCH,Enteric,673
N,,,COVID-19,,2024-05-17,2024-04-30,35 Elm Grove Ave,Elm Grove Living Centre - 2nd Fl (East),LTCH,Respiratory,674
N,,,Coronavirus*,,2024-05-09,2024-04-30,155 Millwood Rd,Isabel and Arthur Meighen Manor - Fisher Unit,LTCH,Respiratory,675
N,,,Influenza A (Not subtyped),,2024-05-09,2024-04-30,140 Sherway Dr,Trillium Health Partners - McCall Centre for Continuing Care - 4th Fl,Hospital-Chronic Care,Respiratory,676
N,,,COVID-19,,2024-05-07,2024-04-29,306 Finch Ave E,Carefree Lodge - 1st Fl,LTCH,Respiratory,677
N,,,Respiratory syncytial virus,,2024-05-07,2024-04-29,1001 Queen St W,Centre For Addiction And Mental Health - GAU A,Hospital-Psychiatric,Respiratory,678
N,,,Coronavirus*,Metapneumovirus,2024-05-12,2024-04-29,2233 Kipling Ave,Kipling Acres - 3 South East & 3 North East,LTCH,Respiratory,679
N,,,Coronavirus*,Parainfluenza type 1,2024-05-21,2024-04-29,5 Resurection Rd,Labdara Lithuanian Nursing Home - 3rd Fl,LTCH,Respiratory,680
N,,,COVID-19,,2024-05-15,2024-04-29,1020 Mcnicoll Ave,Tendercare Living Centre - 2E & 2W,LTCH,Respiratory,681
N,,,Coronavirus*,Rhinovirus,2024-05-23,2024-04-29,1195 Queen St E,"The Heritage Nursing Home - 1st, 3rd & 4th Fl",LTCH,Respiratory,682
N,,,Coronavirus*,Parainfluenza,2024-05-15,2024-04-29,59 Lawson Rd,Tony Stacey Centre for Veterans Care,LTCH,Respiratory,683
N,,,COVID-19,,2024-05-09,2024-04-27,140 Sherway Dr,Trillium Health Partners - McCall Continuing Care - 4th Fl,Hospital-Chronic Care,Respiratory,684
N,,,COVID-19,,2024-05-05,2024-04-27,610 University Ave,University Health Network - Princess Margaret - 15A,Hospital-Acute Care,Respiratory,685
N,,,Metapneumovirus,,2024-05-05,2024-04-26,3560 Bathurst St,Baycrest Apotex Centre - Jewish Home for the Aged - 7GS,LTCH,Respiratory,686
N,,,Coronavirus*,,2024-05-06,2024-04-26,225 St. George St,St George Care Community - 3rd Fl,LTCH,Respiratory,687
N,,,COVID-19,,2024-05-13,2024-04-25,3555 Danforth Ave,Chester Village LTC - 2E,LTCH,Respiratory,688
N,,,Metapneumovirus,Parainfluenza,2024-05-16,2024-04-25,625 Runnymede Rd,Runnymede Healthcare Centre - 4E,Hospital-Chronic Care,Respiratory,689
N,,,COVID-19,,2024-05-01,2024-04-25,30 The Queensway,Unity Health Toronto - St. Joseph's - 4M,Hospital-Acute Care,Respiratory,690
N,,,COVID-19,,2024-04-30,2024-04-23,340 McCowan Rd,Age Care Trilogy Long Term Care - 6th Fl,LTCH,Respiratory,691
N,,,Metapneumovirus,,2024-05-05,2024-04-23,22 Norfinch Dr,Norfinch Care Community - 2A,LTCH,Respiratory,692
N,,,Parainfluenza,Metapneumovirus,2024-05-09,2024-04-23,25 Brunswick Ave,The Kensington Gardens (South Building) - S2E,LTCH,Respiratory,693
N,,,Metapneumovirus,Parainfluenza,2024-05-02,2024-04-22,60 Guildwood Pky,Extendicare Guildwood,LTCH,Respiratory,694
N,,,Norovirus,,2024-05-06,2024-04-22,130 Midland Ave,Midland Gardens Care Community - 3rd & 6th Fl,LTCH,Enteric,695
N,,,Influenza A (Not subtyped),,2024-05-04,2024-04-22,140 Sherway Dr,Trillium Health Partners - McCall Centre For Continuing Care - 3rd Fl,Hospital-Chronic Care,Respiratory,696
N,,,COVID-19,,2024-05-07,2024-04-22,399 Bathurst St,University Health Network - Toronto Western - 8A,Hospital-Acute Care,Respiratory,697
N,,,Rhinovirus,,2024-05-09,2024-04-21,60 Scoffield Dr,Yee Hong Centre - 2 North & 2 South,LTCH,Respiratory,698
N,,,COVID-19,,2024-05-06,2024-04-20,1001 Queen St West,Centre For Addiction and Mental Health - 3rd Fl (Unit 3-3),Hospital-Psychiatric,Respiratory,699
N,,,Metapneumovirus,,2024-04-29,2024-04-19,84 Davisville Ave,Meighen Retirement Residence - 3rd Fl,Retirement Home,Respiratory,700
N,,,COVID-19,,2024-04-26,2024-04-19,740 Pape Ave,Nisbet Lodge - Toronto - 4th Fl,LTCH,Respiratory,701
N,,,Coronavirus*,,2024-05-06,2024-04-19,2121 Kingston Rd,Retirement Suites by the Lake,Retirement Home,Respiratory,702
N,,,Parainfluenza,,2024-04-23,2024-04-18,45 Brunswick Ave,Kensington Gardens (North Building) - 2 West,LTCH,Respiratory,703
N,,,Unable to identify,,2024-04-27,2024-04-18,130 Midland Ave,Midland Gardens Care Community - 5th Fl,LTCH,Respiratory,704
N,,,COVID-19,,2024-04-29,2024-04-18,303 Queens Dr,"Weston Gardens Retirement Residence - 3rd, 4th & 5th Fl",Retirement Home,Respiratory,705
N,,,Unable to identify,,2024-04-27,2024-04-17,1238 Queen St E,Chartwell Avondale Retirement Home,Retirement Home,Enteric,706
N,,,Norovirus,,2024-05-09,2024-04-17,61 Fairfax Cres,Presentation Manor,Retirement Home,Enteric,707
N,,,Metapneumovirus,,2024-04-26,2024-04-17,200 Dawes Rd,True Davidson Acres - 3rd Fl,LTCH,Respiratory,708
N,,,Unable to identify,,2024-04-24,2024-04-17,2311 McNicoll Ave,Yee Hong Centre - 2F,LTCH,Enteric,709
N,,,Metapneumovirus,Coronavirus*,2024-05-02,2024-04-15,3560 Bathurst St,Baycrest Apotex Centre - Jewish Home For The Aged - 6GS,LTCH,Respiratory,710
N,,,Unable to identify,,2024-04-22,2024-04-15,2920 Lawrence Ave E,Bendale Acres - 1 W,LTCH,Enteric,711
N,,,COVID-19,,2024-04-29,2024-04-15,600 Melita Cres,Christie Gardens - Cedarvale Neighbourhood,Retirement Home,Respiratory,712
N,,,Norovirus,,2024-04-30,2024-04-13,4500 Eglinton Ave W,Chartwell Scarlett Heights Retirement Residence,Retirement Home,Enteric,713
N,,,Respiratory syncytial virus,,2024-04-26,2024-04-12,1001 Queen St W,Centre For Addiction and Mental Health - GAU A,Hospital-Psychiatric,Respiratory,714
N,,,Influenza A (H1N1),,2024-04-29,2024-04-12,8 The Donway   E,The Donway Place,Retirement Home,Respiratory,715
N,,,Unable to identify,,2024-04-28,2024-04-12,345 Sherbourne St,The Rekai Centres - Sherbourne Place - 4th Fl,LTCH,Respiratory,716
N,,,Coronavirus*,"Metapneumovirus, Parainfluenza",2024-05-06,2024-04-12,1860 Lawrence Ave E,The Wexford Residence,LTCH,Respiratory,717
N,,,Influenza B,,2024-04-22,2024-04-11,3560 Bathurst St,Baycrest Apotex Centre - Jewish Home For The Aged - 7RF,LTCH,Respiratory,718
N,,,Unable to identify,,2024-04-25,2024-04-11,2245 Lawrence Ave W,The Village Of Humber Heights Retirement Home,Retirement Home,Enteric,719
N,,,COVID-19,,2024-05-07,2024-04-10,140 Sherway Drive,Trillium Health Partners - McCall Continuing Care - 3rd Fl,Hospital-Chronic Care,Respiratory,720
N,,,COVID-19,,2024-05-01,2024-04-09,351 Christie St,Castleview Wychwood Towers - 4th Fl,LTCH,Respiratory,721
N,,,Unable to identify,,2024-04-17,2024-04-09,4005 Eglinton Ave W,Chartwell Scarlett Heights Retirement Residence - 2nd Fl Memory Living Unit,Retirement Home,Respiratory,722
N,,,Rhinovirus,,2024-04-17,2024-04-09,150 Dunn Ave,Lakeside Long Term Care - 2nd Fl,LTCH,Respiratory,723
N,,,Parainfluenza,,2024-04-24,2024-04-09,140 Sherway Dr,McCall Centre for Continuing Care - 2nd Fl,Hospital-Chronic Care,Respiratory,724
N,,,COVID-19,,2024-04-19,2024-04-09,2005 Lawrence Ave W,Weston Terrace Care Community - 2B,LTCH,Respiratory,725
N,,,COVID-19,,2024-04-18,2024-04-08,180 Sheridan Ave,Bill McMurray Residence,Retirement Home,Respiratory,726
N,,,COVID-19,,2024-04-22,2024-04-08,40 Old Kingston Rd,Ehatare Nursing Home - 4th Fl,LTCH,Respiratory,727
N,,,COVID-19,,2024-04-29,2024-04-08,2045 Finch Ave W,Hawthorne Place Care Centre - 2nd Fl,LTCH,Respiratory,728
N,,,Parainfluenza,,2024-04-25,2024-04-08,60 Richview Rd,Ukrainian Canadian Care Centre - 2nd & 3rd Fl,LTCH,Respiratory,729
N,,,Metapneumovirus,,2024-04-15,2024-04-06,82 Buttonwood Ave,West Park Healthcare Centre - 3 West F,Hospital-Chronic Care,Respiratory,730
N,,,COVID-19,,2024-04-23,2024-04-05,102 Craiglee Dr,Craiglee Nursing Home - 3 West,LTCH,Respiratory,731
N,,,Unable to identify,,2024-04-19,2024-04-05,1 Northwestern Ave,"Harold And Grace Baker Centre - 3rd, 4th, 5th & 6th Fl",Retirement Home,Enteric,732
N,,,Influenza B,,2024-04-11,2024-04-05,200 Elizabeth St,UHN - Toronto General Hospital - 7MB,Hospital-Acute Care,Respiratory,733
N,,,Metapneumovirus,,2024-05-02,2024-04-04,5935 Bathurst St,Cheltenham Care Community - 3rd Fl North,LTCH,Respiratory,734
N,,,Influenza A (Not subtyped),,2024-04-11,2024-04-03,2920 Lawrence Ave E,Bendale Acres - 1 West,LTCH,Respiratory,735
N,,,Unable to identify,,2024-04-22,2024-04-03,2920 Lawrence Ave E,Bendale Acres - 1W & 4th Fl,LTCH,Respiratory,736
N,,,Parainfluenza,,2024-04-21,2024-04-03,3276 St. Clair Ave E,Unity Health Toronto - Houses of Providence - 3W (Walnut & Poplar),LTCH,Respiratory,737
N,,,COVID-19,,2024-04-09,2024-04-03,30 Bond St,Unity Health Toronto - St. Michael's - 8G,Hospital-Acute Care,Respiratory,738
N,,,COVID-19,,2024-04-10,2024-04-03,82 Buttonwood Ave,West Park  Healthcare Centre - 3 East A,Hospital-Chronic Care,Respiratory,739
N,,,COVID-19,,2024-04-19,2024-04-02,1001 Queen St West,Centre For Addiction and Mental Health - Unit 1-5,Hospital-Psychiatric,Respiratory,740
N,,,Coronavirus*,,2024-04-18,2024-04-02,2030 McNicoll Ave,Mon Sheong Scarborugh LTC Centre - 3 North,LTCH,Respiratory,741
N,,,Unable to identify,,2024-04-22,2024-04-02,2245 Lawrence Ave W,The Village Of Humber Heights,LTCH,Enteric,742
N,,,Metapneumovirus,,2024-04-10,2024-04-02,82 Buttonwood Ave,West Park Healthcare Centre - 3 East A,Hospital-Chronic Care,Respiratory,743
N,,,COVID-19,,2024-04-17,2024-04-02,82 Buttonwood Ave,West Park Long Term Care Centre - Hughes & Prittie,LTCH,Respiratory,744
N,,,Norovirus,,2024-04-09,2024-04-02,2005 Lawrence Ave W,Weston Terrace Care Community - 2A,LTCH,Enteric,745
N,,,Parainfluenza,,2024-04-23,2024-04-01,55 Belmont St,"Belmont House - 3W, 4W & 5W",LTCH,Respiratory,746
N,,,Metapneumovirus,,2024-04-18,2024-04-01,66 Roncesvalles Ave,Copernicus Lodge,LTCH,Respiratory,747
N,,,Norovirus,,2024-04-12,2024-04-01,551 Collins Rd,Extendicare Rouge Valley - 1st Fl,LTCH,Enteric,748
N,,,Influenza A (H1),Coronavirus*,2024-04-23,2024-04-01,92 Island Rd,"Glen Rouge Community - Wing 1,2 3 & 4",LTCH,Respiratory,749
N,,,Metapneumovirus,,2024-04-15,2024-04-01,795 Eglinton Ave E,Suomi-Koti Toronto Nursing Home - 7th Fl,LTCH,Respiratory,750
N,,,Unable to identify,,2024-04-18,2024-04-01,25 Brunswick,The Kensington Gardens (South Building) - 1E (South) & 3W (South),LTCH,Respiratory,751
N,,,Unable to identify,,2024-04-15,2024-04-01,25 Brunswick Ave,The Kensington Gardens (South Building) - 4W (South),LTCH,Enteric,752
N,,,COVID-19,,2024-04-11,2024-03-31,1 Northwestern Ave,Harold and Grace Baker Centre LTCH - Wing A,LTCH,Respiratory,753
N,,,Parainfluenza,,2024-04-15,2024-03-30,60 Guildwood Pky,Extendicare Guildwood,LTCH,Respiratory,754
N,,,Norovirus,Clostridium difficile,2024-04-16,2024-03-30,1 Northwestern Ave,Harold And Grace Baker Centre - A Wing & C Wing,LTCH,Enteric,755
N,,,Metapneumovirus,,2024-04-10,2024-03-30,400 The West Mall,Wesburn Manor - 4th Fl,Retirement Home,Respiratory,756
N,,,Coronavirus*,,2024-04-13,2024-03-29,306 Finch Ave,Carefree Lodge,LTCH,Respiratory,757
N,,,Influenza A (Not subtyped),,2024-04-03,2024-03-28,65 Livingston Rd,Chartwell Guildwood Retirement Residence - 4th Fl,Retirement Home,Respiratory,758
N,,,COVID-19,,2024-04-11,2024-03-28,14 William Morgan Dr,Leaside Retirement Residence - 2nd Fl,Retirement Home,Respiratory,759
N,,,Respiratory syncytial virus,,2024-04-23,2024-03-28,200 Church St,RCC Church Site - St. Joseph's Health Centre - 4B,Hospital-Chronic Care,Respiratory,760
N,,,Norovirus,,2024-04-16,2024-03-28,45 Brunswick Ave,"The Kensington Gardens (North Building) - 1E (North), 1E, 2E & 2W",LTCH,Enteric,761
N,,,Metapneumovirus,,2024-04-02,2024-03-27,1860 Lawrence Ave E,The Wexford - 5th Fl,LTCH,Respiratory,762
N,,,Influenza A (Not subtyped),,2024-04-03,2024-03-26,1001 Queen St W,Centre For Addiction and Mental Health - Unit 1-3,Hospital-Psychiatric,Respiratory,763
N,,,COVID-19,,2024-04-03,2024-03-26,225 St. George St,St. George Care Community - 5th Fl,LTCH,Respiratory,764
N,,,COVID-19,,2024-04-07,2024-03-26,160 Wellesley St E,Wellesley Central Place - 4W & 4E,LTCH,Respiratory,765
N,,,Unable to identify,,2024-04-02,2024-03-25,14 Cross St,Fairview Nursing Home - 2nd Fl,LTCH,Respiratory,766
N,,,Coronavirus*,,2024-04-02,2024-03-25,2 Buchan Crt,North York General Hospital - Seniors' Health Centre - 4th Fl,LTCH,Respiratory,767
N,,,Unable to identify,,2024-05-06,2024-03-25,4650 Eglinton Ave W,Parkland On Eglinton West - MC4 West,Retirement Home,Enteric,768
N,,,COVID-19,,2024-04-01,2024-03-24,1001 Queen St West,Centre For Addiction and Mental Health - Queen Street Site - GAU A,Hospital-Psychiatric,Respiratory,769
N,,,Influenza B,,2024-03-30,2024-03-24,5935 Bathurst Street St,Cheltenham Care Community - 3rd Fl,LTCH,Respiratory,770
N,,,Parainfluenza,,2024-04-14,2024-03-22,55 Belmont St,Belmont House - 2WW,LTCH,Respiratory,771
N,,,Norovirus,,2024-04-15,2024-03-22,1140 Bloor St W,New Horizons Tower,Retirement Home,Enteric,772
N,,,Parainfluenza,,2024-04-04,2024-03-22,3276 St. Clair Ave E,Unity Health Toronto - Houses Of Providence - 2E (Spruce & Chestnut),LTCH,Respiratory,773
N,,,COVID-19,,2024-04-01,2024-03-21,3560 Bathurst St,Baycrest Hospital - North York - H7W,Hospital-Chronic Care,Respiratory,774
N,,,COVID-19,,2024-03-28,2024-03-21,2601 Bayview Ave,Cedarhurst Dementia Care Home - 1E & 2E,Retirement Home,Respiratory,775
N,,,Metapneumovirus,,2024-04-10,2024-03-21,102 Craiglee Dr,Craiglee Nursing Home - 2 East & 3 East,LTCH,Respiratory,776
N,,,Coronavirus*,Enterovirus/ Rhinovirus,2024-04-03,2024-03-20,1925 Rean Dr,Amica Bayview Gardens,Retirement Home,Respiratory,777
N,,,Parainfluenza,,2024-03-26,2024-03-20,3555 Danforth Ave,Chester Village - 2 West Topaz,LTCH,Respiratory,778
N,,,Influenza A (H1),,2024-03-28,2024-03-20,4001 Leslie St,North York General Hospital - General Site - 7W,Hospital-Acute Care,Respiratory,779
N,,,Metapneumovirus,,2024-04-03,2024-03-20,122 Tyndall Ave,Norwood Nursing Home - 2nd Fl,LTCH,Respiratory,780
N,,,COVID-19,,2024-04-02,2024-03-19,5 Resurrection Rd,Labdara Lithuanian Nursing Home - 1st Fl,LTCH,Respiratory,781
N,,,Unable to identify,,2024-03-28,2024-03-19,5 Resurrection Rd,Labdara Lithuanian Nursing Home - 2nd Fl,LTCH,Respiratory,782
N,,,COVID-19,,2024-03-25,2024-03-18,1001 Queen St West,Centre For Addiction and Mental Health - Queen Street Site - PRT5,Hospital-Psychiatric,Respiratory,783
N,,,Coronavirus*,,2024-03-27,2024-03-18,265 Queens Dr,Queens Estate Retirement Residence - 3rd Fl,Retirement Home,Respiratory,784
N,,,COVID-19,,2024-03-28,2024-03-18,3015 Lawrence Ave E,Rockcliffe Care Community - Scarborough - 1st Fl,LTCH,Respiratory,785
N,,,Norovirus,,2024-03-26,2024-03-18,30 The Queensway,Unity Health Toronto - St. Joseph's Health Centre - 4M,Hospital-Acute Care,Enteric,786
N,,,COVID-19,,2024-04-03,2024-03-17,102 Craiglee Dr,Craiglee Nursing Home - Scarborough - 1 East,LTCH,Respiratory,787
N,,,Coronavirus*,,2024-03-27,2024-03-16,420 The East Mall,Eatonville Care Centre - 3rd Fl,LTCH,Respiratory,788
N,,,Influenza A (Not subtyped),,2024-04-02,2024-03-16,2411 Lawrence Ave,Hellenic Home Scarborough - 1st Fl,LTCH,Respiratory,789
N,,,Coronavirus*,,2024-03-26,2024-03-16,40 Playfair Ave,Villa Colombo Homes For The Aged - Fidani Unit,LTCH,Respiratory,790
N,,,Respiratory syncytial virus,,2024-04-02,2024-03-15,399 Bathurst St,UHN - Toronto Western Hosptial - 8B,Hospital-Acute Care,Respiratory,791
N,,,Metapneumovirus,,2024-03-27,2024-03-14,3560 Bathurst St,Baycrest Hospital CCC - BH4E,Hospital-Chronic Care,Respiratory,792
N,,,Unable to identify,,2024-03-22,2024-03-14,825 Coxwell Ave,TEHN - Michael Garron Hospital - A3,Hospital-Acute Care,Enteric,793
N,,,COVID-19,,2024-03-27,2024-03-14,30 The Queensway,Unity Health Toronto - St. Joseph's - 7M,Hospital-Acute Care,Respiratory,794
N,,,Metapneumovirus,,2024-04-29,2024-03-13,3760 Sheppard Ave E,"Shepherd Lodge - 2S, 3N, 3S, 6N & 6S",LTCH,Respiratory,795
N,,,Norovirus,,2024-03-19,2024-03-13,1020 McNicoll Ave,The Salvation Army-Toronto Grace Health Ctre-Specialized Care - 5th Fl,Hospital-Chronic Care,Enteric,796
N,,,Unable to identify,,2024-03-18,2024-03-11,1020 McNicoll Ave,"Tendercare Living Centre - 2E, 2W & 3W",LTCH,Enteric,797
N,,,Parainfluenza,,2024-03-22,2024-03-11,1860 Lawrence Ave E,The Wexford Residence - 6th Fl,LTCH,Respiratory,798
N,,,Respiratory syncytial virus,,2024-03-16,2024-03-11,130 Dunn Ave,Toronto Rehabilitation Institute - Bickle Centre - N5B,Hospital-Chronic Care,Respiratory,799
N,,,COVID-19,,2024-03-18,2024-03-10,101 Humber College Blvd,William Osler Health System - 8W (Surgical Unit),Hospital-Acute Care,Respiratory,800
N,,,Coronavirus*,,2024-03-21,2024-03-09,2245 Lawrence Ave W,The Village of Humber Heights - Lambton,LTCH,Respiratory,801
N,,,COVID-19,,2024-03-17,2024-03-09,200 Dawes Rd,True Davidson Acres - Toronto - 5th Fl,LTCH,Respiratory,802
N,,,Influenza A (Not subtyped),,2024-03-15,2024-03-07,205 Cummer Ave,Cummer Lodge - 3 North,LTCH,Respiratory,803
N,,,Respiratory syncytial virus,Coronavirus*,2024-03-15,2024-03-07,625 Runnymede Rd,Runnymede Healthcare Centre - 3W,Hospital-Chronic Care,Respiratory,804
N,,,Norovirus,,2024-03-17,2024-03-05,1020 McNicoll Ave,McNicoll Manor/ Moll Berczy Haus - 5E,LTCH,Enteric,805
N,,,Parainfluenza,,2024-03-15,2024-03-04,551 Conlins Rd,Extendicare Rogue Valley - Medowvale Unit,LTCH,Respiratory,806
N,,,COVID-19,,2024-03-19,2024-03-04,1800 O'Connor Drive,Harmony Hills Care Community - Building 1 (2B),LTCH,Respiratory,807
N,,,Influenza A (Not subtyped),,2024-03-16,2024-03-04,101 Humber College Blvd,William Osler Health System - Etibicoke Hospital - 7W,Hospital-Acute Care,Respiratory,808
N,,,Coronavirus*,,2024-03-22,2024-03-02,303 Queens Dr,"Weston Garden Retirement Residence - 2nd, 3rd, 4th & 5th Fl",Retirement Home,Respiratory,809
N,,,Unable to identify,,2024-03-20,2024-03-01,95 Humber Blvd E,Humber Valley Terrace - 2nd Fl,LTCH,Respiratory,810
N,,,COVID-19,,2024-03-12,2024-03-01,84 Davisville Ave,"Meighen Retirement Residence - 3rd, 4th & 5th Fls",Retirement Home,Respiratory,811
N,,,Coronavirus*,,2024-03-15,2024-02-29,351 Christie St,Castleview Wynchwood Towers - 2W,LTCH,Respiratory,812
N,,,Parainfluenza,,2024-03-14,2024-02-29,3555 Danforth Ave,Chester Village - 3E (Jade),LTCH,Respiratory,813
N,,,Coronavirus*,,2024-03-11,2024-02-29,160 Wellesley St E,Rekai Centre - Wellesley Central Place - 4th Fl,LTCH,Respiratory,814
N,,,Norovirus,,2024-03-17,2024-02-28,2100 Bloor St W,Chartwell Grenadier Retirement Residence,Retirement Home,Enteric,815
N,,,Influenza A (Not subtyped),,2024-03-06,2024-02-28,102 Craiglee Ave,Craiglee Nursing Home - 1W,LTCH,Respiratory,816
N,,,Metapneumovirus,,2024-03-08,2024-02-28,82 Buttonwood Ave,West Park Long Term Care Centre - Humber & York,LTCH,Respiratory,817
N,,,COVID-19,,2024-03-06,2024-02-27,3276 St Clair Ave E,Unity Health Toronto - Houses of Providence - HOP 1E Redwood,LTCH,Respiratory,818
N,,,COVID-19,,2024-03-02,2024-02-26,34 Middleport Cres,A Better Way Retirement Home,Retirement Home,Respiratory,819
N,,,Unable to identify,,2024-03-09,2024-02-26,10 Senlac Rd,Chartwell Lansing Retirement Residence - 3rd Fl,Retirement Home,Respiratory,820
N,,,COVID-19,,2024-03-05,2024-02-26,1400 Kennedy Rd,Kennedy Lodge - 3 North,LTCH,Respiratory,821
N,,,COVID-19,,2024-03-05,2024-02-25,3276 St. Clair Ave East,Unity Health Toronto - Providence - B3,Hospital-Chronic Care,Respiratory,822
N,,,Unable to identify,,2024-02-29,2024-02-24,2075 Bayview Ave,Sunnybrook Health Sciences Centre - PICU,Hospital-Acute Care,Enteric,823
N,,,COVID-19,,2024-03-03,2024-02-23,70 Humberline Dr,Deerwood Creek Care Community - 2A,LTCH,Respiratory,824
N,,,Parainfluenza,,2024-02-26,2024-02-22,551 Conlins Rd,Extendicare Rouge Valley - 3rd Fl,LTCH,Respiratory,825
N,,,Norovirus,,2024-03-04,2024-02-22,148 Markham Rd,Scarborough Retirement Residence,Retirement Home,Enteric,826
N,,,Influenza A (Not subtyped),Parainfluenza,2024-03-07,2024-02-21,439 Sherbourne St,Fudger House - 2nd Fl,LTCH,Respiratory,827
N,,,COVID-19,,2024-02-29,2024-02-21,160 Wellesley St E,Wellesley Central Place - 4 West,LTCH,Respiratory,828
N,,,Coronavirus*,,2024-02-25,2024-02-21,60 Scottfield Dr,Yee Hong Centre - Finch - 2nd Fl (North),LTCH,Respiratory,829
N,,,COVID-19,,2024-03-11,2024-02-20,65 Livingston Rd,Chartwell Guildwood Retirement Residence,Retirement Home,Respiratory,830
N,,,COVID-19,,2024-02-28,2024-02-20,102 Craiglee Dr,Craiglee Nursing Home - 2E,LTCH,Respiratory,831
N,,,Coronavirus*,,2024-03-15,2024-02-20,420 The East Mall,"Eatonville Care Centre - 2nd, 4th & 5th Fl",LTCH,Respiratory,832
N,,,Unable to identify,,2024-03-05,2024-02-19,340 McCowan Rd,Age Care Trilogy - 4th & 5th Fl,LTCH,Enteric,833
N,,,Respiratory syncytial virus,Influenza A (Not subtyped),2024-02-24,2024-02-19,35 Elm Grove Ave,Elm Grove Living Centre - 3rd Fl,LTCH,Respiratory,834
N,,,Rhinovirus,,2024-03-05,2024-02-19,150 Dunn Ave,Lakeside Long Term Care Centre - 4th Fl Cardinal House,LTCH,Respiratory,835
N,,,COVID-19,,2024-03-02,2024-02-17,1001 Queen St West,Centre For Addiction and Mental Health - 3-2,Hospital-Psychiatric,Respiratory,836
N,,,Unable to identify,,2024-02-26,2024-02-17,2005 Lawrence Ave W,Weston Terrace Care Community - 4th Fl,LTCH,Enteric,837
N,,,Coronavirus*,Respiratory syncytial virus,2024-03-09,2024-02-16,205 Cummer Ave,"Cummer Lodge - 2 South, 3 North & 4 North",LTCH,Respiratory,838
N,,,Influenza A (Not subtyped),,2024-03-01,2024-02-15,3560 Bathurst St,Baycrest Hospital - CCC - H7E,Hospital-Chronic Care,Respiratory,839
N,,,COVID-19,,2024-02-22,2024-02-15,2075 Bayview Ave,Sunnybrook Health Sciences Centre - Bayview Campus - C2,Hospital-Acute Care,Respiratory,840
N,,,Metapneumovirus,Coronavirus*,2024-03-01,2024-02-14,1 Overland Dr,Better Living At Thompson House - 2nd & 4th Fl,LTCH,Respiratory,841
N,,,COVID-19,,2024-02-21,2024-02-14,70 Humberline Dr,Deerwood Creek Care Community - 2A,LTCH,Respiratory,842
N,,,Respiratory syncytial virus,,2024-02-21,2024-02-14,1145 Albion Rd,Westside LTC - 3rd Fl,LTCH,Respiratory,843
N,,,COVID-19,,2024-02-25,2024-02-13,1400 Kennedy Rd,Kennedy Lodge - Scarborough - Main South,LTCH,Respiratory,844
N,,,Influenza A (Not subtyped),,2024-02-24,2024-02-12,4005 Eglinton Ave W,Chartwell Scarlett Heights Retirement Residence - 3rd-9th Fls,Retirement Home,Respiratory,845
N,,,Respiratory syncytial virus,Parainfluenza,2024-02-23,2024-02-12,1925 Steel Ave E,Gibson Long Term Care - 3rd Fl,LTCH,Respiratory,846
N,,,COVID-19,,2024-02-21,2024-02-12,1140 Bloor St W,New Horizons Tower - 3rd Fl,Retirement Home,Respiratory,847
N,,,Coronavirus*,,2024-02-20,2024-02-12,22 Norfinch Drive,Norfinch Care Community - 2B,LTCH,Respiratory,848
N,,,Influenza A (H1N1),,2024-03-08,2024-02-12,3015 Lawrence Ave E,Rockcliffe Care Community - 1st & 3rd Fl,LTCH,Respiratory,849
N,,,COVID-19,,2024-02-26,2024-02-12,3760 Sheppard Ave East,Shepherd Lodge - 7 North & South,LTCH,Respiratory,850
N,,,COVID-19,,2024-02-21,2024-02-11,1001 Queen St West,Centre For Addiction and Mental Health - Forensic Units 3-5,Hospital-Psychiatric,Respiratory,851
N,,,COVID-19,,2024-02-24,2024-02-11,3276 St Clair Ave E,Unity Health Toronto - Houses of Providence - HOP 2E (Spruce & Chestnut),LTCH,Respiratory,852
N,,,COVID-19,,2024-02-20,2024-02-10,2 Green Belt Dr,Don Mills Retirement Residence - Memory Care Unit,Retirement Home,Respiratory,853
N,,,Coronavirus*,,2024-02-20,2024-02-10,285 Cummer Ave,Sunnybrook Health Sciences Centre - St. John's Rehabilitation Hospital - A1,Hospital-Chronic Care,Respiratory,854
N,,,Unable to identify,,2024-02-15,2024-02-09,66 Roncesvalles Ave,Copernicus Lodge - 6th South,LTCH,Enteric,855
N,,,Coronavirus*,,2024-02-25,2024-02-09,740 Pape Ave,Nibset Lodge - 6th Fl,LTCH,Respiratory,856
N,,,COVID-19,,2024-02-19,2024-02-09,1020 McNicoll Ave,The Salvation Army - Toronto Grace Health Centre - Specialized Care Centre - 5th Fl,Hospital-Chronic Care,Respiratory,857
N,,,COVID-19,,2024-02-26,2024-02-08,2109 Finch Ave W,Humber Meadows Long Term Care Home - Aster Road South,LTCH,Respiratory,858
N,,,Coronavirus*,,2024-02-14,2024-02-08,2005 Lawrence Ave W,Weston Terrace Care Community - 1A,LTCH,Respiratory,859
N,,,COVID-19,,2024-02-23,2024-02-07,600 Melita Cres,Christie Gardens - Ground Fl,Retirement Home,Respiratory,860
N,,,Coronavirus*,Respiratory syncytial virus,2024-03-14,2024-02-07,130 Midland Ave,Midland Gardens - 4th Fl,LTCH,Respiratory,861
N,,,Influenza A (Not subtyped),,2024-02-13,2024-02-07,555 Finch Ave W,North York General Hospital RCC - Branson Site - RCC4,Hospital-Chronic Care,Respiratory,862
N,,,Norovirus,,2024-02-20,2024-02-07,200 Dawes Rd,True Davidson Acres - 2nd & 3rd Fl,LTCH,Enteric,863
N,,,COVID-19,,2024-02-22,2024-02-07,60 Richview Rd,Ukrainian Canadian Care Centre - 3rd Fl,LTCH,Respiratory,864
N,,,Unable to identify,,2024-02-13,2024-02-05,2920 Lawrence Ave E,Bendale Acres - 4th Fl,LTCH,Respiratory,865
N,,,Respiratory syncytial virus,,2024-02-10,2024-02-05,92 Island Rd,Glen Rouge Community - Wing 3,LTCH,Respiratory,866
N,,,Influenza A (Not subtyped),,2024-02-12,2024-02-05,1 Northwestern Ave,Harold & Grace Baker - Unit A,LTCH,Respiratory,867
N,,,Influenza A (Not subtyped),,2024-02-26,2024-02-05,2045 Finch Ave W,Hawthorne Place Care Centre - 3rd Fl,LTCH,Respiratory,868
N,,,Influenza A (Not subtyped),,2024-02-12,2024-02-05,4001 Leslie St,North York General Hospital - 4W,Hospital-Acute Care,Respiratory,869
N,,,Norovirus,,2024-02-26,2024-02-05,1 Kenton Pl,One Kenton Place,Retirement Home,Enteric,870
N,,,Unable to identify,,2024-02-09,2024-02-05,825 Coxwell Ave,Toronto East Health Network - Michael Garron Hospital - T7E,Hospital-Acute Care,Enteric,871
N,,,Influenza A (Not subtyped),,2024-02-11,2024-02-05,101 Humber College Blvd,William Osler Health System - 10W Respirology Unit,Hospital-Acute Care,Respiratory,872
N,,,Norovirus,,2024-02-21,2024-02-03,306 Finch Ave E,Carefree Lodge,LTCH,Enteric,873
N,,,Influenza A (Not subtyped),,2024-02-11,2024-02-02,3560 Bathurst St,Baycrest Apotex Centre - Jewish Home For The Aged - 5RF,LTCH,Respiratory,874
N,,,COVID-19,,2024-02-12,2024-02-02,2075 Bayview Ave,Sunnybrook Health Sciences Centre - Sunnybrook Veterans Centre - LGSW,LTCH,Respiratory,875
N,,,COVID-19,,2024-02-25,2024-02-02,3276 St Clair Ave E,Unity Health Toronto - Houses of Providence - HOP 4E Sumach,LTCH,Respiratory,876
N,,,Coronavirus*,,2024-02-14,2024-02-01,95 Humber College Blvd,Humber Valley Terrace - 3rd Fl,LTCH,Respiratory,877
N,,,Influenza A (Not subtyped),,2024-02-12,2024-02-01,77 Main St,Main Street Terrace - 2nd Fl,LTCH,Respiratory,878
N,,,COVID-19,,2024-02-22,2024-02-01,4650 Eglinton Ave West,"Parkland On Eglinton West - 2nd, 4th & 5th Fl (East Tower) & 2nd, 4th, 6th-9th Fl (West Tower)",Retirement Home,Respiratory,879
N,,,COVID-19,,2024-02-17,2024-02-01,160 Wellesley St E,Wellesley Central Place - 4 East,LTCH,Respiratory,880
N,,,Influenza A (Not subtyped),,2024-02-08,2024-01-31,1235 Wilson Ave,Humber River Hospital - Wilson Site - 5 East,Hospital-Acute Care,Respiratory,881
N,,,COVID-19,,2024-02-12,2024-01-31,718 Sheppard Ave,L'Chaim Retirement Home - 2nd & 3rd Fl,Retirement Home,Respiratory,882
N,,,COVID-19,,2024-02-09,2024-01-31,2111 Finch Ave W,Mackenzie Health - RCC - 4 East,Hospital-Chronic Care,Respiratory,883
N,,,COVID-19,,2024-02-06,2024-01-31,3015 Lawrence Ave E,Rockcliffe Care Community - Ground & 2nd Fl,LTCH,Respiratory,884
N,,,COVID-19,,2024-02-07,2024-01-31,825 Coxwell Ave,Toronto East Health Network - Michael Garron Hospital - G5 Palliative,Hospital-Acute Care,Respiratory,885
N,,,Influenza A (Not subtyped),,2024-02-12,2024-01-30,351 Christie St,Castleview Wychwood Towers - 4th Fl,LTCH,Respiratory,886
N,,,COVID-19,,2024-02-12,2024-01-30,1 Northwestern Ave,Harold and Grace Baker Centre,LTCH,Respiratory,887
N,,,COVID-19,,2024-02-16,2024-01-30,2411 Lawrence Ave E,Hellenic Home - Unit 3A,LTCH,Respiratory,888
N,,,Respiratory syncytial virus,Coronavirus*,2024-02-07,2024-01-30,130 Midland Ave,Midland Gardens - 3rd Fl,LTCH,Respiratory,889
N,,,Influenza A (Not subtyped),,2024-02-07,2024-01-30,2111 Finch W,RCC Finch Site - Southlake Hospital - 6 West,Hospital-Chronic Care,Respiratory,890
N,,,Influenza A (Not subtyped),,2024-02-06,2024-01-30,3030 Birchmount Rd,Scarborough Health Network - Birchmount Hospital - G4C,Hospital-Acute Care,Respiratory,891
N,,,COVID-19,,2024-02-05,2024-01-29,55 Belmont St,Belmont House - 2WW,LTCH,Respiratory,892
N,,,Coronavirus*,,2024-02-14,2024-01-29,550 Cummer Ave,Extendicare Bayview - South Unit,LTCH,Respiratory,893
N,,,COVID-19,,2024-02-05,2024-01-29,25 Brunswick Ave,The Kensington Gardens - 2 East,LTCH,Respiratory,894
N,,,Influenza A (Not subtyped),,2024-02-13,2024-01-29,2245 Lawrence Ave West,The Village of Humber Heights - 3rd Fl Islington,LTCH,Respiratory,895
N,,,Influenza A (Not subtyped),,2024-02-08,2024-01-29,1860 Lawrence Ave E,The Wexford Residence - 5th Fl,LTCH,Respiratory,896
N,,,COVID-19,,2024-02-14,2024-01-28,1 Northwestern Ave,Harold and Grace Baker Centre - Unit A & Unit C,LTCH,Respiratory,897
N,,,Unable to identify,,2024-02-08,2024-01-28,36 D'Arcy St,Mon Sheong Home for the Aged - 4th Fl,LTCH,Respiratory,898
N,,,COVID-19,,2024-02-08,2024-01-27,92 Island Rd,Glen Rouge Community - Wing 1 & 2,LTCH,Respiratory,899
N,,,COVID-19,,2024-02-20,2024-01-26,495 The West Mall,"Chartwell Westbury Long Term Care Residence - 2nd, 4th & 5th Fl",LTCH,Respiratory,900
N,,,COVID-19,,2024-02-06,2024-01-26,70 Humberline Dr,Deerwood Creek Care Community - 2B,LTCH,Respiratory,901
N,,,Influenza A (H1),,2024-02-05,2024-01-26,1000 Ellesmere Rd,Fieldstone Commons - 2B Lilac Lane,LTCH,Respiratory,902
N,,,Influenza A (Not subtyped),,2024-02-05,2024-01-26,2045 Finch Ave,Hawthorne Place Care Centre - CONV,LTCH,Respiratory,903
N,,,Influenza A (Not subtyped),,2024-02-05,2024-01-26,111 Avenue Rd,Hazelton Place Retirement Residence - 5th Fl,Retirement Home,Respiratory,904
N,,,COVID-19,,2024-02-05,2024-01-26,40 Bell Estate Rd,Ina Grafton Gage Home - Unit 3,LTCH,Respiratory,905
N,,,COVID-19,,2024-02-03,2024-01-26,225 St. George St,St. George Care Community - 1st Fl,LTCH,Respiratory,906
N,,,COVID-19,,2024-02-13,2024-01-26,3560 Bathurst St,The Jewish Home for the Aged - 4RF,LTCH,Respiratory,907
N,,,Unable to identify,,2024-02-07,2024-01-25,55 Belmont St,Belmont House - Fl W,LTCH,Respiratory,908
N,,,Coronavirus*,,2024-02-07,2024-01-25,60 Guildwood Pky,Extendicare Guildwood - 1st Fl West Wing,LTCH,Respiratory,909
N,,,Salmonella Kentucky,,2024-01-30,2024-01-25,140 Sherway Drive,McCall Centre for Continuing Care - McCall's Kitchen,Hospital-Chronic Care,Enteric,910
N,,,COVID-19,,2024-02-15,2024-01-25,3560 Bathurst St,The Jewish Home for the Aged - 3EI,LTCH,Respiratory,911
N,,,COVID-19,,2024-02-08,2024-01-25,3276 St Clair Ave E,Unity Health Toronto - Houses of Providence - Spruce House & Chestnut,LTCH,Respiratory,912
N,,,Influenza A (Not subtyped),,2024-02-10,2024-01-25,2245 Lawrence Ave W,Village Of Humber Heights,Retirement Home,Respiratory,913
N,,,COVID-19,,2024-02-06,2024-01-25,82 Buttonwood Ave,West Park Long Term Care Centre - Hughes & Prittie,LTCH,Respiratory,914
N,,,COVID-19,,2024-01-31,2024-01-24,1001 Queen St West,Centre for Addiction and Mental Health - Queen Street Site - PRT7-PICU,Hospital-Psychiatric,Respiratory,915
N,,,Influenza A (H1N1),,2024-02-06,2024-01-24,70 Humberline Dr,Deerwood Creek Community - 3A,LTCH,Respiratory,916
N,,,Influenza A (Not subtyped),,2024-01-31,2024-01-24,4001 Leslie St,North York General Hospital - 5N,Hospital-Acute Care,Respiratory,917
N,,,Influenza A (H1),,2024-02-02,2024-01-24,4001 Leslie St,North York General Hospital - 5W,Hospital-Acute Care,Respiratory,918
N,,,COVID-19,,2024-01-31,2024-01-24,200 Church St,Sunnybrook Health Sciences - RCC Church - A3S,Hospital-Chronic Care,Respiratory,919
N,,,COVID-19,,2024-02-06,2024-01-24,1195 Queen St E,The Heritage Nursing Home - 2nd Fl,LTCH,Respiratory,920
N,,,COVID-19,,2024-02-03,2024-01-24,2005 Lawrence Ave W,Weston Terrace Care Community - 3A,LTCH,Respiratory,921
N,,,COVID-19,,2024-02-05,2024-01-23,1000 Ellesmere Rd,Fieldstone Commons Care Community - 2A & 4A,LTCH,Respiratory,922
N,,,COVID-19,,2024-01-30,2024-01-23,1800 O'Connor Dr,Fountain View Care Community - Breezeway 2A,LTCH,Respiratory,923
N,,,COVID-19,,2024-01-29,2024-01-23,111 Avenue Rd,Hazelton Place Retirement Residence - 6th Fl,Retirement Home,Respiratory,924
N,,,COVID-19,,2024-01-30,2024-01-23,3030 Birchmount Rd,Scarborough Health Network - Birchmount - 4B,Hospital-Acute Care,Respiratory,925
N,,,COVID-19,,2024-02-02,2024-01-23,2111 Finch Ave W,Southlake Regional Health Centre - RCC Finch - 6 West,Hospital-Chronic Care,Respiratory,926
N,,,COVID-19,,2024-01-30,2024-01-23,3560 Bathurst St,The Jewish Home for the Aged - 3RF,LTCH,Respiratory,927
N,,,Enterovirus/ Rhinovirus,,2024-01-29,2024-01-22,1066 Avenue Rd,Amica On The Avenue - 2nd Fl,Retirement Home,Respiratory,928
N,,,COVID-19,,2024-02-09,2024-01-22,2100 Bloor St W,"Chartwell Grenadier Retirement Residence - A4, B1, B3, B7, C1, D1, D3",Retirement Home,Respiratory,929
N,,,COVID-19,,2024-02-08,2024-01-22,645 Castlefield Ave,Forest Hill Place,Retirement Home,Respiratory,930
N,,,COVID-19,,2024-02-02,2024-01-22,2111 Finch Ave W,Mackenzie Health - RCC - 4 West,Hospital-Chronic Care,Respiratory,931
N,,,COVID-19,,2024-02-03,2024-01-22,3560 Bathurst St,The Jewish Home for the Aged - 4EI,LTCH,Respiratory,932
N,,,Norovirus,,2024-02-02,2024-01-22,500 Kingston Rd,Toronto East Health Network - Atrium At Kew Beach - 1st & 2nd Fl,Hospital-Chronic Care,Enteric,933
N,,,Unable to identify,,2024-01-29,2024-01-21,66 Roncesvalles Ave,Copernicus Lodge - 3 South,LTCH,Enteric,934
N,,,Influenza A (Not subtyped),,2024-02-05,2024-01-21,3595 Keele St,Downsview Long Term Care - 1 East & 1 Centre,LTCH,Respiratory,935
N,,,Respiratory syncytial virus,,2024-02-03,2024-01-21,35 Elm Grove Ave,Elm Grove Living Centre - 3rd Fl,LTCH,Respiratory,936
N,,,COVID-19,,2024-01-26,2024-01-21,4001 Leslie St,North York General Hospital - General Site - 6W,Hospital-Acute Care,Respiratory,937
N,,,Influenza A (H1),,2024-01-28,2024-01-20,2075 Bayview Ave,Sunnybrook Health Sciences Centre - C2,Hospital-Acute Care,Respiratory,938
N,,,COVID-19,,2024-01-31,2024-01-19,650 Church St,Salvation Army Toronto Grace Health Centre - 5th Fl,Hospital-Chronic Care,Respiratory,939
N,,,COVID-19,,2024-02-07,2024-01-19,2245 Lawrence Ave West,The Village of Humber Heights - 1st & 3rd Fl,Retirement Home,Respiratory,940
N,,,Influenza A (Not subtyped),,2024-01-25,2024-01-19,101 Humber College Blvd,William Osler Health System - Etobicoke General Hospital - 10E,Hospital-Acute Care,Respiratory,941
N,,,COVID-19,,2024-01-25,2024-01-18,700 & 720 Mount Pleasant Rd,The Briton House - 9th Fl North Tower,Retirement Home,Respiratory,942
N,,,COVID-19,,2024-02-01,2024-01-18,200 Church St,Trillium Health Partners - RCC Church - 1C,Hospital-Chronic Care,Respiratory,943
N,,,COVID-19,,2024-02-01,2024-01-17,1066 Ave Rd,"Amica On the Avenue - 2nd, 3rd, 4th & 5th Fl",Retirement Home,Respiratory,944
N,,,COVID-19,,2024-02-01,2024-01-17,155 Millwood Rd,Isabel and Arthur Meighen Manor - Davis Unit & Coombs Unit,LTCH,Respiratory,945
N,,,Metapneumovirus,,2024-01-30,2024-01-17,2075 Bayview Ave,SHSC - Sunnybrook Veterans Centre - LTSW,LTCH,Respiratory,946
N,,,Influenza A (Not subtyped),,2024-02-09,2024-01-17,33 Christie St,The O'Neill Centre - 2nd & 3rd Fl,LTCH,Respiratory,947
N,,,Influenza A (H3),,2024-01-26,2024-01-17,130 Dunn Ave,UHN Toronto Rehabilitation Institue - Bickle Centre - N3,Hospital-Chronic Care,Respiratory,948
N,,,Unable to identify,,2024-01-26,2024-01-16,14 Cross St,Fairview Nursing Home,LTCH,Respiratory,949
N,,,COVID-19,,2024-01-25,2024-01-16,2411 Lawrence Ave E,Hellenic Home - Unit 2B,LTCH,Respiratory,950
N,,,Unable to identify,,2024-01-22,2024-01-16,47 Austin Terr,Hillcrest Reactivation Centre - 3rd Fl,Hospital-Chronic Care,Enteric,951
N,,,Norovirus,,2024-01-24,2024-01-16,2075 Bayview Ave,SHSC - Sunnybrook Veterans Centre - LDMH,LTCH,Enteric,952
N,,,COVID-19,,2024-01-24,2024-01-16,825 Coxwell Ave,Toronto East Health Network - Michael Garron Hospital - B3,Hospital-Acute Care,Respiratory,953
N,,,COVID-19,,2024-01-28,2024-01-15,1001 Queen St West,Centre For Addiction and Mental Health - Queen Street Site - GAUB,Hospital-Psychiatric,Respiratory,954
N,,,Respiratory syncytial virus,,2024-01-24,2024-01-15,5935 Bathrust St,Cheltenham Care Community - 1st Fl,LTCH,Respiratory,955
N,,,COVID-19,,2024-01-23,2024-01-15,111 Ave Rd,Hazelton Place Retirement Residence - 2nd Fl,LTCH,Respiratory,956
N,,,COVID-19,,2024-01-29,2024-01-15,82 Buttonwood Ave,West Park Long Term Care Centre - Weston & Mulholland,LTCH,Respiratory,957
N,,,Respiratory syncytial virus,,2024-02-03,2024-01-14,3560 Bathurst St,Baycrest Hospital - 4 West,Hospital-Chronic Care,Respiratory,958
N,,,COVID-19,,2024-01-22,2024-01-13,66 Roncesvalles Ave,Copernicus Lodge - 2N & 2S,LTCH,Respiratory,959
N,,,Influenza A (Not subtyped),,2024-01-30,2024-01-13,225 St. George St,St. George Care Community - 1st Fl,LTCH,Respiratory,960
N,,,Influenza A (Not subtyped),,2024-01-23,2024-01-12,429 Walmer Rd,Cedarvale Terrace - 5th Fl,LTCH,Respiratory,961
N,,,COVID-19,,2024-02-05,2024-01-12,8 The Donway E,Donway Place,Retirement Home,Respiratory,962
N,,,COVID-19,,2024-01-22,2024-01-12,215 Tyrrel Ave,Hellenic Care for Seniors - Ground Fl,LTCH,Respiratory,963
N,,,Unable to identify,,2024-01-22,2024-01-12,221 Milner Ave,St. Peter & Paul Residence - 4th Fl,LTCH,Enteric,964
N,,,Influenza A (Not subtyped),,2024-01-22,2024-01-11,351 Christie St,Castleview Wychwood Towers - 3rd Fl,LTCH,Respiratory,965
N,,,Influenza A (Not subtyped),,2024-01-19,2024-01-11,1000 Ellesmere Rd,Fieldstone Commons Care Community - 4A,LTCH,Respiratory,966
N,,,COVID-19,,2024-01-18,2024-01-11,2030 McNicoll Ave,Mon Sheong Scarborough Long Term Care Centre - 2S,LTCH,Respiratory,967
N,,,Coronavirus*,Rhinovirus,2024-01-21,2024-01-11,2111 Finch Ave W,Reactivation Care Centre - Finch Site - Humber River Hospital - 6 East,Hospital-Chronic Care,Respiratory,968
N,,,Respiratory syncytial virus,,2024-02-01,2024-01-11,9 Nielson Road,Seven Oaks - 2nd & 5th Fl,LTCH,Respiratory,969
N,,,COVID-19,,2024-01-18,2024-01-11,3560 Bathurst St,The Jewish Home for the Aged - 3EI,LTCH,Respiratory,970
N,,,COVID-19,,2024-01-23,2024-01-11,262 St. Clair Ave W,The Russell Hill Retirement Residence,Retirement Home,Respiratory,971
N,,,COVID-19,,2024-01-19,2024-01-11,3276 St. Clair Ave East,Unity Health Toronto - Providence - A4,Hospital-Chronic Care,Respiratory,972
N,,,Influenza A (Not subtyped),,2024-01-22,2024-01-11,2005 Lawrence Ave W,Weston Terrace - 2nd Fl B Wing,LTCH,Respiratory,973
N,,,Respiratory syncytial virus,,2024-01-22,2024-01-10,3050 Lawrence Ave E,Scarborough Health Network - General Hospital - T7,Hospital-Acute Care,Respiratory,974
N,,,COVID-19,,2024-01-17,2024-01-10,500 Kingston Rd,Toronto East Health Network - Atrium at Kew Beach - 2W,Hospital-Chronic Care,Respiratory,975
N,,,COVID-19,,2024-01-24,2024-01-10,825 Coxwell Ave,Toronto East Health Network - Michael Garron Hospital - MCU,Hospital-Acute Care,Respiratory,976
N,,,Influenza A (Not subtyped),,2024-01-16,2024-01-10,60 Richview Rd,Ukrainian Canadian Care Centre - 2nd Fl,LTCH,Respiratory,977
N,,,COVID-19,,2024-01-22,2024-01-10,399 Bathurst St,University Health Network - Toronto Western - 4B,Hospital-Acute Care,Respiratory,978
N,,,COVID-19,,2024-02-08,2024-01-09,351 Christie St,Castleview Wychwood Towers -  2W & 4th Fl,LTCH,Respiratory,979
N,,,Parainfluenza,,2024-01-13,2024-01-09,5351 Yonge St,"Delmanor Northtown Retirement Home - 4th, 5th, 6th & 8th Fl",Retirement Home,Respiratory,980
N,,,COVID-19,,2024-02-01,2024-01-09,2045 Finch Ave W,Hawthorne Place Care Centre - 1st Fl Convalescent Unit,LTCH,Respiratory,981
N,,,COVID-19,,2024-01-17,2024-01-09,4251 Dundas St W,Kingsway - 2nd Fl (Memory Unit),LTCH,Respiratory,982
N,,,Influenza A (Not subtyped),"Parainfluenza, Rhinovirus",2024-01-19,2024-01-09,150 Sherway Dr,McCall Centre for Continuing Care - 3rd Fl,Hospital-Chronic Care,Respiratory,983
N,,,Influenza A (Not subtyped),,2024-01-17,2024-01-09,2111 Finch Ave W,RCC Mackenzie Health - Finch Site - 4 East,Hospital-Chronic Care,Respiratory,984
N,,,Respiratory syncytial virus,Influenza A (Not subtyped),2024-01-23,2024-01-09,340 McCowan Rd,Trilogy Long Term Care - 5th Fl,LTCH,Respiratory,985
N,,,COVID-19,,2024-01-22,2024-01-08,306 Finch Ave E,Carefree Lodge - 1st Fl,LTCH,Respiratory,986
N,,,Coronavirus*,,2024-01-18,2024-01-08,60 Guildwood Pky,Extendicare Guildwood - East - Spurs 2,LTCH,Respiratory,987
N,,,Respiratory syncytial virus,,2024-01-29,2024-01-08,92 Island Rd,Glen Rouge Community - 3rd Fl,LTCH,Respiratory,988
N,,,Influenza A (Not subtyped),,2024-01-22,2024-01-08,1400 Kennedy Rd,Kennedy Lodge - 2 North & 2 South,LTCH,Respiratory,989
N,,,COVID-19,,2024-01-11,2024-01-08,1-3 Kenton Dr,One Kenton Place - 3rd Fl,LTCH,Respiratory,990
N,,,COVID-19,,2024-01-16,2024-01-08,625 Runnymede Rd,Runnymede Healthcare Centre - 3W,Hospital-Chronic Care,Respiratory,991
N,,,Influenza A (Not subtyped),,2024-01-27,2024-01-08,311 McNicoll Ave,Yee Hong Centre for Geriatric Care - 2nd & 4th Fl,LTCH,Respiratory,992
N,,,COVID-19,,2024-01-16,2024-01-07,1145 Albion Rd,Westside - 4th Fl,LTCH,Respiratory,993
N,,,COVID-19,,2024-01-29,2024-01-06,3595 Keele St,Downsview Long Term Care Centre - Unit 2E & 1 North,LTCH,Respiratory,994
N,,,Respiratory syncytial virus,,2024-01-11,2024-01-06,155 Millwood Rd,Isabel and Arthur Meighen Manor - 3rd Fl,LTCH,Respiratory,995
N,,,COVID-19,,2024-01-18,2024-01-06,2075 Bayview Ave,Sunnybrook Health Sciences Centre - Sunnybrook Veterans Centre - LSSE,LTCH,Respiratory,996
N,,,COVID-19,,2024-01-22,2024-01-05,4005 Eglinton Ave W,Chartwell Scarlett Heights Retirement Residence,LTCH,Respiratory,997
N,,,Unable to identify,,2024-02-07,2024-01-05,205 Cummer Ave,"Cummer Lodge - 2 South, 3 South & 4 South",LTCH,Respiratory,998
N,,,COVID-19,,2024-01-29,2024-01-05,2109 Finch Ave W,"Humber Meadows Long Term Care Home - 4N, 5N, 6N & 6S",LTCH,Respiratory,999
N,,,Norovirus,,2024-01-17,2024-01-05,2075 Bayview Ave,SHSC - Sunnybrook Veterans Centre - LFSW,LTCH,Enteric,1000
N,,,COVID-19,None,2024-02-03,2023-12-31,3555 Danforth Ave,Chester Village - 1W & 4W,LTCH,Respiratory,1
N,,,COVID-19,None,2024-01-10,2023-12-30,55 Belmont St,Belmont House - 2 East,LTCH,Respiratory,2
N,,,COVID-19,None,2024-01-06,2023-12-30,3560 Bathurst St,The Jewish Home for the Aged -  2nd Fl (2RF),LTCH,Respiratory,3
N,,,Parainfluenza,None,2024-01-16,2023-12-30,2245 Lawrence Ave W,The Village of Humber Heights - 3E (Islington),LTCH,Respiratory,4
N,,,COVID-19,None,2024-01-06,2023-12-30,30 The Queensway,Unity Health Toronto - St. Joseph's - 3M,Hospital-Acute Care,Respiratory,5
N,,,COVID-19,None,2024-01-14,2023-12-29,2100 Bloor St W,Chartwell Grenadier Retirement Residence - 2nd Fl (Building D),Retirement Home,Respiratory,6
N,,,Respiratory syncytial virus,None,2024-01-06,2023-12-29,187 Wynford Dr,Delmanor Wynford - 4th Fl,Retirement Home,Respiratory,7
N,,,Respiratory syncytial virus,None,2024-01-26,2023-12-29,130 Midland Ave,Midland Gardens - 4th & 5th Fl,LTCH,Respiratory,8
N,,,Respiratory syncytial virus,None,2024-01-17,2023-12-29,2030 McNicoll Ave,Mon Sheong Scarborough LTC Centre - 3rd South,LTCH,Respiratory,9
N,,,Respiratory syncytial virus,None,2024-01-17,2023-12-29,3760 Shepherd Ave E,Shepherd Lodge - 4th Fl South,LTCH,Respiratory,10
N,,,Coronavirus*,Influenza A (Not subtyped),2024-01-12,2023-12-29,76 St. Clair Ave E,Unity Health Toronto - Houses of Providence - HOP 1W (Maple & Balsam),LTCH,Respiratory,11
N,,,Metapneumovirus,None,2024-01-16,2023-12-29,541 Finch Ave W,Valleyview Residence - 4E,LTCH,Respiratory,12
N,,,COVID-19,None,2024-01-18,2023-12-28,2601 Bayview Ave,Cedarhurst Dementia Care Home - 1 West & 2 East,Retirement Home,Respiratory,13
N,,,Influenza A (Not subtyped),None,2024-01-12,2023-12-28,70 Humberline Dr,Deerwood Creek Care Community - 1A,LTCH,Respiratory,14
N,,,Respiratory syncytial virus,None,2024-01-22,2023-12-28,3830 Lawrence Ave E,Extendicare Scarborough - 2nd Fl,LTCH,Respiratory,15
N,,,Influenza A (Not subtyped),None,2024-01-08,2023-12-28,1 Northwestern Ave,Harold and Grace Baker - Main Fl,LTCH,Respiratory,16
N,,,COVID-19,None,2024-01-05,2023-12-28,40 Bell Estate Rd,Ina Grafton Gage Home - Unit 2,LTCH,Respiratory,17
N,,,COVID-19,None,2024-01-08,2023-12-28,555 Finch Ave West,North York General Hospital - Branson Site - RCC 3,Hospital-Chronic Care,Respiratory,18
N,,,COVID-19,None,2024-02-15,2023-12-28,61 Fairfax Cres,"Presentation Manor For Seniors - 1st, 2nd, 3rd & 4th Fl",Retirement Home,Respiratory,19
N,,,COVID-19,None,2024-01-18,2023-12-28,59 Lawson Rd,Tony Stacey Centre for Veterans' Care - 1 East & 1 North,LTCH,Respiratory,20
N,,,COVID-19,None,2024-01-22,2023-12-27,2920 Lawrence Ave E,Bendale Acres - 2 East Unit,LTCH,Respiratory,21
N,,,Norovirus,None,2024-01-22,2023-12-27,65 Livingston Rd,Chartwell Guildwood Retirement Residence,Retirement Home,Enteric,22
N,,,Coronavirus*,None,2023-12-29,2023-12-27,439 Sherbourne St,Fudger House - 1st Fl West,LTCH,Respiratory,23
N,,,COVID-19,None,2024-01-08,2023-12-27,111 Ave Rd,Hazelton Place Retirement Residence - 3rd & 8th Fl,Retirement Home,Respiratory,24
N,,,COVID-19,None,2024-01-08,2023-12-27,130 Midland Ave,Midland Gardens Care Community - 4th & 5th Fl,LTCH,Respiratory,25
N,,,COVID-19,None,2024-01-09,2023-12-27,15 Summerland Terr,Tapestry at Village Gate West - 6th & 8th Fl,Retirement Home,Respiratory,26
N,,,Influenza A (Not subtyped),Enterovirus/ Rhinovirus,2024-01-05,2023-12-27,500 Kingston Rd,TEHN - Atrium At Kew Beach - 3rd Fl (MGH Associated Unit),Hospital-Chronic Care,Respiratory,27
N,,,COVID-19,None,2024-01-08,2023-12-27,55 Ameer Ave,Terraces of Baycrest - 11th Fl,Retirement Home,Respiratory,28
N,,,COVID-19,None,2024-01-15,2023-12-27,25 Brunswick Ave,"The Kensington Gardens - 2E, 3W & 4E",LTCH,Respiratory,29
N,,,COVID-19,None,2024-01-13,2023-12-27,140 Sherway Drive,Trillium Health Partners - McCall Continuing Care - 3rd Fl,Hospital-Chronic Care,Respiratory,30
N,,,COVID-19,None,2024-01-06,2023-12-27,130 Dunn Ave,University Health Network - Bickle Centre - 3 North,Hospital-Chronic Care,Respiratory,31
N,,,Metapneumovirus,None,2024-01-15,2023-12-27,400 The West Mall,Wesburn Manor - 3 North & 4 South,LTCH,Respiratory,32
N,,,COVID-19,None,2024-01-08,2023-12-26,1001 Queen St West,Centre For Addiction and Mental Health - Unit 1-3 (LGUB),Hospital-Psychiatric,Respiratory,33
N,,,Unable to identify,None,2024-01-03,2023-12-26,35 Elm Grove Ave,Elm Grove Living Centre - 1st Fl,LTCH,Enteric,34
N,,,COVID-19,None,2024-01-19,2023-12-26,551 Conlins Rd,"Extendicare Rouge Valley - 1st Fl Clark, 1st Fl BSU, 3 Fl Morrish & 3rd Fl - Meadowvale",LTCH,Respiratory,35
N,,,COVID-19,None,2024-01-17,2023-12-26,1195 Queen St E,The Heritage Nursing Home - 1st & 3rd Fl,LTCH,Respiratory,36
N,,,COVID-19,None,2024-01-08,2023-12-26,4 Teddington Park Ave,The Teddington,Retirement Home,Respiratory,37
N,,,Influenza A (Not subtyped),None,2024-01-03,2023-12-25,3560 Bathurst St,Baycrest Apotex Centre - Jewish Home For The Aged - 7RF,LTCH,Respiratory,38
N,,,COVID-19,None,2024-01-07,2023-12-25,3560 Bathurst St,Baycrest Hospital - H4W,Hospital-Chronic Care,Respiratory,39
N,,,Influenza A (Not subtyped),None,2024-01-11,2023-12-25,14 Cross St,Fairview Nursing Home - 3rd Fl,LTCH,Respiratory,40
N,,,COVID-19,None,2024-01-02,2023-12-25,1 Northwestern Ave,Harold and Grace Baker Centre - 3rd Fl,Retirement Home,Respiratory,41
N,,,Unable to identify,None,2023-12-31,2023-12-25,2045 Finch Ave W,Hawthorne Place - 1st Fl (Convalescent Unit),LTCH,Enteric,42
N,,,COVID-19,None,2024-01-05,2023-12-25,1020 McNicoll Ave,The Salvation Army - Toronto Grace Health Centre - Specialized Care Centre - 5th Fl,Hospital-Chronic Care,Respiratory,43
N,,,COVID-19,None,2024-01-22,2023-12-24,866 Sheppard Ave,"Kensington Place Retirement Residence - 3rd, 5th & 6th Fl",Retirement Home,Respiratory,44
N,,,COVID-19,None,2024-01-08,2023-12-24,2111 Finch Ave W,Southlake Regional Health Centre - RCU - Southlake Unit,Hospital-Chronic Care,Respiratory,45
N,,,COVID-19,None,2023-12-30,2023-12-24,55 Ameer Ave,Terraces of Baycrest - 10th Fl,Retirement Home,Respiratory,46
N,,,COVID-19,None,2023-12-31,2023-12-24,55 Ameer Ave,Terraces of Baycrest - 1st Fl,Retirement Home,Respiratory,47
N,,,COVID-19,None,2024-01-01,2023-12-24,55 Ameer Ave,Terraces of Baycrest - 9th Fl,Retirement Home,Respiratory,48
N,,,Metapneumovirus,None,2024-01-01,2023-12-24,82 Buttonwood Ave,West Park Healthcare Centre - 3WD,Hospital-Chronic Care,Respiratory,49
N,,,COVID-19,None,2023-12-31,2023-12-24,200 Church St,William Osler Health System - RCU - WOHS Unit,Hospital-Chronic Care,Respiratory,50
N,,,Norovirus,None,2024-01-01,2023-12-23,3276 St. Clair Ave,Unity Health Toronto - Providence Healthcare Centre - B4,Hospital-Chronic Care,Enteric,51
N,,,COVID-19,None,2024-01-04,2023-12-23,40 Playfair Ave,Villa Colombo Homes for the Aged - 4th Fl,LTCH,Respiratory,52
N,,,Influenza A (Not subtyped),None,2024-01-15,2023-12-22,180 Sheridan Ave,Bill McMurray Residence,Retirement Home,Respiratory,53
N,,,COVID-19,None,2024-01-12,2023-12-22,102 Craiglee Dr,Craiglee Nursing Home - 1W & 3W,LTCH,Respiratory,54
N,,,Respiratory syncytial virus,None,2024-01-06,2023-12-22,3197 Lakeshore Blvd W,Lakeshore Lodge - 3rd Fl,LTCH,Respiratory,55
N,,,COVID-19,None,2024-01-05,2023-12-22,4650 Eglinton Ave West,Parkland On Eglinton West - 5th & 9th Fl,Retirement Home,Respiratory,56
N,,,COVID-19,None,2024-01-04,2023-12-22,625 Runnymede Rd,Runnymede Healthcare Centre - 2 East,Hospital-Chronic Care,Respiratory,57
N,,,COVID-19,None,2024-01-02,2023-12-22,140 Sherway Drive,Trillium Health Partners - McCall Continuing Care - 4th Fl (CCC),Hospital-Chronic Care,Respiratory,58
N,,,Influenza A (Not subtyped),None,2024-01-02,2023-12-22,60 Scottfield Dr,Yee Hong Centre - Scarborough Finch - 5th Fl (South Side),LTCH,Respiratory,59
N,,,COVID-19,None,2024-01-17,2023-12-21,5935 Bathurst St,Cheltenham Care Community - 3rd Fl (Rose Garden),LTCH,Respiratory,60
N,,,Unable to identify,None,2024-01-03,2023-12-21,35 Elm Grove Ave,Elm Grove Living Center,LTCH,Respiratory,61
N,,,COVID-19,None,2024-01-03,2023-12-21,2075 Bayview Ave,Sunnybrook Health Sciences Centre - Sunnybrook Veterans Centre - LFSE,LTCH,Respiratory,62
N,,,Influenza A (Not subtyped),None,2023-12-29,2023-12-21,150 Sherway Dr,Trilliam Health Partners - Moir Family Centre CCC - Moir CC Unit,Hospital-Chronic Care,Respiratory,63
N,,,COVID-19,None,2024-01-15,2023-12-21,400 The West Mall,Wesburn Manor - 2 North,LTCH,Respiratory,64
N,,,COVID-19,None,2023-12-28,2023-12-20,1001 Queen St West,Centre For Addiction and Mental Health - Unit 1-2 (FGUA),Hospital-Psychiatric,Respiratory,65
N,,,COVID-19,None,2023-12-30,2023-12-20,95 Humber College Blvd,Humber Valley Terrace - 2nd Fl,LTCH,Respiratory,66
N,,,COVID-19,None,2023-12-27,2023-12-20,55 Ameer Ave,Terraces of Baycrest - 8th Fl,Retirement Home,Respiratory,67
N,,,COVID-19,None,2023-12-29,2023-12-20,399 Bathurst St,University Health Network - Toronto Western - 8A,Hospital-Acute Care,Respiratory,68
N,,,COVID-19,None,2024-01-24,2023-12-19,15 Barberry Pl,"Amica Bayview Village - 5th, 7th & 8th Fl",Retirement Home,Respiratory,69
N,,,COVID-19,None,2024-01-02,2023-12-19,47 Austin Terr,Hillcrest Reactivation Centre - 3rd Fl,Hospital-Chronic Care,Respiratory,70
N,,,COVID-19,None,2024-01-10,2023-12-19,3197 Lakeshore Blvd,Lakeshore Lodge - 3rd & 4th Fl,LTCH,Respiratory,71
N,,,COVID-19,None,2024-01-19,2023-12-19,77 Main St,Main Street Terrace,LTCH,Respiratory,72
N,,,COVID-19,None,2023-12-28,2023-12-19,450 Rustic Rd,North Park Nursing Home - 1st Fl,LTCH,Respiratory,73
N,,,Influenza A (Not subtyped),None,2024-01-08,2023-12-19,3760 Sheppard Ave East,Shepherd Lodge - 6 North & 6 South,LTCH,Respiratory,74
N,,,COVID-19,None,2023-12-25,2023-12-19,3560 Bathurst St,The Jewish Home for the Aged - 4EI,LTCH,Respiratory,75
N,,,COVID-19,None,2023-12-27,2023-12-19,3276 St. Clair Ave East,Unity Health Toronto - Providence - A4,Hospital-Chronic Care,Respiratory,76
N,,,Influenza A (Not subtyped),None,2023-12-28,2023-12-18,340 McCowan Rd,Chartwell Trilogy Long Term Care Residence - 6 & 7 Th Fl,LTCH,Respiratory,77
N,,,COVID-19,None,2024-01-12,2023-12-18,70 Humberline Dr,Deerwood Creek Care Community - 3rd Fl (3B),LTCH,Respiratory,78
N,,,COVID-19,None,2024-01-02,2023-12-18,550 Cummer Ave,Extendicare Bayview - West Unit,LTCH,Respiratory,79
N,,,COVID-19,None,2023-12-25,2023-12-18,551 Conlins Rd,Extendicare Rouge Valley - Toronto - 2nd Fl (Cedar Ridge House),LTCH,Respiratory,80
N,,,COVID-19,None,2024-01-30,2023-12-18,1800 O'Connor Dr,"Fountain View Care Community - 2A, 2B & 3B",LTCH,Respiratory,81
N,,,COVID-19,None,2024-01-11,2023-12-18,439 Sherbourne St,"Fudger House - 2 East, 3 East & 3 West",LTCH,Respiratory,82
N,,,COVID-19,None,2023-12-31,2023-12-18,4001 Leslie St,North York General Hospital - 7N,Hospital-Acute Care,Respiratory,83
N,,,COVID-19,None,2024-01-08,2023-12-18,2121 Kingston Rd,Retirement Suites by the Lake - Toronto - Facility Wide,Retirement Home,Respiratory,84
N,,,COVID-19,None,2024-01-15,2023-12-18,148 Markham Rd,Scarborough Retirement Residence,Retirement Home,Respiratory,85
N,,,COVID-19,None,2024-01-07,2023-12-18,3560 Bathurst St,The Jewish Home for the Aged - 5GS,LTCH,Respiratory,86
N,,,COVID-19,None,2023-12-25,2023-12-18,262 St. Clair Ave W,The Russell Hill Retirement Residence,Retirement Home,Respiratory,87
N,,,COVID-19,None,2023-12-26,2023-12-18,825 Coxwell Ave,Toronto East Health Network - Michael Garron Hospital - A2,Hospital-Acute Care,Respiratory,88
N,,,COVID-19,None,2023-12-27,2023-12-18,3276 St Clair Ave E,Unity Health Toronto - Houses of Providence - HOP 2W (Elm & Pine),LTCH,Respiratory,89
N,,,COVID-19,None,2023-12-26,2023-12-18,200 Church St,Unity Health Toronto - RCC Church - 4B,Hospital-Chronic Care,Respiratory,90
N,,,COVID-19,None,2024-01-02,2023-12-18,30 Bond St,Unity Health Toronto - St. Michael's - 9CCN,Hospital-Acute Care,Respiratory,91
N,,,COVID-19,None,2023-12-29,2023-12-17,1955 Steeles Ave E,"Chartwell Gibson Retirement Residence - Toronto - 3rd, 4th& 5th Fl",Retirement Home,Respiratory,92
N,,,COVID-19,None,2023-12-28,2023-12-17,740 Pape Ave,Nisbet Lodge - 3rd Fl,LTCH,Respiratory,93
N,,,COVID-19,None,2023-12-25,2023-12-17,2075 Bayview Ave,Sunnybrook Health Sciences Centre - Sunnybrook Veterans Centre - LTSE,LTCH,Respiratory,94
N,,,Unable to identify,None,2023-12-24,2023-12-17,55 Ameer Ave,Terraces of Baycrest - 2nd Fl,Retirement Home,Enteric,95
N,,,COVID-19,None,2023-12-27,2023-12-17,140 Sherway Drive,Trillium Health Partners - McCall Continuing Care - 2nd Fl,Hospital-Chronic Care,Respiratory,96
N,,,COVID-19,None,2024-01-30,2023-12-17,200 Dawes Rd,True Davidson Acres - 4th Fl,LTCH,Respiratory,97
N,,,COVID-19,None,2023-12-29,2023-12-16,40 Old Kingston Rd,Ehatare Retirement Home,Retirement Home,Respiratory,98
N,,,COVID-19,None,2024-01-08,2023-12-16,215 Tyrrel Ave,Hellenic Care for Seniors - Ground & 1st Fl,LTCH,Respiratory,99
N,,,COVID-19,None,2023-12-28,2023-12-16,155 Millwood Rd,Isabel and Arthur Meighen Manor - 3 East Lawrence Unit & 4E Dinnick Unit,LTCH,Respiratory,100
N,,,COVID-19,None,2023-12-22,2023-12-16,3560 Bathurst St,The Jewish Home for the Aged - 3GS,LTCH,Respiratory,101
N,,,COVID-19,None,2024-01-04,2023-12-15,4001 Leslie St,North York General Hospital - General Site - 4W,Hospital-Acute Care,Respiratory,102
N,,,COVID-19,None,2024-01-02,2023-12-15,4001 Leslie St,North York General Hospital - General Site - 7W,Hospital-Acute Care,Respiratory,103
N,,,COVID-19,None,2024-01-02,2023-12-15,2075 Bayview Ave,Sunnybrook Health Sciences Centre - F2PICU,Hospital-Acute Care,Respiratory,104
N,,,COVID-19,None,2023-12-26,2023-12-15,200 Church St,Trillium Health Partners - RCC Church - Unit 3B,Hospital-Chronic Care,Respiratory,105
N,,,COVID-19,None,2024-01-25,2023-12-14,1 Overland Dr,Better Living at Thompson House,LTCH,Respiratory,106
N,,,Influenza A (Not subtyped),None,2023-12-29,2023-12-14,1800 O'Connor Dr,Harmony Hills Care Community - 2nd Fl (2B Wing),LTCH,Respiratory,107
N,,,Influenza A (Not subtyped),None,2023-12-27,2023-12-14,1035 Eglinton Ave W,Pine Villa - Transitional Care - 2nd Fl (Sprint),Hospital-Chronic Care,Respiratory,108
N,,,COVID-19,None,2023-12-25,2023-12-14,2075 Bayview Ave,Sunnybrook Health Sciences Centre - Sunnybrook Veterans Centre - LTSW,LTCH,Respiratory,109
N,,,COVID-19,None,2023-12-20,2023-12-13,1001 Queen St West,Centre For Addiction and Mental Health - CCC6,Hospital-Psychiatric,Respiratory,110
N,,,Influenza A (Not subtyped),None,2023-12-29,2023-12-13,130 Midland Ave,Midland Gardens Care Community - 3rd Fl,LTCH,Respiratory,111
N,,,COVID-19,None,2023-12-26,2023-12-13,3560 Bathurst St,The Jewish Home for the Aged - 4GS,LTCH,Respiratory,112
N,,,COVID-19,None,2024-01-17,2023-12-13,25 Brunswick Ave,The Kensington Gardens (North) - 1 East,LTCH,Respiratory,113
N,,,COVID-19,None,2023-12-26,2023-12-13,3276 St Clair Ave E,Unity Health Toronto - Houses of Providence - 2E Chestnut & Balsam,LTCH,Respiratory,114
N,,,COVID-19,None,2023-12-30,2023-12-13,30 The Queensway,Unity Health Toronto - St. Joseph's - 6M,Hospital-Acute Care,Respiratory,115
N,,,COVID-19,None,2023-12-23,2023-12-12,92 Island Rd,Altamont Care Community - Wing 3,LTCH,Respiratory,116
N,,,COVID-19,None,2023-12-22,2023-12-12,520 Markham Rd,Cedarbrook Lodge TCU - 6th Fl,LTCH,Respiratory,117
N,,,COVID-19,None,2023-12-20,2023-12-12,3595 Keele St,Downsview Long Term Care Centre - 1 East,LTCH,Respiratory,118
N,,,COVID-19,None,2023-12-30,2023-12-12,2109 Finch Ave W,Humber Meadows Long Term Care Home - 3S,LTCH,Respiratory,119
N,,,COVID-19,None,2023-12-20,2023-12-12,600 University Ave,Sinai Health System - Mount Sinai - 11S,Hospital-Acute Care,Respiratory,120
N,,,COVID-19,None,2023-12-20,2023-12-12,3560 Bathurst St,The Jewish Home for the Aged - 2EI,LTCH,Respiratory,121
N,,,Unable to identify,None,2023-12-23,2023-12-12,30 The Queensway,Unity Health Toronto - St. Josep's Health Centre - 2LM,Hospital-Acute Care,Enteric,122
N,,,Influenza A (Not subtyped),None,2023-12-21,2023-12-12,400 The West Mall,Wesburn Manor - 2 South,LTCH,Respiratory,123
N,,,COVID-19,None,2023-12-22,2023-12-12,82 Buttonwood Ave,West Park  Healthcare Centre - 3EC,Hospital-Chronic Care,Respiratory,124
N,,,COVID-19,None,2023-12-20,2023-12-12,82 Buttonwood Ave,West Park Long Term Care Centre - Humber & York,LTCH,Respiratory,125
N,,,COVID-19,None,2023-12-27,2023-12-11,47 Austin Terr,Hillcrest Reactivation Centre - 2nd Fl,Hospital-Chronic Care,Respiratory,126
N,,,COVID-19,None,2023-12-25,2023-12-11,2111 Finch Ave W,Humber River Hospital - RCC Finch - 6 East,Hospital-Chronic Care,Respiratory,127
N,,,Respiratory syncytial virus,None,2023-12-25,2023-12-11,40 Bell Estate Rd,Ina Grafton Gage Home - 4th Fl,LTCH,Respiratory,128
N,,,COVID-19,None,2024-01-14,2023-12-11,5 Resurrection Rd,Labdara Lithuanian Nursing Home - 2nd & 3rd Fl,LTCH,Respiratory,129
N,,,COVID-19,None,2023-12-27,2023-12-11,4001 Leslie St,North York General Hospital - General Site - 5W,Hospital-Acute Care,Respiratory,130
N,,,Influenza A (Not subtyped),None,2023-12-19,2023-12-11,4005 Eglinton Ave W,Scarlet Heights Retirement Residence - 2nd Fl (Memory Living Unit),Retirement Home,Respiratory,131
N,,,COVID-19,None,2024-01-02,2023-12-11,1145 Albion Rd,Westside - Etobicoke - 2nd Fl (East Wing),LTCH,Respiratory,132
N,,,COVID-19,None,2023-12-16,2023-12-10,66 Roncesvalles Ave,Copernicus Lodge - 4th Fl,LTCH,Respiratory,133
N,,,COVID-19,None,2023-12-21,2023-12-10,400 The West Mall,Wesburn Manor - 4th Fl,LTCH,Respiratory,134
N,,,COVID-19,None,2023-12-18,2023-12-09,2030 McNicoll Ave,Mon Sheong Scarborough Long Term Care Centre - 3rd Fl South,LTCH,Respiratory,135
N,,,COVID-19,None,2023-12-22,2023-12-09,22 Norfinch Dr,Norfinch Care Community - 3B,LTCH,Respiratory,136
N,,,COVID-19,None,2023-12-19,2023-12-09,285 Cummer Ave,Sunnybrook Health Sciences Centre - St. John's Rehab - A4,Hospital-Chronic Care,Respiratory,137
N,,,Respiratory syncytial virus,None,2023-12-13,2023-12-08,5935 Bathurst St,Cheltenham Care Community - 2nd Fl,LTCH,Respiratory,138
N,,,COVID-19,None,2024-01-13,2023-12-08,2233 Kipling Ave,Kipling Acres - 2nd & 3rd South,LTCH,Respiratory,139
N,,,Respiratory syncytial virus,Influenza A (Not subtyped),2024-01-01,2023-12-08,1140 Bloor St W,New Horizons Tower,Retirement Home,Respiratory,140
N,,,COVID-19,None,2023-12-29,2023-12-08,82 Buttonwood Ave,West Park Long Term Care Centre - Glenwyld & Raymore,LTCH,Respiratory,141
N,,,COVID-19,None,2023-12-20,2023-12-07,2111 Finch Ave W,Oak Valley Health - 5 West,Hospital-Chronic Care,Respiratory,142
N,,,Influenza A (H3),None,2023-12-13,2023-12-07,1 Kenton Dr,One Kenton Place - 1st Fl,Retirement Home,Respiratory,143
N,,,COVID-19,None,2023-12-14,2023-12-07,625 Runnymede Rd,Runnymede Healthcare Centre - 2W,Hospital-Chronic Care,Respiratory,144
N,,,COVID-19,None,2023-12-16,2023-12-07,82 Buttonwood Ave,West Park Healthcare Centre - 2EA,Hospital-Chronic Care,Respiratory,145
N,,,COVID-19,None,2023-12-14,2023-12-07,2005 Lawrence Ave W,Weston Terrace Care Community - 2B,LTCH,Respiratory,146
N,,,Influenza A (Not subtyped),None,2023-12-15,2023-12-06,3560 Bathurst St,Baycrest Apotex Centre - Jewish Home For The Aged - 7GS,LTCH,Respiratory,147
N,,,COVID-19,None,2023-12-18,2023-12-06,76 Silversted Dr,Bethseda Home,Retirement Home,Respiratory,148
N,,,COVID-19,None,2023-12-19,2023-12-06,2 Green Belt Dr,Don Mills Retirement Residence,Retirement Home,Respiratory,149
N,,,COVID-19,None,2023-12-12,2023-12-06,95 Humber College Blvd,Humber Valley Terrace - Etobicoke - 3rd Fl,LTCH,Respiratory,150
N,,,COVID-19,None,2023-12-18,2023-12-06,15 Summerland Terr,Tapestry at Village Gate West - 4th Fl,Retirement Home,Respiratory,151
N,,,COVID-19,None,2023-12-14,2023-12-06,130 Dunn Ave,University Health Network - Bickle Centre - North 5B,Hospital-Chronic Care,Respiratory,152
N,,,COVID-19,None,2023-12-16,2023-12-06,399 Bathurst St,University Health Network - Toronto Western - 8A,Hospital-Acute Care,Respiratory,153
N,,,Unable to identify,None,2023-12-23,2023-12-06,541 Finch Ave E,Valleyview Residence - 2W,LTCH,Respiratory,154
N,,,COVID-19,None,2023-12-18,2023-12-06,160 Wellesley St E,Wellesley Central Place - 3W,LTCH,Respiratory,155
N,,,Unable to identify,None,2023-12-19,2023-12-06,2005 Lawrence Ave W,Weston Terrace Care Community - 4th Fl,LTCH,Respiratory,156
N,,,COVID-19,None,2023-12-18,2023-12-05,537 Finch Ave,Advent Forestview Retirement Residence - 4th Fl,Retirement Home,Respiratory,157
N,,,COVID-19,None,2023-12-21,2023-12-05,2920 Lawrence Ave E,Bendale Acres - Scarborough - 4th Fl,LTCH,Respiratory,158
N,,,COVID-19,None,2023-12-28,2023-12-05,4180 Dundas St W,Delmanor Prince Edward - Etobicoke - 3rd & 7th Fl,Retirement Home,Respiratory,159
N,,,COVID-19,None,2023-12-14,2023-12-05,1800 O'Connor Dr,Fountain View Care Community - 1st Fl,LTCH,Respiratory,160
N,,,COVID-19,None,2023-12-12,2023-12-05,1 Bridgepoint Dr,Sinai Health System - Hennick Bridgepoint - 3S,Hospital-Chronic Care,Respiratory,161
N,,,COVID-19,None,2023-12-12,2023-12-05,30 Bond St,Unity Health Toronto - St. Michael's - 8CS,Hospital-Acute Care,Respiratory,162
N,,,COVID-19,None,2023-12-28,2023-12-05,82 Buttonwood Ave,West Park Long Term Care Centre - Kingway/Ilaali,LTCH,Respiratory,163
N,,,COVID-19,None,2023-12-18,2023-12-04,1066 Ave Rd,Amica On the Avenue,Retirement Home,Respiratory,164
N,,,COVID-19,None,2023-12-25,2023-12-04,306 Finch Ave E,Carefree Lodge - North York - Basement (Garden),LTCH,Respiratory,165
N,,,COVID-19,None,2023-12-12,2023-12-04,1001 Queen St West,Centre For Addiction and Mental Health - CCC3,Hospital-Psychiatric,Respiratory,166
N,,,COVID-19,None,2023-12-16,2023-12-04,600 University Ave,Sinai Health System - Mount Sinai - 12S,Hospital-Acute Care,Respiratory,167
N,,,Influenza A (H3),None,2023-12-15,2023-12-04,1020 McNicoll Ave,Tendercare Living Centre,LTCH,Respiratory,168
N,,,COVID-19,None,2023-12-13,2023-12-04,305 Balliol St,The Claremont,Retirement Home,Respiratory,169
N,,,COVID-19,None,2023-12-10,2023-12-04,399 Bathurst St,University Health Network - Toronto Western - 8B,Hospital-Acute Care,Respiratory,170
N,,,COVID-19,None,2023-12-12,2023-12-03,4001 Leslie St,North York General Hospital - 8 West,Hospital-Acute Care,Respiratory,171
N,,,Respiratory syncytial virus,None,2023-12-13,2023-12-01,1955 Steeles Ave E,"Chartwell Gibson -2nd, 3rd & 4th Fl",Retirement Home,Respiratory,172
N,,,COVID-19,None,2023-12-12,2023-12-01,155 Millwood Rd,Isabel and Arthur Meighen Manor - 3rd Fl,LTCH,Respiratory,173
N,,,COVID-19,None,2023-12-16,2023-12-01,82 Buttonwood Ave,West Park  Healthcare Centre - 3EA,Hospital-Chronic Care,Respiratory,174
N,,,Rhinovirus,Respiratory syncytial virus,2023-12-08,2023-11-30,1 Overland Dr,Better Living at Thompson House - 4th Fl,LTCH,Respiratory,175
N,,,COVID-19,None,2023-12-14,2023-11-30,1860 Lawrence Ave E,The Wexford - 4th & 6th Fl,LTCH,Respiratory,176
N,,,COVID-19,None,2023-12-15,2023-11-29,1 Bridgepoint Dr,Sinai Health System - Hennick Bridgepoint - 4 South,Hospital-Chronic Care,Respiratory,177
N,,,COVID-19,None,2023-12-14,2023-11-29,285 Cummer Ave,Sunnybrook Health Sciences Centre - St. John's Rehab - A3,Hospital-Chronic Care,Respiratory,178
N,,,COVID-19,None,2023-12-10,2023-11-29,200 Elizabeth St,University Health Network - Toronto General - 8th Fl (ES),Hospital-Acute Care,Respiratory,179
N,,,COVID-19,None,2023-12-12,2023-11-28,111 Ave Rd,Hazelton Place Retirement Residence - 5th Fl,Retirement Home,Respiratory,180
N,,,COVID-19,None,2024-01-09,2023-11-28,10 -14 William Morgan Drive,Leaside Retirement Residence,Retirement Home,Respiratory,181
N,,,COVID-19,None,2023-12-02,2023-11-27,2111 Finch Ave W,Mackenzie Health - RCC - 4 East & 4 West,Hospital-Chronic Care,Respiratory,182
N,,,Unable to identify,None,2023-12-18,2023-11-27,36 D'Arcy St,Mon Sheong Home for the Aged - 4th Fl,LTCH,Respiratory,183
N,,,COVID-19,None,2023-12-05,2023-11-27,625 Runnymede Rd,Runnymede Healthcare Centre - 2 East,Hospital-Chronic Care,Respiratory,184
N,,,COVID-19,None,2023-12-04,2023-11-27,1 Bridgepoint Dr,Sinai Health System - Hennick Bridgepoint - 3 North,Hospital-Chronic Care,Respiratory,185
N,,,COVID-19,None,2023-12-04,2023-11-27,77 Dunfield Ave,The Dunfield Retirement Residence - 4th Fl (Memory Care Unit),Retirement Home,Respiratory,186
N,,,COVID-19,None,2023-12-08,2023-11-27,25 Brunswick Ave,The Kensington Gardens - 3 East,LTCH,Respiratory,187
N,,,COVID-19,None,2023-12-08,2023-11-27,500 Kingston Rd,Toronto East Health Network - AHF - 2E,Hospital-Chronic Care,Respiratory,188
N,,,COVID-19,None,2023-12-07,2023-11-27,200 Elizabeth St,University Health Network - Toronto General - 5MB,Hospital-Acute Care,Respiratory,189
N,,,Influenza A (Not subtyped),None,2023-12-05,2023-11-26,3560 Bathurst St,Baycrest Apotex Centre - Jewish Home for the Aged - 3GS,LTCH,Respiratory,190
N,,,COVID-19,None,2023-12-27,2023-11-26,225 St. George St,St. George Care Community,LTCH,Respiratory,191
N,,,COVID-19,None,2023-12-04,2023-11-26,285 Cummer Ave,Sunnybrook Health Sciences Centre - St. John's Rehab - A1,Hospital-Chronic Care,Respiratory,192
N,,,Influenza A (Not subtyped),None,2023-12-07,2023-11-26,550 University Ave,UHN - Toronto Rehabilitation Institute - Bickel Centre - 8 South,Hospital-Chronic Care,Respiratory,193
N,,,COVID-19,None,2023-12-02,2023-11-25,3560 Bathurst St,Baycrest Hospital - North York - H3E,Hospital-Chronic Care,Respiratory,194
N,,,COVID-19,None,2023-12-11,2023-11-25,5935 Bathurst St,Cheltenham Care Community - 3rd Fl (North),LTCH,Respiratory,195
N,,,COVID-19,None,2023-12-08,2023-11-24,3560 Bathurst St,Baycrest Hospital - North York - H5E,Hospital-Chronic Care,Respiratory,196
N,,,COVID-19,None,2023-12-09,2023-11-24,3560 Bathurst St,Baycrest Hospital - North York - H7E,Hospital-Chronic Care,Respiratory,197
N,,,COVID-19,None,2023-12-12,2023-11-24,3560 Bathurst St,Baycrest Hospital - North York - H7W,Hospital-Chronic Care,Respiratory,198
N,,,COVID-19,None,2023-12-27,2023-11-24,351 Christie St,Castleview Wychwood Towers - 2nd Fl,LTCH,Respiratory,199
N,,,COVID-19,None,2023-12-13,2023-11-24,880 Lawrence Avenue,Greenview Lodge,Retirement Home,Respiratory,200
N,,,COVID-19,None,2023-12-06,2023-11-24,2233 Kipling Ave,Kipling Acres - 1st Fl (Humber) & 2nd Fl (Elms),LTCH,Respiratory,201
N,,,COVID-19,None,2023-12-19,2023-11-24,150 Dunn Ave,Lakeside Long Term Care Centre - 1st Fl,LTCH,Respiratory,202
N,,,Unable to identify,None,2023-12-06,2023-11-24,150 Dunn Ave,Lakeside Long Term Care Centre - 2nd Fl,LTCH,Respiratory,203
N,,,COVID-19,None,2023-12-18,2023-11-24,36 D'Arcy St,Mon Sheong Home for the Aged - 4th Fl,LTCH,Respiratory,204
N,,,Coronavirus*,None,2023-12-01,2023-11-24,1140 Bloor St W,New Horizons Tower - 4th Fl,LTCH,Respiratory,205
N,,,COVID-19,None,2023-12-02,2023-11-24,2075 Bayview Ave,Sunnybrook Health Sciences Centre - Sunnybrook Veterans Centre - LTSW,LTCH,Respiratory,206
N,,,COVID-19,None,2023-12-08,2023-11-24,500 Kingston Rd,Toronto East Health Network - AHF - Atrium at Kew Beach - 3rd Fl East Wing,Hospital-Chronic Care,Respiratory,207
N,,,COVID-19,None,2023-12-05,2023-11-24,30 Bond St,Unity Health Toronto - St. Michael's - 14CG (Observation Unit Only),Hospital-Acute Care,Respiratory,208
N,,,Unable to identify,None,2023-12-07,2023-11-23,1 Northwestern Ave,Harold and Grace Baker Centre - 1A,LTCH,Respiratory,209
N,,,COVID-19,None,2023-12-04,2023-11-23,2030 Mcnicoll Ave,Mon Sheong Scarborough Long Term Care Centre - 2nd Fl South,Retirement Home,Respiratory,210
N,,,COVID-19,None,2023-12-04,2023-11-23,59 Lawson Rd,Tony Stacey Centre for Veterans' Care - 2nd Fl,LTCH,Respiratory,211
N,,,COVID-19,None,2023-12-11,2023-11-23,825 Coxwell Ave,Toronto East Health Network - Michael Garron Hospital - B3,Hospital-Acute Care,Respiratory,212
N,,,COVID-19,None,2023-12-01,2023-11-22,3560 Bathurst St,Baycrest Hospital - H6E,Hospital-Chronic Care,Respiratory,213
N,,,Respiratory syncytial virus,None,2023-11-30,2023-11-22,550 Cummer Ave,Extendicare Bayview - 1st Fl,LTCH,Respiratory,214
N,,,COVID-19,None,2023-11-28,2023-11-22,30 The Queensway,Unity Health Toronto - St. Joseph's - 4M,Hospital-Acute Care,Respiratory,215
N,,,COVID-19,None,2023-11-29,2023-11-22,550 University Ave,University Health Network - 5 South,Hospital-Chronic Care,Respiratory,216
N,,,Unable to identify,None,2023-11-27,2023-11-21,1066 Avenue Rd,Amica On The Avenue,Retirement Home,Enteric,217
N,,,COVID-19,None,2023-12-15,2023-11-21,429 Walmer Rd,Cedarvale Terrace - 4th Fl,LTCH,Respiratory,218
N,,,COVID-19,None,2023-12-12,2023-11-21,205 Cummer Ave,Cummer Lodge - North York - 1st Fl (SCU) & 3rd Fl (3N),LTCH,Respiratory,219
N,,,COVID-19,None,2023-12-16,2023-11-21,2111 Finch Ave W,Southlake Regional Health Centre - RCC Finch - 5 East,Hospital-Chronic Care,Respiratory,220
N,,,COVID-19,None,2023-12-13,2023-11-21,921 Millwood Rd,The Millwood,Retirement Home,Respiratory,221
N,,,COVID-19,None,2023-11-29,2023-11-21,3276 St. Clair Ave East,Unity Health Toronto - Providence - D3,Hospital-Chronic Care,Respiratory,222
N,,,COVID-19,None,2023-11-30,2023-11-20,3560 Bathurst St,Baycrest Hospital - 6RF,LTCH,Respiratory,223
N,,,COVID-19,None,2023-11-26,2023-11-20,1001 Queen St West,Centre For Addiction and Mental Health - Unit 1 & 2,Hospital-Psychiatric,Respiratory,224
N,,,COVID-19,None,2023-11-27,2023-11-20,70 Humberline Dr,Deerwood Creek Care Community - 3rd Fl (3A & 3B),LTCH,Respiratory,225
N,,,COVID-19,None,2023-12-12,2023-11-20,8 The Donway E,Donway Place,LTCH,Respiratory,226
N,,,COVID-19,None,2023-12-13,2023-11-20,130 Midland Ave,Midland Gardens Care Community - 4th Fl,LTCH,Respiratory,227
N,,,COVID-19,None,2024-01-01,2023-11-20,1140 Bloor St W,New Horizons Tower,Retirement Home,Respiratory,228
N,,,Parainfluenza,Rhinovirus,2023-11-30,2023-11-20,140 Sherway Dr,Trillium Health Partners - McCall Centre For Continuing Care - 3rd Fl,Hospital-Chronic Care,Respiratory,229
N,,,COVID-19,None,2023-12-05,2023-11-20,140 Sherway Drive,Trillium Health Partners - McCall Continuing Care - 3rd Fl,Hospital-Chronic Care,Respiratory,230
N,,,COVID-19,None,2023-11-27,2023-11-20,30 The Queensway,Unity Health Toronto - St. Joseph's - 5M,Hospital-Acute Care,Respiratory,231
N,,,COVID-19,None,2023-12-07,2023-11-19,740 Pape Ave,"Nisbet Lodge - 4th, 8th, 10th & 11th Fl",LTCH,Respiratory,232
N,,,COVID-19,None,2023-11-30,2023-11-18,221 Milner Ave,Sts. Peter and Paul Residence - Ground Fl,Retirement Home,Respiratory,233
N,,,COVID-19,None,2023-11-30,2023-11-18,40 Playfair Ave,Villa Colombo Homes for the Aged - 2 Fusco,LTCH,Respiratory,234
N,,,COVID-19,None,2023-11-28,2023-11-17,2920 Lawrence Ave E,Bendale Acres - 5th Fl,LTCH,Respiratory,235
N,,,COVID-19,None,2023-11-28,2023-11-17,3830 Lawrence Ave E,Extendicare Scarborough - Scarborough - 1 North,LTCH,Respiratory,236
N,,,COVID-19,None,2023-11-29,2023-11-17,40 Bell Estate Rd,Ina Grafton Gage Home - Scarborough - 1st Fl Memory Unit,LTCH,Respiratory,237
N,,,COVID-19,None,2023-12-08,2023-11-17,500 Kingston Rd,Toronto East Health Network - 1st Fl East,Hospital-Chronic Care,Respiratory,238
N,,,COVID-19,None,2023-11-25,2023-11-17,130 Dunn Ave,University Health Network - Bickle Centre -  5A & 5B North,Hospital-Chronic Care,Respiratory,239
N,,,COVID-19,None,2023-12-05,2023-11-17,130 Dunn Ave,University Health Network - Bickle Centre - S4,Hospital-Chronic Care,Respiratory,240
N,,,COVID-19,None,2023-12-01,2023-11-17,520 Sutherland Drive,University Health Network - Lyndhurst - 1A,Hospital-Chronic Care,Respiratory,241
N,,,COVID-19,None,2023-11-29,2023-11-16,221 Milner Ave,Bayshore - 5th & 6th Fl,Retirement Home,Respiratory,242
N,,,COVID-19,None,2023-12-01,2023-11-16,30 The Queensway,Unity Health Toronto - St. Joseph's - 6G,Hospital-Acute Care,Respiratory,243
N,,,COVID-19,None,2023-11-30,2023-11-15,2411 Lawrence Ave E,Hellenic Home - Ground & 2A,LTCH,Respiratory,244
N,,,COVID-19,None,2023-11-24,2023-11-15,30 The Queensway,Unity Health Toronto - St. Joseph's - 2E,Hospital-Acute Care,Respiratory,245
N,,,COVID-19,None,2023-12-04,2023-11-14,520 Markham Rd,Cedarbrook Lodge TCU - Transitional Care Unit - 6th Fl,Transitional Care,Respiratory,246
N,,,COVID-19,None,2023-11-24,2023-11-14,102 Craiglee Dr,Craiglee Nursing Home - 1 West & 3 East,LTCH,Respiratory,247
N,,,COVID-19,None,2023-12-07,2023-11-14,1000 Ellesmere Rd,"Fieldstone Commons Care Community - Scarborough - 2A, 2B, 3A & 3B",LTCH,Respiratory,248
N,,,COVID-19,None,2023-12-04,2023-11-14,1400 Kennedy Rd,Kennedy Lodge - 2 South,LTCH,Respiratory,249
N,,,COVID-19,None,2023-11-24,2023-11-14,3276 St. Clair Ave East,Unity Health Toronto - Providence - Adult Day Program,Hospital-Chronic Care,Respiratory,250
N,,,COVID-19,None,2023-12-11,2023-11-13,520 Markham Rd,Cedarbrook Lodge Retirement Residence - 3rd & 5th Fl,Retirement Home,Respiratory,251
N,,,COVID-19,None,2023-11-27,2023-11-13,25 Centennial Park Rd,Centennial Park Place - 1st Fl,Retirement Home,Respiratory,252
N,,,COVID-19,None,2023-11-30,2023-11-13,1001 Queen St West,Centre for Addiction and Mental Health - Queen Street Site - Unit 1-4,Hospital-Psychiatric,Respiratory,253
N,,,COVID-19,None,2023-12-08,2023-11-13,1925 Steeles Ave E,Chartwell Gibson Long Term Care Residence - 3rd Fl,LTCH,Respiratory,254
N,,,Respiratory syncytial virus,None,2023-12-22,2023-11-13,102 Craiglee Dr,Craiglee Nursing Home - 2nd Fl,LTCH,Respiratory,255
N,,,COVID-19,None,2023-12-20,2023-11-13,10 -14 William Morgan Drive,Leaside Retirement Residence - 5th & 6th Fl,LTCH,Respiratory,256
N,,,COVID-19,None,2023-12-04,2023-11-13,17 Maplewood Ave,Rose of Sharon Korean Long Term Care - 4th & 5th Fl,LTCH,Respiratory,257
N,,,COVID-19,None,2023-11-30,2023-11-13,2111 Finch Ave W,Southlake Regional Health Centre - RCC Finch - 6 West,Hospital-Chronic Care,Respiratory,258
N,,,COVID-19,None,2023-12-01,2023-11-13,700 & 720 Mount Pleasant Rd,The Briton House,Retirement Home,Respiratory,259
N,,,Unable to identify,None,2023-11-27,2023-11-13,2245 Lawrence Ave W,The Village Of Humber Heights - Weston Neighbourhood,LTCH,Respiratory,260
N,,,COVID-19,None,2023-11-24,2023-11-13,500 Kingston Rd,Toronto East Health Network - AHF - 2nd Fl West,Hospital-Chronic Care,Respiratory,261
N,,,COVID-19,None,2023-11-23,2023-11-12,3560 Bathurst St,Baycrest Hospital - 5 West,Hospital-Chronic Care,Respiratory,262
N,,,COVID-19,None,2023-11-27,2023-11-12,3560 Bathurst St,The Jewish Home for the Aged - 2RF,LTCH,Respiratory,263
N,,,COVID-19,None,2023-11-25,2023-11-12,3560 Bathurst St,The Jewish Home for the Aged - 3RF,LTCH,Respiratory,264
N,,,COVID-19,None,2023-11-20,2023-11-11,740 Pape Ave,Nisbet Lodge - 8th Fl,LTCH,Respiratory,265
N,,,COVID-19,None,2023-11-22,2023-11-11,25 Brunswick Ave,The Kensington Gardens - 1 East,LTCH,Respiratory,266
N,,,Rhinovirus,None,2023-11-24,2023-11-10,95 Humber College Blvd,Humber Valley - 2nd Fl,LTCH,Respiratory,267
N,,,COVID-19,None,2023-11-28,2023-11-09,45 Brunswick Ave,The Kensington Gardens - 2E (North Building),LTCH,Respiratory,268
N,,,COVID-19,None,2023-11-17,2023-11-09,3276 St. Clair Ave East,Unity Health Toronto - Providence - A5,Hospital-Chronic Care,Respiratory,269
N,,,Unable to identify,None,2023-11-23,2023-11-08,55 Belmont St,Belmont House - 2WW,LTCH,Respiratory,270
N,,,COVID-19,None,2023-11-30,2023-11-08,3197 Lakeshore Blvd W,Lakeshore Lodge - 2 South & 4 South,LTCH,Respiratory,271
N,,,COVID-19,None,2023-11-20,2023-11-07,495 The West Mall,Chartwell Westbury Long Term Care Residence - 8th Fl,LTCH,Respiratory,272
N,,,COVID-19,None,2023-11-17,2023-11-07,4001 Leslie St,North York General Hospital - General Site - 3N,Hospital-Acute Care,Respiratory,273
N,,,COVID-19,None,2023-12-05,2023-11-07,3050 Lawrence Ave E,Scarborough Health Network - Scarborough General - CP4,Hospital-Acute Care,Respiratory,274
N,,,COVID-19,None,2023-11-24,2023-11-07,33 Christie St,The O'Neill Centre - 3rd & 4th Fl,LTCH,Respiratory,275
N,,,COVID-19,None,2023-11-19,2023-11-07,3276 St. Clair Ave East,Unity Health Toronto - Providence - B5,Hospital-Chronic Care,Respiratory,276
N,,,COVID-19,None,2023-11-29,2023-11-07,30 The Queensway,Unity Health Toronto - St. Joseph's - 3M,Hospital-Acute Care,Respiratory,277
N,,,COVID-19,None,2023-11-24,2023-11-06,1 Canterbury Pl,Canterbury Place Retirement Residence - 14th & 17th Fl,Retirement Home,Respiratory,278
N,,,COVID-19,None,2023-11-13,2023-11-06,2100 Bloor St W,Chartwell Grenadier Retirement Residence - Unit A2,LTCH,Respiratory,279
N,,,COVID-19,None,2023-12-06,2023-11-06,551 Conlins Rd,Extendicare Rouge Valley - Clark House Unit & 1st Fl,LTCH,Respiratory,280
N,,,Influenza A (Not subtyped),None,2023-11-24,2023-11-06,150 Dunn Ave,Lakeside Long Term Care Home,LTCH,Respiratory,281
N,,,COVID-19,None,2023-11-27,2023-11-06,9 Neilson Rd,Seven Oaks - 2nd & 3rd Fl,LTCH,Respiratory,282
N,,,COVID-19,None,2023-11-20,2023-11-06,1860 Lawrence Ave E,The Wexford - 7th Fl,LTCH,Respiratory,283
N,,,COVID-19,None,2023-11-30,2023-11-06,130 Dunn Ave,University Health Network - Bickle Centre - N3 TCU,Hospital-Chronic Care,Respiratory,284
N,,,Parainfluenza,None,2023-11-22,2023-11-06,40 Playfair Ave,Villa Colombo - 4 Fusco & 1 Fidani,LTCH,Respiratory,285
N,,,COVID-19,None,2023-11-22,2023-11-06,60 Scottfield Dr,"Yee Hong Centre - Scarborough Finch - 3rd, 5th & 6th Fl",LTCH,Respiratory,286
N,,,COVID-19,None,2023-11-13,2023-11-05,825 Coxwell Ave,Toronto East Health Network - Michael Garron Hospital - A2,Hospital-Acute Care,Respiratory,287
N,,,COVID-19,None,2023-11-13,2023-11-04,2075 Bayview Ave,Sunnybrook Health Sciences Centre - Bayview Campus - D6,Hospital-Acute Care,Respiratory,288
N,,,COVID-19,None,2023-11-20,2023-11-03,55 Belmont St,Belmont House - 2WW & 3WW,LTCH,Respiratory,289
N,,,Parainfluenza,None,2023-11-29,2023-11-03,1955 Steeles Ave E,Chartwell Gibson Long Term Care Residence - 4th Fl,LTCH,Respiratory,290
N,,,Unable to identify,None,2023-11-20,2023-11-03,1800 O'Connor,Harmony Hills Care Community - 3B,LTCH,Respiratory,291
N,,,COVID-19,None,2023-11-10,2023-11-03,3560 Bathurst St,The Jewish Home for the Aged - 2RF,LTCH,Respiratory,292
N,,,COVID-19,None,2023-12-12,2023-11-02,2109 Finch Ave W,Humber Meadows Long Term Care Home,LTCH,Respiratory,293
N,,,Group B Streptococcal disease (neonatal),None,2024-02-05,2023-11-02,600 University Ave,Sinai Health System - Mount Sinai Hospital - NICU,Hospital-Acute Care,Other,294
N,,,COVID-19,None,2023-11-10,2023-11-02,221 Milner Ave,Sts. Peter and Paul Residence - 3rd Fl,Retirement Home,Respiratory,295
N,,,COVID-19,None,2023-11-13,2023-11-02,921 Millwood Rd,The Millwood - 4th Fl,LTCH,Respiratory,296
N,,,COVID-19,None,2023-11-09,2023-11-02,3276 St Clair Ave E,Unity Health Toronto - Houses of Providence - Hop 1W - Balsam & Maple,LTCH,Respiratory,297
N,,,COVID-19,None,2023-11-14,2023-11-01,866 Sheppard Ave,Kensington Place Retirement Residence - 4th & 6th Fl,Retirement Home,Respiratory,298
N,,,COVID-19,None,2023-11-13,2023-11-01,140 Sherway Drive,McCall Centre Long Term Care Interim Unit - LTC Unit,LTCH,Respiratory,299
N,,,Unable to identify,None,2023-11-09,2023-11-01,36 D'Arcy St,Mon Sheong Home for the Aged - 5th Fl,LTCH,Respiratory,300
N,,,COVID-19,None,2023-11-11,2023-11-01,3015 Lawrence Ave E,Rockcliffe Care Community - Ground & 2nd Fl,LTCH,Respiratory,301
N,,,COVID-19,None,2023-11-09,2023-11-01,200 Church St,Sunnybrook Health Sciences - RCC Church - A3S,Hospital-Chronic Care,Respiratory,302
N,,,COVID-19,None,2023-11-15,2023-11-01,2075 Bayview Ave,Sunnybrook Health Sciences Centre - Sunnybrook Veterans Centre - LFSW,LTCH,Respiratory,303
N,,,COVID-19,None,2023-11-20,2023-11-01,123 Spadina Rd,The Annex,Retirement Home,Respiratory,304
N,,,COVID-19,None,2023-11-09,2023-11-01,262 St. Clair Ave W,The Russell Hill Retirement Residence - 6th & 7th Fl,Retirement Home,Respiratory,305
N,,,COVID-19,None,2023-11-24,2023-10-31,19 Rean Dr,Amica Bayview Gardens,Retirement Home,Respiratory,306
N,,,COVID-19,None,2023-11-20,2023-10-31,1238 Queen St,Chartwell Avondale Retirement Residence - 2nd Fl,Retirement Home,Respiratory,307
N,,,COVID-19,None,2023-12-01,2023-10-31,3555 Danforth Ave,"Chester Village - 2E, 3W & 4E",LTCH,Respiratory,308
N,,,COVID-19,None,2023-11-20,2023-10-31,122 Tyndall Ave,Norwood Nursing Home,LTCH,Respiratory,309
N,,,COVID-19,None,2023-11-12,2023-10-31,40 Playfair Ave,Villa Colombo Homes for the Aged - 4 Fidani,LTCH,Respiratory,310
N,,,Influenza A (Not subtyped),None,2023-11-14,2023-10-31,1145 Albion Rd,Westside LTC - 3rd Fl,LTCH,Respiratory,311
N,,,COVID-19,None,2023-11-20,2023-10-30,55 Belmont St,Belmont House,Retirement Home,Respiratory,312
N,,,COVID-19,None,2023-11-16,2023-10-30,2920 Lawrence Ave E,Bendale Acres - 6th Fl,LTCH,Respiratory,313
N,,,Parainfluenza,Rhinovirus,2023-11-16,2023-10-30,1800 O'Connor Dr,Fountain View Care Community - 1st Fl - Terrace Home Area,LTCH,Respiratory,314
N,,,COVID-19,None,2023-11-28,2023-10-30,1800 O'Connor Drive,Harmony Hills Care Community,LTCH,Respiratory,315
N,,,COVID-19,None,2023-11-27,2023-10-30,2881 Eglinton Ave E,"McCowan Retirement Residence - 2nd, 4th & 5th Fl",Retirement Home,Respiratory,316
N,,,COVID-19,None,2023-11-30,2023-10-30,2245 Lawrence Ave W,The Village of Humber Heights,LTCH,Respiratory,317
N,,,COVID-19,None,2023-11-06,2023-10-30,399 Bathurst St,University Health Network - Toronto Western - 8A,Hospital-Acute Care,Respiratory,318
N,,,COVID-19,None,2023-11-06,2023-10-27,3560 Bathurst St,Baycrest Hospital - 4 East,Hospital-Chronic Care,Respiratory,319
N,,,COVID-19,None,2023-11-24,2023-10-27,1800 O'Connor Dr,Fountain View Care Community - 2nd Fl Breezeway & Lakeside,LTCH,Respiratory,320
N,,,Rhinovirus,None,2023-11-14,2023-10-27,95 Humber College Blvd,"Humber Valley - Unit 1, 3rd Fl",LTCH,Respiratory,321
N,,,COVID-19,None,2023-11-13,2023-10-27,2030 McNicoll Ave,Mon Sheong Scarborough Long Term Care Centre - Ground Fl South,LTCH,Respiratory,322
N,,,COVID-19,None,2023-11-07,2023-10-27,4001 Leslie St,North York General Hospital - General Site - 5W,Hospital-Acute Care,Respiratory,323
N,,,COVID-19,None,2023-11-09,2023-10-27,1340 York Mills Rd,Rayoak Place - South-East & North-West Wing,Retirement Home,Respiratory,324
N,,,COVID-19,None,2023-11-04,2023-10-27,3560 Bathurst St,The Jewish Home for the Aged - 3GS,LTCH,Respiratory,325
N,,,COVID-19,None,2023-11-05,2023-10-27,825 Coxwell Ave,Toronto East Health Network - Michael Garron Hospital - A3,Hospital-Acute Care,Respiratory,326
N,,,COVID-19,None,2023-11-06,2023-10-27,200 Church St,William Osler Health System - RCC Church - RCU - WOHS Unit,Hospital-Chronic Care,Respiratory,327
N,,,COVID-19,None,2023-11-03,2023-10-26,2100 Bloor St W,Chartwell Grenadier Retirement Residence - Unit A3,Retirement Home,Respiratory,328
N,,,COVID-19,None,2023-11-06,2023-10-26,495 The West Mall,Chartwell Westbury Long Term Care Residence - 8th Fl,LTCH,Respiratory,329
N,,,COVID-19,None,2023-11-02,2023-10-26,15 Summerland Terr,Tapestry at Village Gate West - 2nd & 9th Fl,Retirement Home,Respiratory,330
N,,,COVID-19,None,2023-11-30,2023-10-26,303 Queens Dr,Weston Gardens Retirement Residence,Retirement Home,Respiratory,331
N,,,COVID-19,None,2023-11-02,2023-10-25,1238 Queen St,Chartwell Avondale Retirement Residence - 2nd & 4th Fl,Retirement Home,Respiratory,332
N,,,COVID-19,None,2023-11-06,2023-10-25,1400 Kennedy Rd,Kennedy Lodge - 3 South,LTCH,Respiratory,333
N,,,COVID-19,None,2023-11-10,2023-10-24,4180 Dundas St W,Delmanor Prince Edward,Retirement Home,Respiratory,334
N,,,COVID-19,None,2023-11-17,2023-10-24,420 The East Mall,Eatonville Care Centre,LTCH,Respiratory,335
N,,,COVID-19,None,2023-10-30,2023-10-24,30 The Queensway,Unity Health Toronto - St. Joseph's - 4LM,Hospital-Acute Care,Respiratory,336
N,,,COVID-19,None,2023-11-19,2023-10-23,205 Cummer Ave,Cummer Lodge - 2N & 4S,LTCH,Respiratory,337
N,,,COVID-19,None,2023-11-08,2023-10-23,10 -14 William Morgan Drive,Leaside Retirement Residence - 3rd & 6th Fl Building 10,Retirement Home,Respiratory,338
N,,,COVID-19,None,2023-11-04,2023-10-23,9 Neilson Rd,Seven Oaks - 4th Fl,LTCH,Respiratory,339
N,,,COVID-19,None,2023-11-27,2023-10-23,345 Sherbourne St,Sherbourne Place - 2nd Fl,LTCH,Respiratory,340
N,,,COVID-19,None,2023-10-31,2023-10-23,3560 Bathurst St,The Jewish Home for the Aged - 2GS,LTCH,Respiratory,341
N,,,COVID-19,None,2023-11-13,2023-10-23,200 Dawes Rd,True Davidson Acres - 1st Fl,LTCH,Respiratory,342
N,,,COVID-19,None,2023-11-11,2023-10-23,399 Bathurst St,University Health Network - Toronto Western - 4B,Hospital-Acute Care,Respiratory,343
N,,,COVID-19,None,2023-10-28,2023-10-23,265 Queens Dr,University Health Network - Transitional Care Program - Queens Estate - 6th Fl,Transitional Care,Respiratory,344
N,,,Influenza A (H1N1),None,2023-10-31,2023-10-22,1925 Steeles Ave E,Chartwell Gibson Long Term Care Residence - 3rd Fl,LTCH,Respiratory,345
N,,,COVID-19,None,2023-10-30,2023-10-22,3197 Lakeshore Blvd W,Lakeshore Lodge - 4th Fl,LTCH,Respiratory,346
N,,,COVID-19,None,2023-11-07,2023-10-22,3760 Sheppard Ave East,Shepherd Lodge - 5th Fl,LTCH,Respiratory,347
N,,,COVID-19,None,2023-11-08,2023-10-21,60 Guildwood Pky,Extendicare Guildwood,LTCH,Respiratory,348
N,,,COVID-19,None,2023-11-15,2023-10-20,2045 Finch Ave W,"Hawthorne Place Care Centre - 1 Maple Lane, 3 Lily Way & 3 Pine Lane Unit",LTCH,Respiratory,349
N,,,COVID-19,None,2023-11-02,2023-10-20,4001 Leslie St,North York General Hospital - General Site - 5SE,Hospital-Acute Care,Respiratory,350
N,,,Respiratory syncytial virus,None,2023-11-16,2023-10-20,60 Scottfield Dr,Yee Hong Centre - Scarborough Finch - 2nd Fl,LTCH,Respiratory,351
N,,,COVID-19,None,2023-11-20,2023-10-20,2311 McNicoll Ave,Yee Hong Centre - Scarborough McNicoll - Ground Fl,LTCH,Respiratory,352
N,,,COVID-19,None,2023-10-24,2023-10-19,67 Belgreen Ave,Bethseda Home,Retirement Home,Respiratory,353
N,,,Respiratory syncytial virus,None,2023-11-01,2023-10-19,340 McCowan Rd,Chartwell Trilogy - 4th & 7th Fl,LTCH,Respiratory,354
N,,,COVID-19,None,2023-12-06,2023-10-19,340 McCowan Rd,Chartwell Trilogy Long Term Care Residence - 4th & 7th Fl,LTCH,Respiratory,355
N,,,COVID-19,None,2023-10-30,2023-10-19,3560 Bathurst St,The Jewish Home for the Aged - Apotex 2EI,LTCH,Respiratory,356
N,,,COVID-19,None,2023-10-26,2023-10-19,82 Buttonwood Ave,West Park Healthcare Centre - 3WE,Hospital-Chronic Care,Respiratory,357
N,,,COVID-19,None,2023-11-06,2023-10-18,66 Roncesvalles Ave,Copernicus Lodge,LTCH,Respiratory,358
N,,,COVID-19,None,2023-10-27,2023-10-18,10 Fairfield Ave,Fairfield Residence - 2nd Fl,Retirement Home,Respiratory,359
N,,,COVID-19,None,2023-10-25,2023-10-18,4650 Eglinton Ave West,Parkland on Eglinton West - 2nd Fl,LTCH,Respiratory,360
N,,,COVID-19,None,2023-10-30,2023-10-18,3276 St. Clair Ave East,Unity Health Toronto - Providence - B4,Hospital-Chronic Care,Respiratory,361
N,,,Rhinovirus,None,2023-10-28,2023-10-17,55 Belmont St,Belmont House - 2E,LTCH,Respiratory,362
N,,,COVID-19,None,2023-10-26,2023-10-17,25 Centennial Park Rd,Centennial Park Place - 1st Fl,Retirement Home,Respiratory,363
N,,,COVID-19,None,2023-10-30,2023-10-17,77 Dunfield Ave,The Dunfield Retirement Residence - 14th & 15th Fl,Retirement Home,Respiratory,364
N,,,COVID-19,None,2023-10-30,2023-10-17,3276 St Clair Ave E,Unity Health Toronto - Houses of Providence - HOP 1W - Balsam & Maple,LTCH,Respiratory,365
N,,,COVID-19,None,2023-10-26,2023-10-16,4005 Eglinton Ave W,Chartwell Scarlett Heights Retirement Residence - 2nd Fl (Memory Fl Lane),Retirement Home,Respiratory,366
N,,,Rhinovirus,None,2023-10-20,2023-10-16,8 The Donway E,Donway Place - 2nd Fl,Retirement Home,Respiratory,367
N,,,Unable to identify,None,2023-10-25,2023-10-16,645 Castlefield Ave,"Forest Hill Place - 3rd, 4th, 5th, 6th & 7th Fl",Retirement Home,Enteric,368
N,,,COVID-19,None,2023-10-20,2023-10-16,1800 O'Connor Dr,Fountain View Care Community - 2nd Fl - Breezeway,LTCH,Respiratory,369
N,,,Rhinovirus,None,2023-11-10,2023-10-16,439 Sherbourne St,Fudger House,LTCH,Respiratory,370
N,,,COVID-19,None,2023-11-06,2023-10-16,28 Halton St,Maynard Nursing Home,LTCH,Respiratory,371
N,,,COVID-19,None,2023-10-25,2023-10-16,2867 Ellesmere Rd,Scarborough Health Network - Centenary - 3MBW,Hospital-Acute Care,Respiratory,372
N,,,COVID-19,None,2023-10-24,2023-10-15,625 Runnymede Rd,Runnymede Healthcare Centre - 4E,Hospital-Chronic Care,Respiratory,373
N,,,COVID-19,None,2023-11-02,2023-10-14,5 Resurrection Rd,Labdara Lithuanian Nursing Home - 1st Fl,LTCH,Respiratory,374
N,,,COVID-19,None,2023-10-24,2023-10-14,123 Spadina Rd,The Annex - 5th Fl,Retirement Home,Respiratory,375
N,,,COVID-19,None,2023-10-26,2023-10-13,550 Cummer Ave,Extendicare Bayview - West Unit,LTCH,Respiratory,376
N,,,COVID-19,None,2023-10-20,2023-10-13,625 Runnymede Rd,Runnymede Healthcare Centre - 2W,Hospital-Chronic Care,Respiratory,377
N,,,COVID-19,None,2023-10-28,2023-10-12,2075 Bayview Ave,Sunnybrook Health Sciences Centre - Sunnybrook Veterans Centre - K2C,LTCH,Respiratory,378
N,,,Rhinovirus,None,2023-10-23,2023-10-12,400 The West Mall,Wesburn Manor - 3N & 3S,LTCH,Respiratory,379
N,,,COVID-19,None,2023-10-25,2023-10-11,625 Runnymede Rd,Runnymede Healthcare Centre - 3W,Hospital-Chronic Care,Respiratory,380
N,,,COVID-19,None,2023-10-25,2023-10-11,3276 St. Clair Ave East,Unity Health Toronto - Providence - B3,Hospital-Chronic Care,Respiratory,381
N,,,COVID-19,None,2023-10-16,2023-10-10,3595 Keele St,Downsview Long Term Care Centre - 2nd Fl - 2 Centre,LTCH,Respiratory,382
N,,,COVID-19,None,2023-10-23,2023-10-10,2411 Lawrence Ave E,Hellenic Home - 3B,LTCH,Respiratory,383
N,,,Rhinovirus,None,2023-10-18,2023-10-10,3015 Lawrence Ave E,Rockcliffe Care Community - 1st Fl,LTCH,Respiratory,384
N,,,COVID-19,None,2023-11-03,2023-10-10,2 Buchan Crt,"Seniors' Health Centre - 1st ,2nd & 3rd Fl",LTCH,Respiratory,385
N,,,COVID-19,None,2023-10-25,2023-10-10,3276 St Clair Ave E,Unity Health Toronto - Houses of Providence - 3E - Cedar & Aspen,LTCH,Respiratory,386
N,,,COVID-19,None,2023-10-22,2023-10-10,82 Buttonwood Ave,West Park Healthcare Centre - 2EC,Hospital-Chronic Care,Respiratory,387
N,,,COVID-19,None,2023-10-16,2023-10-09,3276 St. Clair Ave East,Unity Health Toronto - Providence - A3,Hospital-Chronic Care,Respiratory,388
N,,,COVID-19,None,2023-10-16,2023-10-09,101 Humber College Blvd,William Osler Health System - 9W,Hospital-Acute Care,Respiratory,389
N,,,Rhinovirus,None,2023-10-24,2023-10-08,2411 Lawrence Ave E,Hellenic Home for the Aged - 2B,LTCH,Respiratory,390
N,,,COVID-19,None,2023-10-24,2023-10-08,3758 Sheppard Ave E,Shepherd Terrace Retirement Residence,Retirement Home,Respiratory,391
N,,,COVID-19,None,2023-10-25,2023-10-08,3276 St Clair Ave E,Unity Health Toronto - Houses of Providence - HOP 2W Elm,LTCH,Respiratory,392
N,,,COVID-19,None,2023-11-07,2023-10-08,541 Finch Ave W,Valleyview Residence,LTCH,Respiratory,393
N,,,Rhinovirus,None,2023-10-13,2023-10-07,420 The East Mall,Eatonville Care Centre - Unit 2,LTCH,Respiratory,394
N,,,COVID-19,None,2023-10-28,2023-10-07,40 Playfair Ave,"Villa Colombo Homes for the Aged - 3 Fusco West, 3 Fusco South Wing, 3 Fusco North Wing & 3 Fidani",LTCH,Respiratory,395
N,,,Rhinovirus,Respiratory syncytial virus,2023-10-23,2023-10-06,2100 Bloor St W,Chartwell Grenadier - 2nd Fl - AL & 4th Fl,Retirement Home,Respiratory,396
N,,,COVID-19,None,2023-10-14,2023-10-06,70 Humberline Dr,Deerwood Creek Care Community - 2B Unit,LTCH,Respiratory,397
N,,,COVID-19,None,2023-10-18,2023-10-06,1000 Ellesmere Rd,Fieldstone Commons Care Community - 1A,LTCH,Respiratory,398
N,,,Enterovirus/Rhinovirus,None,2023-10-25,2023-10-06,2 Buchan Crt,North York General Hospital - Seniors Health Centre - 4th Fl,LTCH,Respiratory,399
N,,,COVID-19,None,2023-10-20,2023-10-06,3276 St Clair Ave E,Unity Health Toronto - Houses of Providence - 3W (Poplar & Walnut),LTCH,Respiratory,400
N,,,COVID-19,None,2023-10-15,2023-10-06,399 Bathurst St,University Health Network - Toronto Western - 5B,Hospital-Acute Care,Respiratory,401
N,,,COVID-19,None,2023-10-12,2023-10-06,101 Humber College Blvd,William Osler Health System - 8W Surgical Unit,Hospital-Acute Care,Respiratory,402
N,,,Norovirus,None,2023-10-17,2023-10-05,3760 Sheppard Ave E,Shepperd Lodge - 2nd & 6th Fl,LTCH,Enteric,403
N,,,COVID-19,None,2023-10-16,2023-10-04,1955 Steeles Ave E,Chartwell Gibson Retirement Residence,Retirement Home,Respiratory,404
N,,,Parainfluenza,None,2023-10-16,2023-10-04,3830 Lawrence Ave E,Extendicare Scarborough - 2E,LTCH,Respiratory,405
N,,,Rhinovirus,None,2023-10-12,2023-10-04,22 Norfinch Dr,Norfinch Care Community - Unit 3B,LTCH,Respiratory,406
N,,,COVID-19,None,2023-11-02,2023-10-04,60 Richview Rd,Ukrainian Canadian Care Centre - 2nd & 3rd Fl,LTCH,Respiratory,407
N,,,COVID-19,None,2023-10-11,2023-10-04,82 Buttonwood Ave,West Park Healthcare Centre - 3WE,Hospital-Chronic Care,Respiratory,408
N,,,Unable to identify,None,2023-10-11,2023-10-03,1001 Queen St W,Centre for Addiction and Mental Health - Unit 1-4,Hospital-Psychiatric,Respiratory,409
N,,,COVID-19,None,2023-10-17,2023-10-03,4005 Eglinton Ave W,"Chartwell Scarlett Heights Retirement Residence - 5th, 6th & 8th Fl",Retirement Home,Respiratory,410
N,,,COVID-19,None,2023-10-19,2023-10-03,66 Roncesvalles Ave,Copernicus Lodge - 1st Fl (1N & 1S),LTCH,Respiratory,411
N,,,Unable to identify,None,2023-10-13,2023-10-03,767 Royal York Rd,Ivan Franko Home - 2nd Fl,LTCH,Respiratory,412
N,,,COVID-19,None,2023-10-19,2023-10-03,1400 Kennedy Rd,Kennedy Lodge - Ground Fl,LTCH,Respiratory,413
N,,,COVID-19,None,2023-10-12,2023-10-03,3276 St. Clair Ave East,Unity Health Toronto - Providence - A4,Hospital-Chronic Care,Respiratory,414
N,,,COVID-19,None,2023-10-10,2023-10-02,520 Markham Rd,Cedarbrook Lodge - Transitional Care Unit - 6th Fl South,Transitional Care,Respiratory,415
N,,,Unable to identify,None,2023-10-10,2023-10-02,45 Brunswick Ave,Kensington Gardens - The Kensington Health Centre,LTCH,Respiratory,416
N,,,Rhinovirus,None,2023-10-10,2023-10-02,2233 Kipling Ave,Kipling Acres - 2 North Highfield Unit,LTCH,Respiratory,417
N,,,COVID-19,None,2023-10-16,2023-10-02,150 Dunn Ave,Lakeside Long Term Care Centre - 2nd Fl,LTCH,Respiratory,418
N,,,Rhinovirus,None,2023-10-15,2023-10-02,122 Tyndale St,Norwood Nursing Home,LTCH,Respiratory,419
N,,,COVID-19,None,2023-10-16,2023-10-02,700 & 720 Mount Pleasant Rd,The Briton House - 9th Fl,Retirement Home,Respiratory,420
N,,,COVID-19,None,2023-10-27,2023-10-02,1860 Lawrence Ave E,The Wexford - 5th & 6th Fl,LTCH,Respiratory,421
N,,,COVID-19,None,2023-10-19,2023-10-01,2233 Kipling Ave,Kipling Acres - 2 North,LTCH,Respiratory,422
N,,,COVID-19,None,2023-10-18,2023-09-30,767 Royal York Rd,Ivan Franko Home,LTCH,Respiratory,423
N,,,COVID-19,None,2023-10-21,2023-09-29,537 Finch Ave W,"Advent Forestview Retirement Residence - 2nd, 3rd-5th Fl",Retirement Home,Respiratory,424
N,,,Rhinovirus,None,2023-10-13,2023-09-29,520 Markham Rd,Cedarbrook Lodge Retirement Residence - 2nd Fl,Retirement Home,Respiratory,425
N,,,COVID-19,None,2023-10-13,2023-09-29,520 Markham Rd,Cedarbrook Lodge Retirement Residence - 2nd Fl,Retirement Home,Respiratory,426
N,,,COVID-19,None,2023-10-10,2023-09-29,2111 Finch Ave W,MacKenzie Health - RCC - 4 East,Hospital-Chronic Care,Respiratory,427
N,,,COVID-19,None,2023-10-14,2023-09-29,1020 McNicoll Ave,The Salvation Army - Toronto Grace Health Centre - Specialized Care Centre - 5th Fl,Transitional Care,Respiratory,428
N,,,COVID-19,None,2023-10-24,2023-09-29,2005 Lawrence Ave W,Weston Terrace Care Community - 2B & 3B Unit,LTCH,Respiratory,429
N,,,COVID-19,None,2023-10-16,2023-09-29,1145 Albion Rd,Westside - 3rd Fl,LTCH,Respiratory,430
N,,,COVID-19,None,2023-10-05,2023-09-29,101 Humber College Blvd,William Osler Health System - 10E Medicine Unit,Hospital-Acute Care,Respiratory,431
N,,,COVID-19,None,2023-10-05,2023-09-29,101 Humber College Blvd,William Osler Health System - 10W Respirology Unit,Hospital-Acute Care,Respiratory,432
N,,,COVID-19,None,2023-10-07,2023-09-28,2109 Finch Ave W,Humber Meadows Long Term Care Home - Birch Lane North,LTCH,Respiratory,433
N,,,COVID-19,None,2023-10-13,2023-09-27,9 Neilson Rd,Seven Oaks - 1st Fl,LTCH,Respiratory,434
N,,,Rhinovirus,None,2023-10-16,2023-09-26,60 Guildowood Pky,Extendicare Guildwood,LTCH,Respiratory,435
N,,,COVID-19,None,2023-10-13,2023-09-26,3276 St Clair Ave E,Unity Health Toronto - Houses of Providence - HOP 4W - Oak & Willow,LTCH,Respiratory,436
N,,,COVID-19,None,2023-10-04,2023-09-26,541 Finch Ave W,Valleyview Residence - Unit 2E,LTCH,Respiratory,437
N,,,Parainfluenza,None,2023-10-15,2023-09-26,40 Playfair Ave,"Villa Colombo - 2 Fusco North, South & West",LTCH,Respiratory,438
N,,,COVID-19,None,2023-10-06,2023-09-26,40 Playfair Ave,Villa Colombo Homes for the Aged - 2 Fusco South,LTCH,Respiratory,439
N,,,COVID-19,None,2023-10-01,2023-09-26,82 Buttonwood Ave,West Park Healthcare Centre - 3WF,Hospital-Chronic Care,Respiratory,440
N,,,COVID-19,None,2023-10-01,2023-09-25,3560 Bathurst St,Baycrest Hospital - 4 West,Hospital-Chronic Care,Respiratory,441
N,,,Unable to identify,None,2023-10-12,2023-09-25,150 Dunn Ave,Lakeside Long Term Care Centre - 2nd Fl,LTCH,Respiratory,442
N,,,COVID-19,None,2023-10-16,2023-09-25,2881 Eglinton Ave E,McCowan Retirement Residence - 2nd & 3rd Fl,Retirement Home,Respiratory,443
N,,,COVID-19,None,2023-10-08,2023-09-24,285 Cummer Ave,Sunnybrook Health Sciences Centre - St. John's Rehab - A3,Hospital-Chronic Care,Respiratory,444
N,,,Enterovirus/Rhinovirus,None,2023-10-02,2023-09-24,82 Buttonwood Ave,West Park Healthcare Centre - 2EA,Hospital-Chronic Care,Respiratory,445
N,,,COVID-19,None,2023-11-08,2023-09-23,2245 Lawrence Ave West,The Village of Humber Heights,Retirement Home,Respiratory,446
N,,,Parainfluenza,Rhinovirus,2023-10-10,2023-09-22,9 Neilson Rd,Seven Oaks - 1st & 2nd Fl,LTCH,Respiratory,447
N,,,COVID-19,None,2023-10-04,2023-09-22,1020 McNicoll Ave,Tendercare Living Centre - 2 West & 2 East,LTCH,Respiratory,448
N,,,COVID-19,None,2023-10-12,2023-09-22,130 Dunn Ave,University Health Network - Bickle Centre - South 5,Hospital-Chronic Care,Respiratory,449
N,,,COVID-19,None,2023-10-05,2023-09-21,4251 Dundas St W,Kingsway,Retirement Home,Respiratory,450
N,,,COVID-19,None,2023-10-01,2023-09-20,3560 Bathurst St,Baycrest Hospital - H7W,Hospital-Chronic Care,Respiratory,451
N,,,COVID-19,None,2023-10-04,2023-09-20,60 Richview Rd,Ukrainian Canadian Care Centre - 4th Fl,LTCH,Respiratory,452
N,,,Enterovirus/Rhinovirus,None,2023-09-30,2023-09-19,3560 Bathurst St,Baycrest Apotex Centre - Jewish Home For The Aged - 4GS,LTCH,Respiratory,453
N,,,COVID-19,None,2023-09-29,2023-09-19,95 Humber College Blvd,Humber Valley Terrace - 3 Fl,LTCH,Respiratory,454
N,,,Rhinovirus,None,2023-10-30,2023-09-19,25 Brunswick Ave,Kensington Gardens - The Kensington Health Centre - S-2E & S-2W,LTCH,Respiratory,455
N,,,COVID-19,None,2023-10-06,2023-09-19,718 Sheppard Ave,L'Chaim Retirement Homes,Retirement Home,Respiratory,456
N,,,COVID-19,None,2023-09-26,2023-09-19,33 Christie St,The O'Neill Centre - 2nd Fl,LTCH,Respiratory,457
N,,,Unable to identify,None,2023-09-23,2023-09-19,262 St Clair Ave W,The Russell Hill Retirement Residence - 2nd Fl,Retirement Home,Respiratory,458
N,,,COVID-19,None,2023-09-25,2023-09-19,101 Humber College Blvd,William Osler Health System - 9W,Hospital-Acute Care,Respiratory,459
N,,,COVID-19,None,2023-09-28,2023-09-18,221 Milner Ave,Bayshore - 6th Fl,LTCH,Respiratory,460
N,,,COVID-19,None,2023-10-10,2023-09-18,111 Ave Rd,Hazelton Place Retirement Residence,Retirement Home,Respiratory,461
N,,,Unable to identify,None,2023-09-25,2023-09-18,4650 Eglinton Ave W,Parkland On Eglinton West - 2nd Fl,Retirement Home,Respiratory,462
N,,,Rhinovirus,None,2023-09-23,2023-09-18,15 Summerland Terr,Tapestry At Village Gate West - 3rd Fl,Retirement Home,Respiratory,463
N,,,COVID-19,None,2023-09-27,2023-09-18,399 Bathurst St,University Health Network - Toronto Western - 5B,Hospital-Acute Care,Respiratory,464
N,,,Enterovirus/Rhinovirus,None,2023-09-27,2023-09-18,82 Buttonwood Ave,West Park Healthcare Centre - 3WD,Hospital-Chronic Care,Respiratory,465
N,,,COVID-19,None,2023-10-11,2023-09-18,60 Scottfield Dr,Yee Hong Centre - Scarborough Finch - 5th & 6th Fl,LTCH,Respiratory,466
N,,,COVID-19,None,2023-09-26,2023-09-17,77 Dunfield Ave,The Dunfield Retirement Residence - Ground Fl (Dining Rm),Retirement Home,Respiratory,467
N,,,Unable to identify,None,2023-09-26,2023-09-17,2245 Lawrence Ave W,The Village of Humber Heights - Weston Unit,LTCH,Respiratory,468
N,,,Coronavirus*,Rhinovirus,2023-10-02,2023-09-16,138 Dowling Ave,Chartwell White Eagle Long Term Care Residence - 4th Fl,LTCH,Respiratory,469
N,,,COVID-19,None,2023-09-25,2023-09-16,101 Humber College Blvd,William Osler Health System - 9E,Hospital-Acute Care,Respiratory,470
N,,,COVID-19,None,2023-10-03,2023-09-15,351 Christie St,Castleview Wychwood Towers - 5th & 6th Fl,LTCH,Respiratory,471
N,,,COVID-19,None,2023-10-17,2023-09-15,40 Bell Estate Rd,Ina Grafton Gage Home,LTCH,Respiratory,472
N,,,COVID-19,None,2023-09-22,2023-09-15,1400 Kennedy Rd,Kennedy Lodge - Scarborough - 3 North,LTCH,Respiratory,473
N,,,Rhinovirus,None,2023-09-29,2023-09-15,2075 Bayview Ave,Sunnybrook Health Sciences Centre - Sunnybrook Veterans Centre - LSSE,LTCH,Respiratory,474
N,,,Rhinovirus,None,2023-09-18,2023-09-15,541 Finch Ave W,Valleyview Residence - 2E,LTCH,Respiratory,475
N,,,Rhinovirus,None,2023-09-18,2023-09-14,3560 Bathurst St,Baycrest Apotex Centre - Jewish Home For The Aged - 3EI,LTCH,Respiratory,476
N,,,Rhinovirus,None,2023-09-25,2023-09-14,66 Roncesvalles Ave,Copernicus Lodge - 4 North,LTCH,Respiratory,477
N,,,COVID-19,None,2023-10-10,2023-09-14,450 Rustic Rd,North Park Nursing Home,LTCH,Respiratory,478
N,,,COVID-19,None,2023-09-26,2023-09-13,300 Silver Star Blvd,Carefirst Transitional Care Centre - 3rd Fl,Transitional Care,Respiratory,479
N,,,COVID-19,None,2023-10-10,2023-09-13,14 Cross St,Fairview Nursing Home,LTCH,Respiratory,480
N,,,COVID-19,None,2023-09-25,2023-09-13,1-3 Kenton Dr,One Kenton Place,LTCH,Respiratory,481
N,,,COVID-19,None,2023-09-26,2023-09-13,40 Playfair Ave,Villa Colombo Homes for the Aged - 4th Fl North & South (Fusco Building),LTCH,Respiratory,482
N,,,COVID-19,None,2023-09-18,2023-09-13,101 Humber College Blvd,William Osler Health System - 6W Medicine Unit,Hospital-Acute Care,Respiratory,483
N,,,COVID-19,None,2023-10-06,2023-09-12,55 Belmont St,Belmont House - 2E & 4WW,LTCH,Respiratory,484
N,,,COVID-19,None,2023-09-22,2023-09-12,1925 Steeles Ave E,Chartwell Gibson Long Term Care Residence - 1st Fl,LTCH,Respiratory,485
N,,,COVID-19,None,2023-10-04,2023-09-12,15 Summerland Terr,Tapestry at Village Gate West,Retirement Home,Respiratory,486
N,,,Rhinovirus,None,2023-10-04,2023-09-12,400 The West Mall,Wesburn Manor - Unit 2S & 2N,LTCH,Respiratory,487
N,,,COVID-19,None,2023-09-25,2023-09-11,92 Island Rd,Altamont Care Community - Wing 4,LTCH,Respiratory,488
N,,,COVID-19,None,2023-09-28,2023-09-11,2100 Bloor St W,"Chartwell Grenadier Retirement Residence - Units B4, B3 & C5",Retirement Home,Respiratory,489
N,,,COVID-19,None,2023-10-02,2023-09-11,550 Cummer Ave,Extendicare Bayview - 1st Fl South & East Wing,LTCH,Respiratory,490
N,,,Rhinovirus,None,2023-10-05,2023-09-11,77 Main St,Main Street Terrace - 2nd & 3rd Fl,LTCH,Respiratory,491
N,,,Rhinovirus,None,2023-09-23,2023-09-11,2075 Bayview Ave,Sunnybrook Health Sciences Centre - LGSE,LTCH,Respiratory,492
N,,,Rhinovirus,Respiratory syncytial virus,2023-10-10,2023-09-11,2311 McNicoll Ave,Yee Hong Centre - McNicoll Site - Ground & 5th Fl,LTCH,Respiratory,493
N,,,Rhinovirus,None,2023-09-29,2023-09-09,1195 Queen St E,The Heritage Nursing Home - 2nd Fl,LTCH,Respiratory,494
N,,,Rhinovirus,None,2023-09-21,2023-09-08,420 The East Mall,Eatonville Care Centre - Unit 5,LTCH,Respiratory,495
N,,,COVID-19,None,2023-10-03,2023-09-08,1195 Queen St E,The Heritage Nursing Home - 3rd & 4th Fl,LTCH,Respiratory,496
N,,,COVID-19,None,2023-09-17,2023-09-07,1001 Queen St West,Centre for Addiction and Mental Health - Queen Street Site - PRT 5,Hospital-Psychiatric,Respiratory,497
N,,,Rhinovirus,None,2023-09-22,2023-09-07,2075 Bayview Ave,Sunnybrook Veterans Centre - LSSW Veterans,LTCH,Respiratory,498
N,,,Rhinovirus,None,2023-09-15,2023-09-06,3560 Bathurst St,Baycrest Apotex Centre - Jewish Home for the Aged - 2RF,LTCH,Respiratory,499
N,,,Rhinovirus,None,2023-09-22,2023-09-06,1 Northwestern Ave,Harold and Grace Baker Centre - A Wing,LTCH,Respiratory,500
N,,,COVID-19,None,2023-09-15,2023-09-05,52 McMurrich St,Belmont House,Retirement Home,Respiratory,501
N,,,Enterovirus/Rhinovirus,None,2023-10-02,2023-09-05,55 Belmont St,Belmont House - 4WW,LTCH,Respiratory,502
N,,,COVID-19,None,2023-09-19,2023-09-05,306 Finch Ave E,Carefree Lodge - 2nd Fl,LTCH,Respiratory,503
N,,,Unable to identify,None,2023-09-19,2023-09-05,1001 Queen Ave W,Centre For Addiction And Mental Health - Unit 1 & 2,Hospital-Psychiatric,Respiratory,504
N,,,COVID-19,None,2023-09-22,2023-09-05,61 Fairfax Cres,"Presentation Manor - 1st, 3rd & 4th Fl",Retirement Home,Respiratory,505
N,,,COVID-19,None,2023-09-26,2023-09-05,140 Sherway Drive,Trillium Health Partners - McCall Continuing Care - 3rd Fl,Hospital-Chronic Care,Respiratory,506
N,,,Unable to identify,None,2023-09-14,2023-09-05,1145 Albion Rd,Westside - 4 Fl,LTCH,Respiratory,507
N,,,Rhinovirus,None,2023-09-22,2023-09-04,2920 Lawrence Ave E,Bendale Acres - 4 Fl,LTCH,Respiratory,508
N,,,COVID-19,None,2023-10-04,2023-09-03,130 Midland Ave,Midland Gardens Care Community - 2nd & 5th Fl,LTCH,Respiratory,509
N,,,Rhinovirus,None,2023-09-21,2023-09-01,155 Millwood Rd,Isabel and Arthur Meighen Manor - 2nd & 3rd Fl,LTCH,Respiratory,510
N,,,COVID-19,None,2023-09-11,2023-09-01,4001 Leslie St,North York General Hospital - General Site - 7N,Hospital-Acute Care,Respiratory,511
N,,,COVID-19,None,2023-10-02,2023-09-01,3015 Lawrence Ave E,Rockcliffe Care Community - 2nd & 3rd Fl,LTCH,Respiratory,512
N,,,COVID-19,None,2023-09-15,2023-09-01,59 Lawson Rd,Tony Stacey Centre for Veterans' Care - 2nd Fl,LTCH,Respiratory,513
N,,,COVID-19,None,2023-09-27,2023-09-01,541 Finch Ave W,"Valleyview Residence - 2E, 3W, 4W, & 4E",LTCH,Respiratory,514
N,,,Rhinovirus,None,2023-09-11,2023-08-31,3555 Danforth Ave,Chester Village - 2W,LTCH,Respiratory,515
N,,,COVID-19,None,2023-09-13,2023-08-31,2109 Finch Ave W,Humber Meadows Long Term Care Home,LTCH,Respiratory,516
N,,,Rhinovirus,None,2023-09-09,2023-08-31,14 William Morgan Dr,Leaside - 2nd & 4th Fl,Retirement Home,Respiratory,517
N,,,Rhinovirus,None,2023-09-13,2023-08-31,33 Christie St,The O'Neill Centre - 5th Fl,LTCH,Respiratory,518
N,,,COVID-19,None,2023-09-12,2023-08-30,351 Christie St,Castleview Wychwood Towers - 7C,LTCH,Respiratory,519
N,,,COVID-19,None,2023-09-12,2023-08-30,111 Ave Rd,Hazelton Place Retirement Residence,Retirement Home,Respiratory,520
N,,,COVID-19,None,2023-09-06,2023-08-29,30 The Queensway,Unity Health Toronto - St. Joseph's - 6G,Hospital-Acute Care,Respiratory,521
N,,,Rhinovirus,None,2023-09-21,2023-08-28,10 Senlac Rd,Chartwell Lansing Retirement Residence - 2nd & 3rd Fl,Retirement Home,Respiratory,522
N,,,COVID-19,None,2023-09-15,2023-08-28,10 Senlac Rd,Chartwell Lansing Retirement Residence - 2nd & 3rd Fl,Retirement Home,Respiratory,523
N,,,Rhinovirus,None,2023-09-08,2023-08-28,1860 Lawrence Ave,The Wexford - 5th Fl,LTCH,Respiratory,524
N,,,COVID-19,None,2023-09-19,2023-08-26,70 Humberline Dr,Deerwood Creek Care Community - 3rd Fl,LTCH,Respiratory,525
N,,,Unable to identify,None,2023-09-05,2023-08-26,5 Resurrection Rd,Labdara Lithuanian Nursing Home - 2nd Fl,LTCH,Respiratory,526
N,,,COVID-19,None,2023-09-07,2023-08-25,2245 Lawrence Ave W,The Village of Humber Heights - Brule & Lambton Neighborhoods,LTCH,Respiratory,527
N,,,Rhinovirus,None,2023-09-19,2023-08-24,429 Walmer Rd,Cedarvale Terrace - 4th & 6th Fl,LTCH,Respiratory,528
N,,,COVID-19,None,2023-08-25,2023-08-23,5935 Bathurst St,Cheltenham Care Community - 2nd Fl,LTCH,Respiratory,529
N,,,Rhinovirus,None,2023-09-05,2023-08-22,2030 McNicoll Ave,Mon Sheong Foundation - 4th Fl,LTCH,Respiratory,530
N,,,COVID-19,None,2023-09-06,2023-08-21,520 Markham Rd,Cedarbrook Lodge TCU - 6th Fl,Transitional Care,Respiratory,531
N,,,Rhinovirus,None,2023-09-07,2023-08-21,66 Roncesvalles Ave,"Copernicus Lodge - 2S, 3S & 4S",LTCH,Respiratory,532
N,,,Rhinovirus,None,2023-09-06,2023-08-21,551 Conlins Rd,Extendicare Rouge Valley - Cedar Ridge House - 2nd Fl,LTCH,Respiratory,533
N,,,COVID-19,None,2023-08-28,2023-08-21,3560 Bathurst St,The Jewish Home for the Aged - 5 South,LTCH,Respiratory,534
N,,,Unable to identify,None,2023-09-07,2023-08-20,2109 Finch Ave W,Humber Meadows Long-Term Care Home - 4th Fl,LTCH,Respiratory,535
N,,,Unable to identify,None,2023-08-28,2023-08-19,1001 Queen St W,Centre for Addiction and Mental Health - Queen Site - Unit CCC 4,Hospital-Psychiatric,Enteric,536
N,,,COVID-19,None,2023-08-28,2023-08-18,2920 Lawrence Ave E,Bendale Acres - 1st Fl,LTCH,Respiratory,537
N,,,COVID-19,None,2023-08-28,2023-08-18,645 Castlefield Ave,Forest Hill Place - 7th Fl,Retirement Home,Respiratory,538
N,,,COVID-19,None,2023-08-25,2023-08-18,2233 Kipling Ave,Kipling Acres - 2N CL Unit,LTCH,Respiratory,539
N,,,COVID-19,None,2023-08-28,2023-08-18,305 Balliol St,The Claremont - 2nd Fl,Retirement Home,Respiratory,540
N,,,COVID-19,None,2023-08-28,2023-08-18,399 Bathurst St,University Health Network - Toronto Western - 9A,Hospital-Acute Care,Respiratory,541
N,,,Rhinovirus,None,2023-08-26,2023-08-16,3555 Danforth Ave,Chester Village - 4E,LTCH,Respiratory,542
N,,,COVID-19,None,2023-08-23,2023-08-16,420 The East Mall,Eatonville Care Centre - 2nd Fl,LTCH,Respiratory,543
N,,,Rhinovirus,None,2023-08-23,2023-08-16,40 Bell Estate Rd,Ina Grafton Gage Home - Unit 1,LTCH,Respiratory,544
N,,,Parainfluenza,Rhinovirus,2023-09-05,2023-08-16,40 Playfair Ave,Villa Colombo Homes For The Aged Inc. - Fusco (4th & 5th Fl),LTCH,Respiratory,545
N,,,Parainfluenza,None,2023-09-20,2023-08-15,25 Brunswick Ave,The Kensington Gardens South - S-3E & S-3W,LTCH,Respiratory,546
N,,,COVID-19,None,2023-09-09,2023-08-14,55 Belmont St,Belmont House - 3 Walker Wing,LTCH,Respiratory,547
N,,,Rhinovirus,None,2023-08-24,2023-08-14,495 The West Mall,Chartwell Westbury Long Term Care Residence - 8th Fl,LTCH,Respiratory,548
N,,,Enterovirus/Rhinovirus,None,2023-08-30,2023-08-14,205 Cummer Ave,"Cummer Lodge - 2N, 3S & 4S",LTCH,Respiratory,549
N,,,Rhinovirus,None,2023-09-05,2023-08-14,420 The East Mall,Eatonville Care Centre - 5 Fl,LTCH,Respiratory,550
N,,,Coronavirus*,None,2023-08-24,2023-08-14,1800 O'Connor Dr,Fountain View Care Community - 3A,LTCH,Respiratory,551
N,,,COVID-19,None,2023-08-23,2023-08-14,2045 Finch Ave W,Hawthorne Place Care Centre - 3rd Fl - Pine 3 East Wing,LTCH,Respiratory,552
N,,,Rhinovirus,None,2023-08-31,2023-08-14,111 Avenue Rd,Hazelton Place Retirement Residence,LTCH,Respiratory,553
N,,,Unable to identify,None,2023-08-23,2023-08-14,59 Lawson Rd,Tony Stacey Centre for Veterans Care - 1st Fl North Wing,LTCH,Respiratory,554
N,,,Rhinovirus,None,2023-08-25,2023-08-14,1145 Albion Rd,Westside - 2nd & 3rd Fl,LTCH,Respiratory,555
N,,,COVID-19,None,2023-08-29,2023-08-14,60 Scottfield Dr,Yee Hong Centre - Scarborough Finch - 6th Fl,LTCH,Respiratory,556
N,,,COVID-19,None,2023-08-31,2023-08-13,22 Norfinch Dr,Norfinch Care Community - 2B,LTCH,Respiratory,557
N,,,Unable to identify,None,2023-08-18,2023-08-11,1001 Queen St W,Centre for Addiction And Mental Health - Queen Site - PRT5,Hospital-Psychiatric,Respiratory,558
N,,,Unable to identify,None,2023-08-15,2023-08-11,1001 Queen St W,Centre for Addiction And Mental Health - Queen Site - Unit CCC 3,Hospital-Psychiatric,Enteric,559
N,,,Rhinovirus,None,2023-08-21,2023-08-11,140 Sherway Dr,McCall Centre - Interim LTC Unit,LTCH,Respiratory,560
N,,,COVID-19,None,2023-08-18,2023-08-10,10 Senlac Rd,Chartwell Lansing Retirement Residence - 2nd & 3rd Fl,Retirement Home,Respiratory,561
N,,,COVID-19,None,2023-08-29,2023-08-10,2311 McNicoll Ave,Yee Hong Centre for Geriatric Care - 4th Fl,LTCH,Respiratory,562
N,,,COVID-19,None,2023-08-29,2023-08-09,84 Davisville Ave,Meighen Retirement Residence,Retirement Home,Respiratory,563
N,,,Unable to identify,None,2023-08-15,2023-08-09,40 Playfair Ave,Villa Colombo - 2nd Fl (Fidani),LTCH,Respiratory,564
N,,,COVID-19,None,2023-08-30,2023-08-08,205 Cummer Ave,Cummer Lodge - 2N & 3S,LTCH,Respiratory,565
N,,,Metapneumovirus,None,2023-08-16,2023-08-08,40 Old Kingston Rd,Ehatare Nursing Home - 4th Fl,LTCH,Respiratory,566
N,,,Unable to identify,None,2023-08-17,2023-08-08,221 Milner Ave,Sts. Peter and Paul Residence - 4th Fl,Retirement Home,Respiratory,567
N,,,Rhinovirus,None,2023-08-16,2023-08-08,2075 Bayview Ave,Sunnybrook Health Sciences Centre - Sunnybrook Veterans' Centre - LTSW,LTCH,Respiratory,568
N,,,COVID-19,None,2023-08-16,2023-08-07,147 Elder St,Sage Care Retirement Home - 3rd Fl ABC Unit,Retirement Home,Respiratory,569
N,,,Rhinovirus,None,2023-08-14,2023-08-06,1066 Avenue Rd,Amica On The Avenue - 3rd Fl,Retirement Home,Respiratory,570
N,,,Rhinovirus,Enterovirus,2023-08-19,2023-08-06,340 McCowan Rd,Chartwell Trilogy Long Term Care Residence - 5th Fl,LTCH,Respiratory,571
N,,,Unable to identify,None,2023-08-15,2023-08-06,2 Green Belt Dr,Don Mills Retirement Residence - 4th & 6th Fl,Retirement Home,Respiratory,572
N,,,Respiratory syncytial virus,None,2023-08-14,2023-08-04,1860 Lawrence Ave E,The Wexford - 4th Fl,LTCH,Respiratory,573
N,,,Norovirus,None,2023-08-20,2023-08-03,66 Roncesvalles Ave,Copernicus Lodge - 1st Fl,LTCH,Enteric,574
N,,,COVID-19,None,2023-08-17,2023-08-03,399 Bathurst St,University Health Network - Toronto Western - 8A,Hospital-Acute Care,Respiratory,575
N,,,Rhinovirus,None,2023-08-10,2023-08-02,450 Rustic Rd,North Park Nursing Home - 2nd Fl,LTCH,Respiratory,576
N,,,Rhinovirus,None,2023-08-09,2023-08-01,1800 O'Connor Dr,Harmony Hills Care Community - 3B,LTCH,Respiratory,577
N,,,COVID-19,None,2023-08-15,2023-08-01,3015 Lawrence Ave E,Rockcliffe Care Community - 2nd Fl,LTCH,Respiratory,578
N,,,Unable to identify,None,2023-08-08,2023-07-31,3830 Lawrence Ave E,Extendicare Scarborough,LTCH,Respiratory,579
N,,,Rhinovirus,None,2023-08-21,2023-07-31,2045 Finch Ave W,Hawthorne Place Care Centre - 2nd & 3rd Fl,LTCH,Respiratory,580
N,,,Rhinovirus,Parainfluenza,2023-08-21,2023-07-31,130 Midland Ave,Midland Gardens Care Community - 2nd & 4th Fl,LTCH,Respiratory,581
N,,,Parainfluenza,Rhinovirus,2023-08-22,2023-07-30,150 Dunn Ave,Lakeside Long Term Care Centre,LTCH,Respiratory,582
N,,,Rhinovirus,None,2023-08-15,2023-07-30,541 Finch Ave W,Valleyview Residence - 4 West,LTCH,Respiratory,583
N,,,Rhinovirus,None,2023-08-21,2023-07-29,2411 Lawrence Ave E,Hellenic Home For The Aged - Ground Fl Unit,LTCH,Respiratory,584
N,,,COVID-19,None,2023-08-11,2023-07-28,2045 Finch Ave W,Hawthorne Place Care Centre - 2nd Fl,LTCH,Respiratory,585
N,,,Rhinovirus,None,2023-08-08,2023-07-26,685 Finch Ave W,St. Bernard's Residence - 2nd & 3rd Fl,Retirement Home,Respiratory,586
N,,,COVID-19,None,2023-08-24,2023-07-25,551 Conlins Rd,Extendicare Rouge Valley - BSU,LTCH,Respiratory,587
N,,,COVID-19,None,2023-08-01,2023-07-25,1 Bridgepoint Dr,Sinai Health System - Hennick Bridgepoint - 9 North,Hospital-Chronic Care,Respiratory,588
N,,,Rhinovirus,None,2023-08-05,2023-07-24,14 Cross St,Fairview Nursing Home - 2nd Fl,LTCH,Respiratory,589
N,,,Enterovirus,Rhinovirus,2023-08-07,2023-07-23,306 Finch Ave E,Carefree Lodge,LTCH,Respiratory,590
N,,,Rhinovirus,None,2023-08-14,2023-07-23,2245 Lawrence Ave W,The Village Of Humber Heights - Wadsworth Neighborhood,LTCH,Respiratory,591
N,,,COVID-19,None,2023-07-31,2023-07-22,4 Teddington Park Ave,The Teddington - 5th Fl,Retirement Home,Respiratory,592
N,,,Rhinovirus,None,2023-08-04,2023-07-21,1145 Albion Rd,Westside - 4th Fl East Wing,LTCH,Respiratory,593
N,,,COVID-19,None,2023-08-04,2023-07-20,102 Craiglee Dr,"Craiglee Nursing Home - 2 East, 3 East & 3 West",LTCH,Respiratory,594
N,,,Enterovirus/Rhinovirus,None,2023-07-31,2023-07-20,3015 Lawrence Ave E,Rockcliffe Care Community - 3rd Fl,LTCH,Respiratory,595
N,,,Metapneumovirus,None,2023-08-04,2023-07-19,205 Cummer Ave,Cummer Lodge - 3rd Fl,LTCH,Respiratory,596
N,,,COVID-19,None,2023-08-16,2023-07-19,3830 Lawrence Ave E,Extendicare Scarborough,LTCH,Respiratory,597
N,,,Rhinovirus,Parainfluenza,2023-08-29,2023-07-19,25 Brunswick Ave,Kensington Gardens - The Kensington Health Centre - North Building,LTCH,Respiratory,598
N,,,COVID-19,None,2023-08-09,2023-07-19,265 Queens Dr,Queens Estate Retirement Residence - 3rd & 4th Fl,Retirement Home,Respiratory,599
N,,,Unable to identify,None,2023-07-23,2023-07-18,25 Brunswick Ave,Kensington Gardens - The Kensington Health Centre - 3rd Fl,LTCH,Enteric,600
N,,,COVID-19,None,2023-07-31,2023-07-17,2701 St Clair Ave East,St. Clair O'Connor Community Nursing Home - 3rd Fl,LTCH,Respiratory,601
N,,,COVID-19,None,2023-07-21,2023-07-17,101 Humber College Boulevard,William Osler Health System - 7E (Cardiology Unit),Hospital-Acute Care,Respiratory,602
N,,,COVID-19,None,2023-07-21,2023-07-14,2075 Bayview Avenue,Sunnybrook Health Sciences Centre - Bayview Campus - C6,Hospital-Acute Care,Respiratory,603
N,,,Parainfluenza PIV III,None,2023-08-02,2023-07-13,610 University Ave,UHN - Princess Margaret Hospital - 14A,Hospital-Acute Care,Respiratory,604
N,,,Parainfluenza,None,2023-08-02,2023-07-12,550 Cummer Ave,Extendicare Bayview - South & East Unit,LTCH,Respiratory,605
N,,,Unable to identify,None,2023-07-19,2023-07-12,1800 O'Connor Dr,Fountainview Care Community - 3rd Fl,LTCH,Enteric,606
N,,,Influenza A (Not subtyped),None,2023-07-22,2023-07-12,55 Ameer Ave,Terraces of Baycrest,Retirement Home,Respiratory,607
N,,,COVID-19,None,2023-07-26,2023-07-11,550 Cummer Ave,Extendicare Bayview - East & South Units,LTCH,Respiratory,608
N,,,COVID-19,None,2023-07-24,2023-07-11,400 The West Mall,Wesburn Manor - 2 South,LTCH,Respiratory,609
N,,,COVID-19,None,2023-08-11,2023-07-11,2005 Lawrence Ave W,Weston Terrace Care Community - 1A & 2A,LTCH,Respiratory,610
N,,,COVID-19,None,2023-07-20,2023-07-10,2030 McNicoll Ave,Mon Sheong Scarborough Long Term Care Centre - 4th Fl (SPH Unit),LTCH,Respiratory,611
N,,,Rhinovirus,None,2023-07-24,2023-07-09,130 Midland Ave,Midland Gardens Care Community - 3rd Fl South,LTCH,Respiratory,612
N,,,COVID-19,None,2023-08-03,2023-07-08,55 Belmont St,Belmont House - 5WW,LTCH,Respiratory,613
N,,,Parainfluenza,None,2023-08-03,2023-07-07,40 Playfair Ave,Villa Colombo - Unit 5 Fidani,LTCH,Respiratory,614
N,,,Parainfluenza,None,2023-07-21,2023-07-05,1860 Lawrence Ave E,The Wexford - 6th & 7th Fl,LTCH,Respiratory,615
N,,,Metapneumovirus,None,2023-07-16,2023-07-04,45 Brunswick Ave,Kensington Gardens - 1W (North),LTCH,Respiratory,616
N,,,Rhinovirus,None,2023-07-22,2023-07-04,5 Resurrection Rd,Labdara Lithuanian Nursing Home - Unit 2,LTCH,Respiratory,617
N,,,Unable to identify,None,2023-07-13,2023-07-04,2701 St Clair Ave E,St. Clair O'Connor Community Nursing Home - 3rd Fl,LTCH,Enteric,618
N,,,Enterovirus/Rhinovirus,None,2023-07-20,2023-07-03,2 Buchan Crt,North York General Hospital - Seniors' Health Centre - 1st & 2nd Fl,LTCH,Respiratory,619
N,,,COVID-19,None,2023-07-12,2023-07-01,2030 McNicoll Ave,Mon Sheong Scarborough Long Term Care Centre - 2nd Fl South,LTCH,Respiratory,620
N,,,COVID-19,None,2023-07-12,2023-06-30,4180 Dundas Street W,Delmanor Prince Edward - 4th Fl,Retirement Home,Respiratory,621
N,,,COVID-19,None,2023-07-27,2023-06-30,551 Conlins Rd,"Extendicare Rouge Valley - Morish House, 3rd Fl Unit",LTCH,Respiratory,622
N,,,Coronavirus*,None,2023-07-08,2023-06-30,2075 Bayview Ave,Sunnybrook Health Sciences Centre - Sunnybrook Veterans Centre - LFSE & LFSW,LTCH,Respiratory,623
N,,,COVID-19,None,2023-07-06,2023-06-29,399 Bathurst Street,University Health Network - Toronto Western - 8B,Hospital-Acute Care,Respiratory,624
N,,,Unable to identify,None,2023-07-06,2023-06-28,2121 Kingston Rd,Retirement Suites By The Lake - 2nd Fl,Retirement Home,Respiratory,625
N,,,Metapneumovirus,None,2023-07-05,2023-06-27,45 Brunswick Ave,Kensington Gardens - The Kensington Health Centre - Unit 2,LTCH,Respiratory,626
N,,,COVID-19,None,2023-07-05,2023-06-27,625 Runnymede Road,Runnymede Healthcare Centre - 3 East,Hospital-Chronic Care,Respiratory,627
N,,,COVID-19,None,2023-07-09,2023-06-27,3560 Bathurst St,The Jewish Home for the Aged - 5EI,LTCH,Respiratory,628
N,,,Parainfluenza,None,2023-07-06,2023-06-26,1400 Kennedy Rd,Kennedy Lodge - 2 North,LTCH,Respiratory,629
N,,,COVID-19,None,2023-07-03,2023-06-26,625 Runnymede Road,Runnymede Healthcare Centre - 4E,Hospital-Chronic Care,Respiratory,630
N,,,Enterovirus,Rhinovirus,2023-07-04,2023-06-26,40 Playfair Ave,Villa Colombo Homes for the Aged - 2 Fusco North,LTCH,Respiratory,631
N,,,COVID-19,None,2023-07-08,2023-06-25,19 Rean Dr,Amica Bayview Gardens - 3rd Fl,Retirement Home,Respiratory,632
N,,,COVID-19,None,2023-07-04,2023-06-23,3276 St Clair Ave E,Unity Health Toronto - Houses of Providence - HOP 1 East - Redwood,LTCH,Respiratory,633
N,,,Parainfluenza,None,2023-07-14,2023-06-21,1020 Mcnicoll Ave,Tendercare Living Centre - 2 East & 3rd Fl,LTCH,Respiratory,634
N,,,Coronavirus*,None,2023-06-27,2023-06-17,340 McCowan Rd,Chartwell Trilogy Long Term Care Residence - 7th Fl,LTCH,Respiratory,635
N,,,Unable to identify,None,2023-06-26,2023-06-17,2109 Finch Ave W,Humber Meadows Long-Term Care Home - 4th Fl Cardinal North Unit,LTCH,Enteric,636
N,,,COVID-19,None,2023-06-22,2023-06-16,3276 St. Clair Ave E,Unity Health Toronto - Providence - B4,Hospital-Chronic Care,Respiratory,637
N,,,COVID-19,None,2023-07-04,2023-06-16,40 Playfair Ave,"Villa Colombo Homes for the Aged - 2 Fusco West, South & North",LTCH,Respiratory,638
N,,,COVID-19,None,2023-07-01,2023-06-15,1000 Ellesmere Rd,Fieldstone Commons Care Community - 2A,LTCH,Respiratory,639
N,,,COVID-19,None,2023-06-27,2023-06-15,3276 St. Clair Ave E,Unity Health Toronto - Houses of Providence - HOP 1NE - Birch,LTCH,Respiratory,640
N,,,Rhinovirus,Enterovirus,2023-07-05,2023-06-14,8 The Donway E,Donway Place - 3rd & 4th Fl,Retirement Home,Respiratory,641
N,,,COVID-19,None,2023-07-13,2023-06-13,148 Markham Rd,"Scarborough Retirement Residence - 2nd, 3rd, 6th & 7th Fl",Retirement Home,Respiratory,642
N,,,COVID-19,None,2023-06-26,2023-06-12,65 Livingston Rd,Chartwell Guildwood Retirement Residence - 2nd Fl (Memory Living),Retirement Home,Respiratory,643
N,,,COVID-19,None,2023-06-20,2023-06-10,3276 St Clair Ave E,Unity Health Toronto - Houses of Providence - HOP 2NW - Pine,LTCH,Respiratory,644
N,,,COVID-19,None,2023-06-15,2023-06-09,3276 St Clair Ave E,Unity Health Toronto - Houses of Providence - HOP 2E - Spruce,LTCH,Respiratory,645
N,,,COVID-19,None,2023-06-28,2023-06-09,2005 Lawrence Ave W,Weston Terrace Care Community - 3A,LTCH,Respiratory,646
N,,,COVID-19,None,2023-06-28,2023-06-08,4180 Dundas Street W,Delmanor Prince Edward - 3rd & 5th Fl,Retirement Home,Respiratory,647
N,,,COVID-19,None,2023-06-21,2023-06-07,8 The Donway E,Donway Place - North York - 2nd & 3rd Fl,Retirement Home,Respiratory,648
N,,,Influenza A (H1N1),None,2023-06-27,2023-06-07,420 The East Mall,Eatonville Care Centre,LTCH,Respiratory,649
N,,,COVID-19,None,2023-07-20,2023-06-07,22 Norfinch Dr,"Norfinch Care Community - Unit 1A, 2A, 2B & 3A",LTCH,Respiratory,650
N,,,Unable to identify,None,2023-06-12,2023-06-05,55 Belmont St,Belmont House - 4WW,LTCH,Enteric,651
N,,,COVID-19,None,2023-06-16,2023-06-05,1800 O'Connor Drive,Harmony Hills Care Community - 1A (Melody Lane) & 3A (Rainbow Valley),LTCH,Respiratory,652
N,,,Rhinovirus,None,2023-06-12,2023-06-05,148 Markham Rd,Scarborough Retirement Residence - 4th Fl,Retirement Home,Respiratory,653
N,,,COVID-19,None,2023-06-16,2023-06-05,3276 St Clair Ave E,Unity Health Toronto - Houses of Providence - HOP 2E - Chestnut,LTCH,Respiratory,654
N,,,COVID-19,None,2023-06-14,2023-06-04,1020 McNicoll Ave,McNicoll Manor/Moll Berczy Haus - 4 West,Retirement Home,Respiratory,655
N,,,COVID-19,None,2023-06-15,2023-06-03,40 Bell Estate Rd,Ina Grafton Gage Home - 2nd Fl,LTCH,Respiratory,656
N,,,COVID-19,None,2023-06-12,2023-06-02,439 Sherbourne St,Fudger House - 2 West,LTCH,Respiratory,657
N,,,COVID-19,None,2023-06-08,2023-06-01,60 Scottfield Dr,"Yee Hong Centre - Scarborough Finch - 5th Fl, South",LTCH,Respiratory,658
N,,,COVID-19,None,2023-06-20,2023-05-31,52 Neilson Drive,Dom Lipa - West 1 & West 2,LTCH,Respiratory,659
N,,,Coronavirus*,None,2023-06-10,2023-05-31,3830 Lawrence Ave E,Extendicare Scarborough - 1st & 2nd Fl,LTCH,Respiratory,660
N,,,COVID-19,None,2023-06-22,2023-05-31,59 Lawson Rd,Tony Stacey Centre for Veterans' Care,LTCH,Respiratory,661
N,,,Parainfluenza PIV III,None,2023-06-15,2023-05-31,610 University Ave,UHN - Princess Margaret Hospital - 15B,Hospital-Acute Care,Respiratory,662
N,,,COVID-19,None,2023-06-19,2023-05-30,351 Christie St,Castleview Wychwood Towers - 5th Fl,LTCH,Respiratory,663
N,,,COVID-19,None,2023-06-09,2023-05-30,30 The Queensway,Unity Health Toronto - St. Joseph's - 6G,Hospital-Acute Care,Respiratory,664
N,,,COVID-19,None,2023-06-06,2023-05-30,200 Church Street,William Osler Health System - RCC Church - 5th Fl,Transitional Care,Respiratory,665
N,,,COVID-19,None,2023-06-27,2023-05-29,429 Walmer Road,Cedarvale Terrace - 3rd & 5th Fl,LTCH,Respiratory,666
N,,,COVID-19,None,2023-06-07,2023-05-29,625 Runnymede Road,Runnymede Healthcare Centre - 3 East,Hospital-Chronic Care,Respiratory,667
N,,,COVID-19,None,2023-06-14,2023-05-28,4001 Leslie Street,North York General Hospital - General Site - 5 West,Hospital-Acute Care,Respiratory,668
N,,,COVID-19,None,2023-06-03,2023-05-27,55 Ameer Ave,Terraces of Baycrest - 6th Fl,LTCH,Respiratory,669
N,,,COVID-19,None,2023-06-03,2023-05-27,30 The Queensway,Unity Health Toronto - St. Joseph's - 4M,Hospital-Acute Care,Respiratory,670
N,,,Unable to identify,None,2023-06-04,2023-05-26,520 Markham Rd,Cedarbrook Lodge Retirement Residence - 2nd Fl,Retirement Home,Respiratory,671
N,,,COVID-19,None,2023-06-22,2023-05-26,35 Elm Grove Ave,Elm Grove Living Centre - 1st Fl,LTCH,Respiratory,672
N,,,Coronavirus*,Respiratory syncytial virus,2023-06-19,2023-05-26,1195 Queen St E,The Heritage Nursing Home - 2nd Fl,LTCH,Respiratory,673
N,,,COVID-19,None,2023-06-01,2023-05-26,3276 St. Clair Avenue East,Unity Health Toronto - Providence - D3,Hospital-Chronic Care,Respiratory,674
N,,,COVID-19,None,2023-06-16,2023-05-25,3015 Lawrence Ave E,Rockcliffe Care Community - 1st Fl,LTCH,Respiratory,675
N,,,Norovirus,None,2023-06-06,2023-05-24,55 Belmont St,Belmont House,Retirement Home,Enteric,676
N,,,COVID-19,None,2023-06-03,2023-05-24,2 Buchan Crt,North York General Hospital - Seniors' Health Centre - 3rd Fl,LTCH,Respiratory,677
N,,,COVID-19,None,2023-06-02,2023-05-23,1001 Queen Street West,Centre for Addiction and Mental Health - Queen Street Site - PRT 6,Hospital-Psychiatric,Respiratory,678
N,,,Respiratory syncytial virus,None,2023-06-01,2023-05-23,420 The East Mall,Eatonville Care Centre - Unit 2,LTCH,Respiratory,679
N,,,Metapneumovirus,None,2023-06-04,2023-05-23,1860 Lawrence Ave E,The Wexford - 7th Fl,LTCH,Respiratory,680
N,,,COVID-19,None,2023-05-31,2023-05-23,399 Bathurst Street,University Health Network - Toronto Western - 8A,Hospital-Acute Care,Respiratory,681
N,,,COVID-19,None,2023-05-31,2023-05-22,187 Wynford Dr,Delmanor Wynford,Retirement Home,Respiratory,682
N,,,COVID-19,None,2023-06-07,2023-05-22,2411 Lawrence Ave E,Hellenic Home - 3A,LTCH,Respiratory,683
N,,,Respiratory syncytial virus,None,2023-05-29,2023-05-21,14 Cross St,Fairview Nursing Home - 1st Fl,LTCH,Respiratory,684
N,,,COVID-19,None,2023-05-30,2023-05-17,1001 Queen Street West,Centre for Addiction and Mental Health - Queen Street Site - Unit 3-5,Hospital-Psychiatric,Respiratory,685
N,,,COVID-19,None,2023-05-31,2023-05-17,102 Craiglee Dr,Craiglee Nursing Home - 2 East,LTCH,Respiratory,686
N,,,COVID-19,None,2023-05-30,2023-05-17,2121 Kingston Rd,Retirement Suites by the Lake - 2nd & 3rd Fl,Retirement Home,Respiratory,687
N,,,COVID-19,None,2023-06-23,2023-05-16,33 Christie St,The O'Neill Centre - 2nd & 4th Fl,LTCH,Respiratory,688
N,,,COVID-19,None,2023-05-29,2023-05-15,351 Christie St,Castleview Wychwood Towers - 4W,LTCH,Respiratory,689
N,,,Coronavirus*,Metapneumovirus,2023-05-30,2023-05-15,130 Midland Ave,Midland Gardens Care Community - 2nd & 6th Fl,LTCH,Respiratory,690
N,,,COVID-19,None,2023-05-29,2023-05-13,5935 Bathurst St,Cheltenham Care Community - 2nd Fl,LTCH,Respiratory,691
N,,,COVID-19,None,2023-05-23,2023-05-13,3560 Bathurst St,Jewish Home for the Aged - 6RF,LTCH,Respiratory,692
N,,,Metapneumovirus,None,2023-05-18,2023-05-12,500 Kingston Rd,TEHN - Atrium At Kew Beach - MGH Affiliated Unit - 2nd Fl,Hospital-Chronic Care,Respiratory,693
N,,,COVID-19,None,2023-05-26,2023-05-12,399 Bathurst Street,University Health Network - Toronto Western - 5B,Hospital-Acute Care,Respiratory,694
N,,,Coronavirus*,None,2023-05-27,2023-05-11,2075 Bayview Ave,Sunnybrook Health Sciences Centre - LTSE & LTSW,LTCH,Respiratory,695
N,,,COVID-19,None,2023-05-16,2023-05-10,122 Tyndall Ave,Norwood Nursing Home - 1st Fl,LTCH,Respiratory,696
N,,,COVID-19,None,2023-05-20,2023-05-09,1 Overland Dr,Better Living at Thompson House - 3rd Fl,LTCH,Respiratory,697
N,,,COVID-19,None,2023-06-01,2023-05-09,10 -14 William Morgan Drive,"Leaside Retirement Residence - 2nd Fl, 3rd Fl (MC) & 7th Fl Building 10",Retirement Home,Respiratory,698
N,,,COVID-19,None,2023-05-15,2023-05-08,55 Belmont Street,Belmont House,Retirement Home,Respiratory,699
N,,,Parainfluenza PIV III,None,2023-05-12,2023-05-08,150 Kilgour Rd,Holland Bloorview Kids Rehabilitation Hospital - SODR (Rehab),Hospital-Chronic Care,Respiratory,700
N,,,COVID-19,None,2023-05-18,2023-05-05,1001 Queen Street West,Centre for Addiction and Mental Health - Queen Street Site - Unit 3-3,Hospital-Psychiatric,Respiratory,701
N,,,Respiratory syncytial virus,None,2023-05-16,2023-05-05,14 Cross St,Fairview Nursing Home - 3rd Fl,LTCH,Respiratory,702
N,,,COVID-19,None,2023-06-01,2023-05-04,439 Sherbourne St,"Fudger House - 1E, 1W, 2E & 3E",LTCH,Respiratory,703
N,,,Respiratory syncytial virus,None,2023-05-17,2023-05-04,3050 Lawrence Ave E,Scarborough Health Network - General Hospital - T7 - Med,Hospital-Acute Care,Respiratory,704
N,,,Coronavirus*,Parainfluenza,2023-05-23,2023-05-04,148 Markham Rd,"Scarborough Retirement Residence - 2nd, 4th & 7th Fl",Retirement Home,Respiratory,705
N,,,COVID-19,None,2023-06-15,2023-05-03,3555 Danforth Ave,"Chester Village - 2E, 3E, 4E, 1W & 2W",LTCH,Respiratory,706
N,,,Metapneumovirus,None,2023-05-18,2023-05-02,55 Belmont St,Belmont House - 3WW,LTCH,Respiratory,707
N,,,COVID-19,None,2023-05-24,2023-05-02,2 Buchan Crt,North York General Hospital - Seniors' Health Centre - 2nd & 4th Fl,LTCH,Respiratory,708
N,,,COVID-19,None,2023-05-18,2023-05-01,150 Dunn Ave,Lakeside Long Term Care Centre - 2nd & 3rd Fl,LTCH,Respiratory,709
N,,,Metapneumovirus,None,2023-06-14,2023-05-01,3015 Lawrence Ave E,"Rockcliffe Care Community - 1st, 2nd & 3rd Fl",LTCH,Respiratory,710
N,,,COVID-19,None,2023-05-16,2023-05-01,225 St. George St,St. George Care Community - 2nd Fl,LTCH,Respiratory,711
N,,,Respiratory syncytial virus,None,2023-05-11,2023-04-30,420 The East Mall,Eatonville Care Centre - Unit 2 & 4,LTCH,Respiratory,712
N,,,Respiratory syncytial virus,None,2023-05-08,2023-04-29,40 Playfair Ave,Villa Colombo Homes for the Aged - 3 Fusco West,LTCH,Respiratory,713
N,,,Coronavirus*,Rhinovirus,2023-05-11,2023-04-28,866 Sheppard Ave,Aspira Kensington Place Retirement Living - 6th Fl,Retirement Home,Respiratory,714
N,,,COVID-19,None,2023-05-15,2023-04-28,600 Melita Cres,Christie Gardens - Annex Neighbourhood & Seaton Neighbourhood,LTCH,Respiratory,715
N,,,Metapneumovirus,None,2023-05-15,2023-04-28,2245 Lawrence Ave W,The Village Of Humber Heights - Islington,LTCH,Respiratory,716
N,,,Unable to identify,None,2023-05-03,2023-04-28,30 The Queensway,Unity Health Toronto - St. Joseph's Health Centre - CYSTO Department,Hospital-Acute Care,Enteric,717
N,,,Rhinovirus,None,2023-05-08,2023-04-27,9 Neilson Rd,Seven Oaks - 5th Fl,LTCH,Respiratory,718
N,,,COVID-19,None,2023-05-04,2023-04-26,3560 Bathurst Street,Baycrest Hospital - North York - 6 West,Hospital-Chronic Care,Respiratory,719
N,,,Streptococcus pyogenes,None,2023-05-15,2023-04-26,1001 Queen St W,Centre for Addiction And Mental Health - GAU-A,Hospital-Psychiatric,Respiratory,720
N,,,COVID-19,None,2023-05-08,2023-04-26,77 Main St,Main Street Terrace - 2nd Fl,LTCH,Respiratory,721
N,,,COVID-19,None,2023-05-04,2023-04-26,1-3 Kenton Dr,One Kenton Place - 3rd Fl,Retirement Home,Respiratory,722
N,,,Norovirus,None,2023-05-03,2023-04-26,1035 Eglinton Ave W,Pine Villa Transitional Care,Hospital-Chronic Care,Enteric,723
N,,,Rhinovirus,None,2023-05-01,2023-04-26,225 St George St,St. George Care Community - 1st Fl,LTCH,Respiratory,724
N,,,COVID-19,None,2023-05-09,2023-04-25,4001 Leslie Street,North York General Hospital - General Site - 5W (Medicine/Rehab),Hospital-Acute Care,Respiratory,725
N,,,Coronavirus*,None,2023-05-06,2023-04-25,2075 Bayview Ave,Sunnybrook Health Sciences Centre - F2 & PICU,Hospital-Acute Care,Respiratory,726
N,,,COVID-19,None,2023-05-03,2023-04-24,1140 Bloor St W,New Horizons Tower - 9th Fl,Retirement Home,Respiratory,727
N,,,COVID-19,None,2023-05-10,2023-04-24,61 Fairfax Cres,Presentation Manor for Seniors - 2nd Fl (IL & AL) & 3rd Fl (IL & AL),Retirement Home,Respiratory,728
N,,,COVID-19,None,2023-05-13,2023-04-23,205 Cummer Ave,Cummer Lodge - 3 North & 4 North,LTCH,Respiratory,729
N,,,Unable to identify,None,2023-05-01,2023-04-22,205 Cummer Ave,Cummer Lodge - 2 South,LTCH,Enteric,730
N,,,Parainfluenza,None,2023-05-23,2023-04-22,541 Finch Ave W,Valleyview Residence - 2E & 2W,LTCH,Respiratory,731
N,,,COVID-19,None,2023-05-18,2023-04-22,1145 Albion Rd,Westside - 2nd & 4th Fl,LTCH,Respiratory,732
N,,,Metapneumovirus,None,2023-05-05,2023-04-21,150 Dunn Ave,Lakeside Long Term Care Centre - 1st Fl,LTCH,Respiratory,733
N,,,Coronavirus*,Metapneumovirus,2023-05-12,2023-04-20,130 Midland Ave,Midland Gardens Care Community - 5th & 6th Fl,LTCH,Respiratory,734
N,,,Metapneumovirus,None,2023-05-03,2023-04-20,22 Norfinch Dr,Norfinch Care Community - Unit 3A,LTCH,Respiratory,735
N,,,COVID-19,None,2023-04-27,2023-04-20,225 St. George St,St. George Care Community - 2nd Fl,LTCH,Respiratory,736
N,,,Enterovirus,Rhinovirus,2023-04-28,2023-04-19,340 McCowan Rd,Chartwell Trilogy Long Term Care Residence - 2nd Fl,LTCH,Respiratory,737
N,,,COVID-19,None,2023-04-29,2023-04-19,102 Craiglee Dr,Craiglee Nursing Home - 3 East,LTCH,Respiratory,738
N,,,COVID-19,None,2023-04-24,2023-04-19,200 Church St,RCC - William Osler Health System - Church Site - 5th Fl,Hospital-Chronic Care,Respiratory,739
N,,,Rhinovirus,None,2023-05-26,2023-04-18,2920 Lawrence Ave E,"Bendale Acres - 2 West, 3rd & 6th Fl",LTCH,Respiratory,740
N,,,COVID-19,None,2023-04-27,2023-04-18,1800 O'Connor Drive,Harmony Hills Care Community - 2nd Fl,LTCH,Respiratory,741
N,,,Enterovirus/Rhinovirus,None,2023-05-11,2023-04-18,40 Bell Estate Rd,Ina Grafton Gage Home - 1st Fl,LTCH,Respiratory,742
N,,,COVID-19,None,2023-04-26,2023-04-18,285 Cummer Avenue,Sunnybrook Health Sciences Centre - St. John's Rehab - A3,Hospital-Chronic Care,Respiratory,743
N,,,COVID-19,None,2023-05-04,2023-04-18,700 & 720 Mount Pleasant Road,The Briton House - 7th Fl (North Tower),Retirement Home,Respiratory,744
N,,,COVID-19,None,2023-04-27,2023-04-17,520 Markham Road,Cedarbrook Lodge Retirement Residence - 5th Fl,Retirement Home,Respiratory,745
N,,,Metapneumovirus,None,2023-04-24,2023-04-17,1 Northwestern Ave,Harold and Grace Baker Centre - A & C Wing,LTCH,Respiratory,746
N,,,COVID-19,None,2023-04-27,2023-04-17,3560 Bathurst St,Jewish Home for the Aged - 7RF,LTCH,Respiratory,747
N,,,Norovirus,None,2023-04-25,2023-04-17,30 The Queensway,Unity Health - St. Joseph's Health Centre - 6G,Hospital-Acute Care,Enteric,748
N,,,COVID-19,None,2023-04-28,2023-04-17,399 Bathurst Street,University Health Network - Toronto Western - 8B,Hospital-Acute Care,Respiratory,749
N,,,COVID-19,None,2023-04-25,2023-04-17,399 Bathurst Street,University Health Network - Toronto Western - 9B,Hospital-Acute Care,Respiratory,750
N,,,COVID-19,None,2023-05-03,2023-04-17,101 Humber College Boulevard,William Osler Health System - 10W Respirology Unit,Hospital-Acute Care,Respiratory,751
N,,,COVID-19,None,2023-04-25,2023-04-16,35 Elm Grove Ave,Elm Grove Living Centre - 2nd Fl,LTCH,Respiratory,752
N,,,COVID-19,None,2023-04-26,2023-04-16,2111 Finch Ave W,RCC - Mackenzie Health Hospital - Finch Site - 4 East,Transitional Care,Respiratory,753
N,,,COVID-19,None,2023-05-01,2023-04-15,2111 Finch Ave W,RCC - Mackenzie Health Hospital - Finch Site - 3 (West & East),Hospital-Chronic Care,Respiratory,754
N,,,COVID-19,None,2023-04-27,2023-04-14,3758 Sheppard Avenue E,Shepherd Terrace Retirement Residence - 5th Fl,Retirement Home,Respiratory,755
N,,,Parainfluenza PIV III,None,2023-05-13,2023-04-14,610 University Ave,UHN - Princess Margaret Hospital - 15B,Hospital-Acute Care,Respiratory,756
N,,,COVID-19,None,2023-05-01,2023-04-13,92 Island Rd,"Altamont Care Community - Wing 1, 2 & 3",LTCH,Respiratory,757
N,,,COVID-19,None,2023-04-27,2023-04-13,645 Castlefield Ave,Forest Hill Place,Retirement Home,Respiratory,758
N,,,COVID-19,None,2023-04-27,2023-04-13,200 Church Street,RCC - Humber River Hospital - Church Site - A2N,Transitional Care,Respiratory,759
N,,,Unable to identify,None,2023-04-20,2023-04-13,225 St. George St,St. George Care Community - 5th Fl,LTCH,Respiratory,760
N,,,COVID-19,None,2023-04-25,2023-04-12,2111 Finch Ave W,RCC - Southlake Regional Health Centre - Finch Site - 6 West,Transitional Care,Respiratory,761
N,,,COVID-19,None,2023-04-21,2023-04-11,1066 Avenue Rd,Amica On the Avenue - Main Fl (Dining Rm),Retirement Home,Respiratory,762
N,,,Enterovirus/Rhinovirus,None,2023-04-17,2023-04-10,2030 McNicoll Ave,Mon Sheong Scarborough Long Term Care Centre - 2nd Fl North,LTCH,Respiratory,763
N,,,COVID-19,None,2023-04-26,2023-04-10,740 Pape Ave,Nisbet Lodge - 10th & 11th Fl,LTCH,Respiratory,764
N,,,Unable to identify,None,2023-04-25,2023-04-10,740 Pape Ave,Nisbet Lodge - 8th Fl,LTCH,Enteric,765
N,,,Norovirus,None,2023-04-19,2023-04-10,625 Runnymede Rd,Runnymede Healthcare Centre - 3E,Hospital-Chronic Care,Enteric,766
N,,,COVID-19,None,2023-04-28,2023-04-10,25 Brunswick Ave,"The Kensington Gardens - 3W, 4E & 4W",LTCH,Respiratory,767
N,,,COVID-19,None,2023-04-18,2023-04-10,30 Bond Street,Unity Health Toronto - St. Michael's - 9CG,Hospital-Acute Care,Respiratory,768
N,,,Respiratory syncytial virus,None,2023-05-01,2023-04-10,40 Playfair Ave,Villa Colombo Homes for the Aged - 3 Fusco (North & South),LTCH,Respiratory,769
N,,,Respiratory syncytial virus,None,2023-04-21,2023-04-09,1195 Queen St E,The Heritage Nursing Home - 1st Fl,LTCH,Respiratory,770
N,,,COVID-19,None,2023-04-22,2023-04-09,30 Bond Street,Unity Health Toronto - St. Michael's - 7CCV,Hospital-Acute Care,Respiratory,771
N,,,Metapneumovirus,Rhinovirus,2023-04-17,2023-04-07,3595 Keele St,Downsview Long Term Care Centre - Unit 2N,LTCH,Respiratory,772
N,,,Enterovirus/Rhinovirus,None,2023-04-18,2023-04-06,2 Buchan Crt,North York General Hospital - Seniors' Health Centre - 1st Fl East & West Wing,LTCH,Respiratory,773
N,,,COVID-19,None,2023-04-24,2023-04-06,1-3 Kenton Dr,One Kenton Place - 1st Fl,Retirement Home,Respiratory,774
N,,,COVID-19,None,2023-04-18,2023-04-06,285 Cummer Avenue,Sunnybrook Health Sciences Centre - St. John's Rehab - A4,Hospital-Chronic Care,Respiratory,775
N,,,Parainfluenza PIV III,None,2023-04-20,2023-04-06,555 University Ave,The Hospital for Sick Children - 6A,Hospital-Acute Care,Respiratory,776
N,,,COVID-19,None,2023-04-13,2023-04-06,82 Buttonwood Avenue,West Park Healthcare Centre - 3EB,Hospital-Chronic Care,Respiratory,777
N,,,COVID-19,None,2023-04-25,2023-04-05,2100 Bloor Street W,"Chartwell Grenadier Retirement Residence - 2nd Fl (Unit B), 3rd Fl (Unit A & D) & 7th Fl (Unit C)",Retirement Home,Respiratory,778
N,,,COVID-19,None,2023-04-25,2023-04-05,340 McCowan Rd,Chartwell Trilogy Long Term Care Residence - 3rd & 6th Fl,LTCH,Respiratory,779
N,,,COVID-19,None,2023-04-24,2023-04-05,4180 Dundas Street W,Delmanor Prince Edward - 5th Fl,Retirement Home,Respiratory,780
N,,,Respiratory syncytial virus,None,2023-04-24,2023-04-05,420 The East Mall,Eatonville Care Centre - Unit 5,LTCH,Respiratory,781
N,,,COVID-19,None,2023-04-18,2023-04-05,2881 Eglinton Avenue E,McCowan Retirement Residence - 6th Fl,Retirement Home,Respiratory,782
N,,,COVID-19,None,2023-04-13,2023-04-05,285 Cummer Avenue,Sunnybrook Health Sciences Centre - St. John's Rehab - A2,Hospital-Chronic Care,Respiratory,783
N,,,COVID-19,None,2023-04-17,2023-04-04,1800 O'Connor Dr,Fountain View Care Community - 3B,LTCH,Respiratory,784
N,,,COVID-19,None,2023-04-12,2023-04-04,59 Lawson Rd,Tony Stacey Centre for Veterans' Care - 2nd Fl South,LTCH,Respiratory,785
N,,,COVID-19,None,2023-04-19,2023-04-03,77 Main St,Main Street Terrace - 1st Fl,LTCH,Respiratory,786
N,,,CPE Enterobacter unspecified (NDM),CPE Other (KPC),2023-05-08,2023-04-03,2867 Ellesmere Rd,Scarborough Health Network - Centenary Hospital - 8E,Hospital-Acute Care,Other,787
N,,,Coronavirus*,Influenza A (Not subtyped),2023-04-11,2023-04-03,4 Teddington Park Ave,The Teddington - 3rd Fl,Retirement Home,Respiratory,788
N,,,Metapneumovirus,None,2023-04-11,2023-04-02,2121 Kingston Rd,Retirement Suites By The Lake - 2nd & 3rd Fl,Retirement Home,Respiratory,789
N,,,COVID-19,None,2023-04-12,2023-04-02,285 Cummer Avenue,Sunnybrook Health Sciences Centre - St. John's Rehab - A (Lower Level),Hospital-Chronic Care,Respiratory,790
N,,,COVID-19,None,2023-04-19,2023-03-31,420 The East Mall,Eatonville Care Centre - Unit 3,LTCH,Respiratory,791
N,,,COVID-19,None,2023-04-28,2023-03-30,2030 McNicoll Ave,"Mon Sheong Scarborough Long Term Care Centre - NPH, SPH, 3N & 3S",LTCH,Respiratory,792
N,,,Influenza A (Not subtyped),Metapneumovirus,2023-04-11,2023-03-30,2245 Lawrence Ave W,Village Of Humber Heights - Brule & Lambton,LTCH,Respiratory,793
N,,,Metapneumovirus,None,2023-04-18,2023-03-30,2005 Lawrence Ave W,Weston Terrace Care Community - 2B,LTCH,Respiratory,794
N,,,COVID-19,None,2023-04-21,2023-03-29,3555 Danforth Ave,Chester Village - 3W & 4W,LTCH,Respiratory,795
N,,,Parainfluenza,None,2023-04-11,2023-03-28,2920 Lawrence Ave E,Bendale Acres - CSU,LTCH,Respiratory,796
N,,,COVID-19,None,2023-04-27,2023-03-28,36 D'Arcy St,Mon Sheong Home for the Aged - 2F,LTCH,Respiratory,797
N,,,Norovirus,None,2023-04-22,2023-03-28,55 Ameer Ave,Terraces Of Baycrest,Retirement Home,Enteric,798
N,,,COVID-19,None,2023-04-04,2023-03-28,82 Buttonwood Avenue,West Park Healthcare Centre - 3EA,Hospital-Chronic Care,Respiratory,799
N,,,COVID-19,None,2023-04-07,2023-03-27,3015 Lawrence Ave E,Rockcliffe Care Community - 2nd Fl,LTCH,Respiratory,800
N,,,Metapneumovirus,None,2023-04-09,2023-03-27,3015 Lawrence Ave E,Rockcliffe Care Community - Ground Fl,LTCH,Respiratory,801
N,,,COVID-19,None,2023-03-30,2023-03-27,625 Runnymede Road,Runnymede Healthcare Centre - 4 East,Hospital-Chronic Care,Respiratory,802
N,,,COVID-19,None,2023-04-18,2023-03-27,9 Neilson Rd,Seven Oaks - 3rd Fl,LTCH,Respiratory,803
N,,,COVID-19,None,2023-04-11,2023-03-27,77 Dunfield Ave,The Dunfield Retirement Residence - Dining,Retirement Home,Respiratory,804
N,,,COVID-19,None,2023-04-04,2023-03-27,160 Wellesley St E,Wellesley Central Place - 2W,LTCH,Respiratory,805
N,,,Coronavirus*,None,2023-04-06,2023-03-24,70 Humberline Dr,Deerwood Creek Care Community - 3A,LTCH,Respiratory,806
N,,,Unable to identify,None,2023-03-28,2023-03-24,45 Brunswick Ave,Kensington Gardens North - N-1E,LTCH,Enteric,807
N,,,Parainfluenza,None,2023-04-05,2023-03-24,1140 Bloor St W,New Horizons Tower - 12th Fl,Retirement Home,Respiratory,808
N,,,COVID-19,None,2023-04-04,2023-03-23,351 Christie St,Castleview Wychwood Towers - Unit 5W & 5C,LTCH,Respiratory,809
N,,,Metapneumovirus,None,2023-04-04,2023-03-23,3050 Lawrence Ave E,Scarborough Health Network - General Hospital - T7,Hospital-Acute Care,Respiratory,810
N,,,COVID-19,None,2023-03-31,2023-03-23,3050 Lawrence Ave E,Scarborough Health Network-Scarborough General - 4C Medicine,Hospital-Acute Care,Respiratory,811
N,,,Coronavirus*,Metapneumovirus,2023-04-14,2023-03-22,1925 Steeles Ave E,Chartwell Gibson Long Term Care Residence,LTCH,Respiratory,812
N,,,Respiratory syncytial virus,None,2023-04-01,2023-03-22,66 Roncesvales Ave,Copernicus Lodge - 4S,LTCH,Respiratory,813
N,,,Unable to identify,None,2023-04-01,2023-03-22,4251 Dundas St W,Kingsway - 5th Fl,Retirement Home,Respiratory,814
N,,,Unable to identify,None,2023-03-29,2023-03-22,123 Spadina Rd,"The Annex - 1st, 2nd & 4th Fl",Retirement Home,Enteric,815
N,,,Metapneumovirus,Enterovirus/Rhinovirus,2023-04-05,2023-03-20,550 Cummer Ave,Extendicare Bayview - East Unit & West Unit,LTCH,Respiratory,816
N,,,Norovirus,None,2023-03-28,2023-03-20,30 The Queensway,Unity Health Toronto - St. Joseph's Health Centre - 6G,Hospital-Acute Care,Enteric,817
N,,,Coronavirus*,None,2023-03-24,2023-03-19,541 Finch Ave W,Valleyview Residence - 3 East,LTCH,Respiratory,818
N,,,COVID-19,None,2023-03-29,2023-03-18,305 Balliol St,The Claremont - 5th Fl,Retirement Home,Respiratory,819
N,,,Unable to identify,None,2023-03-27,2023-03-17,92 Island Rd,Altamont Care Community - Wing 3,LTCH,Respiratory,820
N,,,COVID-19,None,2023-03-29,2023-03-17,1800 O'Connor Dr,Fountain View Care Community - 2B,LTCH,Respiratory,821
N,,,COVID-19,None,2023-03-29,2023-03-17,600 University Avenue,Sinai Health System - Mount Sinai - 10N,Hospital-Acute Care,Respiratory,822
N,,,COVID-19,None,2023-04-26,2023-03-16,40 Playfair Ave,Villa Colombo Homes for the Aged,LTCH,Respiratory,823
N,,,COVID-19,None,2023-03-31,2023-03-15,102 Craiglee Dr,Craiglee Nursing Home - 1 East,LTCH,Respiratory,824
N,,,COVID-19,None,2023-03-23,2023-03-15,40 Old Kingston Rd,Ehatare Nursing Home - 4th Fl,LTCH,Respiratory,825
N,,,Unable to identify,None,2023-03-21,2023-03-15,95 Humber College Blvd,Humber Valley Terrace - 2nd Fl,LTCH,Enteric,826
N,,,COVID-19,None,2023-03-29,2023-03-14,495 The West Mall,Chartwell Westbury Long Term Care Residence - 2nd Fl,LTCH,Respiratory,827
N,,,COVID-19,None,2023-03-24,2023-03-14,285 Cummer Avenue,Sunnybrook Health Sciences Centre - St. John's Rehab - A4,Hospital-Chronic Care,Respiratory,828
N,,,Rhinovirus,None,2023-04-05,2023-03-14,40 Playfair Ave,Villa Colombo Homes for the Aged - 4 Fidani,LTCH,Respiratory,829
N,,,COVID-19,None,2023-04-05,2023-03-13,500 Kingston Rd.,Atrium at Kew Beach - Michael Garron Hospital Affiliated Unit - 1st Fl,Hospital-Chronic Care,Respiratory,830
N,,,COVID-19,None,2023-04-10,2023-03-13,306 Finch Ave E,Carefree Lodge - Garden Level,LTCH,Respiratory,831
N,,,Coronavirus*,Parainfluenza,2023-03-25,2023-03-13,138 Dowling Ave,Chartwell White Eagle Long Term Care Residence - 2nd Fl,LTCH,Respiratory,832
N,,,Respiratory syncytial virus,None,2023-03-25,2023-03-13,600 Melita Cres,Christie Gardens - Cedarvale Wing,Retirement Home,Respiratory,833
N,,,Coronavirus*,Metapneumovirus,2023-03-27,2023-03-13,3595 Keele St,Downsview Long Term Care Centre - Unit 1 East & 2 East,LTCH,Respiratory,834
N,,,Unable to identify,None,2023-03-28,2023-03-13,439 Sherbourne St,Fudger House - 1E,LTCH,Enteric,835
N,,,COVID-19,None,2023-03-15,2023-03-13,1140 Bloor St W,New Horizons Tower - 5th Fl,Retirement Home,Respiratory,836
N,,,COVID-19,None,2023-03-21,2023-03-13,4001 Leslie Street,North York General Hospital - General Site - 3W,Hospital-Acute Care,Respiratory,837
N,,,COVID-19,None,2023-03-30,2023-03-13,82 Buttonwood Avenue,West Park Long Term Care Centre - Weston & Mulholland,LTCH,Respiratory,838
N,,,COVID-19,None,2023-03-27,2023-03-12,1955 Steeles Ave E,"Chartwell Gibson Retirement Residence - 3rd, 4th & 5th Fl",Retirement Home,Respiratory,839
N,,,COVID-19,None,2023-03-26,2023-03-12,650 Church St,Salvation Army Toronto Grace Health Centre - 2nd Fl Surge Unit,Hospital-Chronic Care,Respiratory,840
N,,,COVID-19,None,2023-03-18,2023-03-12,3276 St. Clair Avenue East,Unity Health Toronto - Providence - B4,Hospital-Chronic Care,Respiratory,841
N,,,Unable to identify,None,2023-03-24,2023-03-11,15 Barberry Pl,Amica Bayview Village - 8th Fl,Retirement Home,Enteric,842
N,,,COVID-19,None,2023-03-18,2023-03-11,150 Sherway Drive,Trillium Health Partners- Queensway - Main Fl,Hospital-Chronic Care,Respiratory,843
N,,,Unable to identify,None,2023-05-02,2023-03-11,2245 Lawrence Ave W,Village of Humber Heights - Weston,LTCH,Respiratory,844
N,,,Respiratory syncytial virus,None,2023-03-27,2023-03-10,420 The East Mall,Eatonville Care Centre - 3rd Fl,LTCH,Respiratory,845
N,,,COVID-19,None,2023-03-16,2023-03-10,420 The East Mall,Eatonville Care Centre - Unit 2,LTCH,Respiratory,846
N,,,Metapneumovirus,None,2023-03-27,2023-03-10,9 Neilson Rd,Seven Oaks - 2nd Fl,LTCH,Respiratory,847
N,,,COVID-19,None,2023-03-20,2023-03-10,30 The Queensway,Unity Health Toronto - St. Joseph's - 4M,Hospital-Acute Care,Respiratory,848
N,,,COVID-19,None,2023-03-21,2023-03-10,200 Elizabeth Street,University Health Network - Toronto General - 6ES,Hospital-Acute Care,Respiratory,849
N,,,COVID-19,None,2023-03-27,2023-03-09,265 Queens Dr,Queens Estate Retirement Residence - 5th Fl,Retirement Home,Respiratory,850
N,,,Rhinovirus,None,2023-03-16,2023-03-09,45 Brunswick Ave,The Kensington Gardens North - North 2W,LTCH,Respiratory,851
N,,,COVID-19,None,2023-03-20,2023-03-08,495 The West Mall,Chartwell Westbury Long Term Care Residence - 7th Fl,LTCH,Respiratory,852
N,,,COVID-19,None,2023-03-15,2023-03-08,1800 O'Connor Dr,Fountain View Care Community - 2A,LTCH,Respiratory,853
N,,,COVID-19,None,2023-03-22,2023-03-08,2075 Bayview Avenue,Sunnybrook Health Sciences Centre - Bayview Campus - D2,Hospital-Acute Care,Respiratory,854
N,,,Norovirus,None,2023-03-20,2023-03-08,2005 Lawrence Ave W,Weston Terrace Care Community - 2A,LTCH,Enteric,855
N,,,Enterovirus/Rhinovirus,None,2023-03-17,2023-03-07,351 Christie St,Castleview Wychwood Tower - 6th Fl,LTCH,Respiratory,856
N,,,COVID-19,None,2023-03-15,2023-03-07,265 Queens Dr,University Health Network - Transitional Care Program - Queens Estate - 7th Fl,Transitional Care,Respiratory,857
N,,,COVID-19,None,2023-03-16,2023-03-06,767 Royal York Rd,Ivan Franko Home (Etobicoke) - 2 South,LTCH,Respiratory,858
N,,,COVID-19,None,2023-03-17,2023-03-03,351 Christie St,Castleview Wychwood Towers - 5th & 6th Fl,LTCH,Respiratory,859
N,,,Respiratory syncytial virus,None,2023-03-24,2023-03-03,439 Sherbourne St,Fudger House - 1 East & 2 West,LTCH,Respiratory,860
N,,,Metapneumovirus,None,2023-03-10,2023-03-03,82 Buttonwood Ave,West Park Healthcare Centre - 3EA,Hospital-Chronic Care,Respiratory,861
N,,,Enterovirus/Rhinovirus,"Influenza A (H1N1), Respiratory syncytial virus",2023-03-17,2023-03-03,82 Buttonwood Ave,West Park Healthcare Centre - 3WF,Hospital-Chronic Care,Respiratory,862
N,,,Influenza A (Not subtyped),None,2023-03-09,2023-03-02,4001 Leslie St,North York General Hospital - 6W,Hospital-Acute Care,Respiratory,863
N,,,COVID-19,None,2023-03-21,2023-03-02,200 Dawes Rd,True Davidson Acres - 2nd & 4th Fl,LTCH,Respiratory,864
N,,,Coronavirus*,Respiratory syncytial virus,2023-03-07,2023-03-01,3555 Danforth Ave,Chester Village - 3E,LTCH,Respiratory,865
N,,,Coronavirus*,None,2023-03-20,2023-03-01,111 Avenue Rd,Hazelton Place Retirement Residence,Retirement Home,Respiratory,866
N,,,Rhinovirus,None,2023-03-12,2023-03-01,45 Brunswick Ave,The Kensington Gardens North - North 1W,LTCH,Respiratory,867
N,,,Respiratory syncytial virus,None,2023-03-09,2023-02-28,3560 Bathurst St,Baycrest Hospital - 3 East,Hospital-Chronic Care,Respiratory,868
N,,,Unable to identify,None,2023-03-17,2023-02-28,200 Dawes Rd,True Davidson Acres - 2nd Fl,LTCH,Respiratory,869
N,,,COVID-19,None,2023-03-07,2023-02-28,3276 St. Clair Avenue East,Unity Health Toronto - Providence - A3,Hospital-Chronic Care,Respiratory,870
N,,,COVID-19,None,2023-03-13,2023-02-27,399 Bathurst Street,University Health Network - Toronto Western - 8A,Hospital-Acute Care,Respiratory,871
N,,,Norovirus,None,2023-03-08,2023-02-27,2005 Lawrence Ave W,Weston Terrace Care Community - 3A & 3B,LTCH,Enteric,872
N,,,COVID-19,None,2023-03-05,2023-02-26,3560 Bathurst Street,Baycrest Hospital - North York - 7 East,Hospital-Chronic Care,Respiratory,873
N,,,Unable to identify,None,2023-03-07,2023-02-26,2233 Kipling Ave,Kipling Acres - Highfield (2nd Fl - Behavioral Unit),LTCH,Enteric,874
N,,,Enterovirus/Rhinovirus,None,2023-03-07,2023-02-24,351 Christie St,Castleview Wychwood Tower - Unit 2W,LTCH,Respiratory,875
N,,,COVID-19,None,2023-03-08,2023-02-24,2030 McNicoll Ave,Mon Sheong Scarborough Long Term Care Centre - 4th Fl (SPH),LTCH,Respiratory,876
N,,,COVID-19,None,2023-03-03,2023-02-24,4001 Leslie Street,North York General Hospital - General Site - 3W (Oncology),Hospital-Acute Care,Respiratory,877
N,,,COVID-19,None,2023-03-13,2023-02-24,1195 Queen St E,The Heritage Nursing Home - 3rd Fl,LTCH,Respiratory,878
N,,,Enterovirus,Rhinovirus,2023-03-08,2023-02-24,40 Playfair Ave,Villa Colombo Home for the Aged - 5 Fidani,LTCH,Respiratory,879
N,,,Parainfluenza,None,2023-03-14,2023-02-22,140 Humberline Dr,Deerwood Creek Care Community - Unit 2A & 2B,LTCH,Respiratory,880
N,,,COVID-19,None,2023-03-28,2023-02-22,40 Old Kingston Road,Ehatare Retirement Home - 1st & 3rd Fl,Retirement Home,Respiratory,881
N,,,COVID-19,None,2023-03-16,2023-02-22,77 Dunfield Ave,The Dunfield Retirement Residence,Retirement Home,Respiratory,882
N,,,COVID-19,None,2023-03-01,2023-02-22,160 Wellesley St E,Wellesley Central Place - 4W,LTCH,Respiratory,883
N,,,COVID-19,None,2023-03-03,2023-02-20,1001 Queen Street West,Centre for Addiction and Mental Health - Queen Street Site - Forensic Site - Unit A (1-2),Hospital-Psychiatric,Respiratory,884
N,,,Norovirus,None,2023-03-06,2023-02-19,351 Christie St,Castleview Wychwood Tower - 4th Fl & Unit 2W,LTCH,Enteric,885
N,,,Parainfluenza,None,2023-03-06,2023-02-19,9 Neilson Rd,Seven Oaks - 1st Fl,LTCH,Respiratory,886
N,,,COVID-19,None,2023-03-13,2023-02-19,2005 Lawrence Ave W,Weston Terrace Care Community - Unit 4A & 4B,LTCH,Respiratory,887
N,,,COVID-19,None,2023-02-27,2023-02-17,718 Sheppard Avenue,L'Chaim Retirement Home - 2nd & 3rd Fl,Retirement Home,Respiratory,888
N,,,COVID-19,None,2023-02-27,2023-02-17,3030 Birchmount Rd,Scarborough Health Network - Birchmount - 3D,Hospital-Acute Care,Respiratory,889
N,,,COVID-19,None,2023-03-04,2023-02-16,3560 Bathurst St,Jewish Home for the Aged - North York - 6EI,LTCH,Respiratory,890
N,,,COVID-19,None,2023-03-03,2023-02-16,2245 Lawrence Avenue West,The Village of Humber Heights - Emma Neighborhood,Retirement Home,Respiratory,891
N,,,Coronavirus*,None,2023-02-27,2023-02-15,3015 Lawrence Ave E,Rockcliffe Care Community - 3rd Fl,LTCH,Respiratory,892
N,,,Unable to identify,None,2023-02-21,2023-02-15,147 Elder St,Sage Care Retirement Home - POD ABC 3rd Fl,Retirement Home,Enteric,893
N,,,Unable to identify,None,2023-02-21,2023-02-14,420 The East Mall,Eatonville Care Centre - 2nd Fl,LTCH,Enteric,894
N,,,COVID-19,None,2023-02-27,2023-02-14,1000 Ellesmere Rd,Fieldstone Commons Care Community - 2A,LTCH,Respiratory,895
N,,,COVID-19,None,2023-02-22,2023-02-14,111 Avenue Rd,Hazelton Place Retirement Residence - 7th Fl,Retirement Home,Respiratory,896
N,,,COVID-19,None,2023-02-27,2023-02-14,3276 St Clair Ave E,Unity Health Toronto - Houses of Providence - 4W - Oak House,LTCH,Respiratory,897
N,,,Rhinovirus,None,2023-02-24,2023-02-13,1925 Steeles Ave E,Chartwell Gibson Long Term Care Residence - 4th Fl,LTCH,Respiratory,898
N,,,Coronavirus*,None,2023-02-21,2023-02-13,5935 Bathurst St,Cheltenham Care Community - 2nd Fl,LTCH,Respiratory,899
N,,,Rhinovirus,None,2023-02-17,2023-02-13,3555 Danforth Ave,Chester Village - 2W,LTCH,Respiratory,900
N,,,Rhinovirus,None,2023-03-04,2023-02-12,2075 Bayview Ave,Sunnybrook Health Sciences Centre - Sunnybrook Veterans Centre - LGSE,LTCH,Respiratory,901
N,,,COVID-19,None,2023-03-02,2023-02-11,495 The West Mall,Chartwell Westbury Long Term Care Residence - 7th Fl,LTCH,Respiratory,902
N,,,Norovirus,None,2023-02-20,2023-02-11,625 Runnymede Rd,Runnymede Healthcare Centre,Hospital-Chronic Care,Enteric,903
N,,,COVID-19,None,2023-03-01,2023-02-10,429 Walmer Road,Cedarvale Terrace - 6th Fl,LTCH,Respiratory,904
N,,,COVID-19,None,2023-02-18,2023-02-10,65 Livingston Rd,Chartwell Guildwood Retirement Residence - Memory Living,Retirement Home,Respiratory,905
N,,,CPE Unspecified (KPC),None,2023-03-28,2023-02-10,3050 Lawerence Ave E,Scarborough Health Network - General Hospital - ICU,Hospital-Acute Care,Other,906
N,,,COVID-19,None,2023-03-09,2023-02-10,25 Brunswick Ave,The Kensington Gardens - North 1W,LTCH,Respiratory,907
N,,,COVID-19,None,2023-02-16,2023-02-10,3276 St. Clair Avenue East,Unity Health Toronto - Providence - A5,Hospital-Chronic Care,Respiratory,908
N,,,Respiratory syncytial virus,Coronavirus*,2023-03-04,2023-02-09,60 Guildwood Pky,Extendicare Guildwood,LTCH,Respiratory,909
N,,,COVID-19,None,2023-02-18,2023-02-09,30 Bond Street,Unity Health Toronto - St. Michael's - Unit 9CG,Hospital-Acute Care,Respiratory,910
N,,,COVID-19,None,2023-02-22,2023-02-09,2311 McNicoll Ave,Yee Hong Centre - Scarborough McNicoll - 5th Fl,LTCH,Respiratory,911
N,,,COVID-19,None,2023-02-21,2023-02-08,205 Cummer Ave,Cummer Lodge - 3 North,LTCH,Respiratory,912
N,,,Respiratory syncytial virus,None,2023-02-14,2023-02-07,2045 Finch Ave W,Hawthorne Place Care Centre - Rykka Care Centres Lp - 3rd Fl,LTCH,Respiratory,913
N,,,COVID-19,None,2023-03-15,2023-02-07,1400 Kennedy Rd,"Kennedy Lodge - Main North, Main South & 3 South",LTCH,Respiratory,914
N,,,Respiratory syncytial virus,None,2023-02-13,2023-02-07,123 Spadina Rd,The Annex - 5th Fl,Retirement Home,Respiratory,915
N,,,COVID-19,None,2023-02-16,2023-02-07,30 The Queensway,Unity Health Toronto - St. Joseph's - 7M-PICU,Hospital-Acute Care,Respiratory,916
N,,,Enterovirus,None,2023-02-14,2023-02-06,500 Kingston Rd,Atrium at Kew Beach - MGH Affiliated Unit - 1st Fl,Hospital-Chronic Care,Respiratory,917
N,,,COVID-19,None,2023-03-03,2023-02-06,351 Christie St,Castleview Wychwood Towers - 3rd & 7th Fl,LTCH,Respiratory,918
N,,,COVID-19,None,2023-02-28,2023-02-06,3560 Bathurst St,Jewish Home for the Aged - 3RF,LTCH,Respiratory,919
N,,,Parainfluenza,Respiratory syncytial virus,2023-02-28,2023-02-03,1800 O'Connor Dr,"Fountain View Care Community - 1A, 2A & 3A",LTCH,Respiratory,920
N,,,COVID-19,None,2023-03-02,2023-02-03,2045 Finch Ave W,Hawthorne Place Care Centre - 2nd & 3rd Fl,LTCH,Respiratory,921
N,,,COVID-19,None,2023-02-21,2023-02-03,150 Dunn Ave,Lakeside Long Term Care Centre - 3rd Fl,LTCH,Respiratory,922
N,,,COVID-19,None,2023-02-08,2023-02-02,30 The Queensway,Unity Health Toronto - St. Joseph's - 7M,Hospital-Acute Care,Respiratory,923
N,,,Unable to identify,None,2023-02-11,2023-02-02,2245 Lawrence Ave W,Village of Humber Heights - Islington,LTCH,Respiratory,924
N,,,Coronavirus*,Rhinovirus,2023-02-17,2023-02-01,70 Humberline Dr,Deerwood Creek Care Community - 2A,LTCH,Respiratory,925
N,,,COVID-19,None,2023-02-08,2023-02-01,187 Wynford Dr,Delmanor Wynford - 1st Fl,Retirement Home,Respiratory,926
N,,,COVID-19,None,2023-02-28,2023-02-01,40 Old Kingston Rd,Ehatare Nursing Home - 4th Fl,LTCH,Respiratory,927
N,,,COVID-19,None,2023-02-18,2023-02-01,2867 Ellesmere Road,Scarborough Health Network - Centenary - 9 West,Hospital-Acute Care,Respiratory,928
N,,,COVID-19,None,2023-02-21,2023-02-01,3276 St. Clair Avenue East,Unity Health Toronto - Providence - B5,Hospital-Chronic Care,Respiratory,929
N,,,COVID-19,None,2023-02-24,2023-01-31,2920 Lawrence Ave E,"Bendale Acres - CSU, 2nd Fl East, 2nd Fl West & 4th Fl",LTCH,Respiratory,930
N,,,Unable to identify,None,2023-02-13,2023-01-31,351 Christie St,Castleview Wychwood Towers - 3rd Fl,LTCH,Enteric,931
N,,,Norovirus,None,2023-02-13,2023-01-31,25 Centennial Park Rd,Centennial Park Place,Retirement Home,Enteric,932
N,,,Respiratory syncytial virus,None,2023-02-09,2023-01-31,28 Halton St,Maynard Nursing Home - 2nd Fl,LTCH,Respiratory,933
N,,,Parainfluenza,None,2023-02-14,2023-01-31,1860 Lawrence Ave E,The Wexford - 3rd Fl,LTCH,Respiratory,934
N,,,COVID-19,None,2023-02-14,2023-01-31,140 Sherway Drive,Trillium Health Partners - McCall Continuing Care - Chronic & Rehab - 4th Fl,Hospital-Chronic Care,Respiratory,935
N,,,Parainfluenza,"Coronavirus*, Rhinovirus",2023-02-27,2023-01-30,92 Island Rd,Altamont Care Community - Wing 1 & Wing 2,LTCH,Respiratory,936
N,,,Influenza A (Not subtyped),Metapneumovirus,2023-02-13,2023-01-30,1066 Avenue Rd,Amica On The Avenue - 3rd & 4th Fl,Retirement Home,Respiratory,937
N,,,Norovirus,None,2023-02-14,2023-01-30,54 Foxbar Rd,Bradgate Arms,Retirement Home,Enteric,938
N,,,COVID-19,None,2023-02-08,2023-01-30,2881 Eglinton Avenue E,McCowan Retirement Residence - 6th Fl,Retirement Home,Respiratory,939
N,,,COVID-19,None,2023-02-13,2023-01-30,1140 Bloor St W,New Horizons Tower - 4th - 16th Fl,Retirement Home,Respiratory,940
N,,,Influenza A (Not subtyped),None,2023-02-08,2023-01-30,2075 Bayview Ave,Sunnybrook Health Sciences Centre - Sunnybrook Veterans Centre - LSSW,LTCH,Respiratory,941
N,,,Unable to identify,None,2023-02-11,2023-01-30,2245 Lawrence Ave W,Village Of Humber Heights - Wadsworth,LTCH,Enteric,942
N,,,COVID-19,None,2023-02-10,2023-01-29,1800 O'Connor Drive,Harmony Hills Care Community - 1A (Melody Lane),LTCH,Respiratory,943
N,,,Respiratory syncytial virus,None,2023-02-18,2023-01-29,122 Tyndall Ave,Norwood Nursing Home - 2nd Fl,LTCH,Respiratory,944
N,,,COVID-19,None,2023-02-03,2023-01-29,30 The Queensway,Unity Health Toronto - St. Joseph's - 2M,Hospital-Acute Care,Respiratory,945
N,,,COVID-19,None,2023-02-04,2023-01-28,1001 Queen Street West,Centre for Addiction and Mental Health - Queen Street Site - Unit 1-3,Hospital-Psychiatric,Respiratory,946
N,,,COVID-19,None,2023-02-18,2023-01-28,3560 Bathurst St,Jewish Home for the Aged - 7GS,LTCH,Respiratory,947
N,,,COVID-19,None,2023-02-07,2023-01-27,2111 Finch Ave W,RCC - Southlake Regional Health Centre - Finch Site - 5 East,Hospital-Chronic Care,Respiratory,948
N,,,Metapneumovirus,None,2023-02-10,2023-01-26,1 Overland Dr,Better Living at Thompson House - 2nd Fl,LTCH,Respiratory,949
N,,,COVID-19,None,2023-02-06,2023-01-26,205 Cummer Ave,Cummer Lodge - 3 North,LTCH,Respiratory,950
N,,,Respiratory syncytial virus,None,2023-02-14,2023-01-26,22 Norfinch Dr,Norfinch Care Community - Unit 2A,LTCH,Respiratory,951
N,,,COVID-19,None,2023-02-07,2023-01-26,2075 Bayview Ave,Sunnybrook Health Sciences Centre - Sunnybrook Veterans Centre - K2W,LTCH,Respiratory,952
N,,,COVID-19,None,2023-02-23,2023-01-25,5935 Bathurst St,Cheltenham Care Community - 2nd Fl,LTCH,Respiratory,953
N,,,COVID-19,None,2023-01-31,2023-01-24,3560 Bathurst St,Jewish Home for the Aged - 2GS,LTCH,Respiratory,954
N,,,Parainfluenza,None,2023-02-13,2023-01-24,77 Main St,Main Street Terrace - 2nd Fl,LTCH,Respiratory,955
N,,,COVID-19,None,2023-02-13,2023-01-24,77 Main St,Main Street Terrace - 2nd Fl,LTCH,Respiratory,956
N,,,Metapneumovirus,None,2023-02-02,2023-01-24,740 Pape Ave,Nisbet Lodge - 9th Fl,LTCH,Respiratory,957
N,,,Rhinovirus,None,2023-02-09,2023-01-24,400 The West Mall,Wesburn Manor - 2nd Fl,LTCH,Respiratory,958
N,,,Unable to identify,None,2023-02-09,2023-01-23,3593 Keele St,Downsview Long Term Care Centre - Unit 1 North,LTCH,Respiratory,959
N,,,Respiratory syncytial virus,None,2023-02-26,2023-01-23,420 The East Mall,Eatonville Care Centre - Unit 5,LTCH,Respiratory,960
N,,,Respiratory syncytial virus,None,2023-02-09,2023-01-23,59 Lawson Rd,Tony Stacey Centre For Veterans' Care,LTCH,Respiratory,961
N,,,Coronavirus*,None,2023-02-02,2023-01-23,40 Playfair Ave,Villa Colombo - 4 Fusco West & 4 Fusco South,LTCH,Respiratory,962
N,,,COVID-19,None,2023-02-02,2023-01-23,101 Humber College Boulevard,William Osler Health System - Etobicoke - 6W,Hospital-Acute Care,Respiratory,963
N,,,Respiratory syncytial virus,None,2023-02-13,2023-01-22,1925 Steeles Ave,Chartwell Gibson Long Term Care Residence - 3rd Fl,LTCH,Respiratory,964
N,,,COVID-19,None,2023-02-01,2023-01-22,55 Ameer Ave,Terraces of Baycrest - 4th Fl,Retirement Home,Respiratory,965
N,,,COVID-19,None,2023-02-01,2023-01-22,30 The Queensway,Unity Health Toronto - St. Joseph's - 3M,Hospital-Acute Care,Respiratory,966
N,,,COVID-19,None,2023-02-02,2023-01-21,3560 Bathurst Street,Baycrest Hospital - North York - 5E,Hospital-Chronic Care,Respiratory,967
N,,,COVID-19,None,2023-02-23,2023-01-21,5 Resurrection Rd,Labdara Lithuanian Nursing Home - 2nd Fl,LTCH,Respiratory,968
N,,,Respiratory syncytial virus,None,2023-01-30,2023-01-20,439 Sherbourne St,Fudger House - 2 East,LTCH,Respiratory,969
N,,,Respiratory syncytial virus,None,2023-01-24,2023-01-20,28 Halton St,Maynard Nursing Home - 2nd Fl,LTCH,Respiratory,970
N,,,COVID-19,None,2023-01-27,2023-01-20,2075 Bayview Avenue,Sunnybrook Health Sciences Centre - Bayview Campus - C4,Hospital-Acute Care,Respiratory,971
N,,,COVID-19,None,2023-02-07,2023-01-20,146 Sumach St,The Sumach by Chartwell,Retirement Home,Respiratory,972
N,,,COVID-19,None,2023-02-02,2023-01-20,399 Bathurst Street,University Health Network - Toronto Western - 3B,Hospital-Acute Care,Respiratory,973
N,,,Unable to identify,None,2023-01-25,2023-01-19,537 Finch Ave W,Forestview Retirement Residence,Retirement Home,Enteric,974
N,,,COVID-19,None,2023-01-31,2023-01-19,3560 Bathurst St,Jewish Home for the Aged - 4GS,LTCH,Respiratory,975
N,,,Parainfluenza PIV III,None,2023-02-11,2023-01-19,2 Buchan Crt,North York General Hospital - Seniors' Health Centre,LTCH,Respiratory,976
N,,,COVID-19,None,2023-01-30,2023-01-19,2075 Bayview Ave,Sunnybrook Health Sciences Centre - Sunnybrook Veterans Centre - LTSE & LTSW,LTCH,Respiratory,977
N,,,COVID-19,None,2023-01-27,2023-01-19,30 Bond Street,Unity Health Toronto - St. Michael's - 14CC Locked Unit,Hospital-Acute Care,Respiratory,978
N,,,Parainfluenza,Rhinovirus,2023-01-26,2023-01-18,9 Neilson Rd,Seven Oaks - 3rd Fl,LTCH,Respiratory,979
N,,,COVID-19,None,2023-01-24,2023-01-18,600 University Avenue,Sinai Health System - Mount Sinai - 10S,Hospital-Acute Care,Respiratory,980
N,,,Coronavirus*,None,2023-02-01,2023-01-17,150 Dunn Ave,Lakeside Long Term Care Centre - 2nd Fl,LTCH,Respiratory,981
N,,,COVID-19,None,2023-01-24,2023-01-17,4001 Leslie Street,North York General Hospital - General Site - 4W,Hospital-Acute Care,Respiratory,982
N,,,Influenza A (H3),None,2023-01-28,2023-01-17,550 University Ave,UHN Toronto Rehabilitation Institute - University Centre - South 5,Hospital-Chronic Care,Respiratory,983
N,,,Coronavirus*,None,2023-01-27,2023-01-16,3555 Danforth Ave,Chester Village - 2E,LTCH,Respiratory,984
N,,,COVID-19,None,2023-02-13,2023-01-16,1 Northwestern Ave,Harold and Grace Baker Centre - C Wing,LTCH,Respiratory,985
N,,,Unable to identify,None,2023-01-31,2023-01-16,130 Midland Ave,Midland Gardens Care Community - 6th Fl,LTCH,Respiratory,986
N,,,COVID-19,None,2023-02-06,2023-01-16,4650 Eglinton Avenue West,Parkland on Eglinton West - 2nd & 4th Fl (West Tower),Retirement Home,Respiratory,987
N,,,COVID-19,None,2023-02-02,2023-01-14,3560 Bathurst Street,Baycrest Hospital - North York - H7W,Hospital-Chronic Care,Respiratory,988
N,,,COVID-19,None,2023-02-16,2023-01-14,400 The West Mall,Wesburn Manor - 2nd & 3rd Fl,LTCH,Respiratory,989
N,,,Parainfluenza,None,2023-01-31,2023-01-13,1800 O'Connor Dr,Fountain View Care Community - 1A,LTCH,Respiratory,990
N,,,Respiratory syncytial virus,None,2023-01-23,2023-01-13,541 Finch Ave,Valleyview Residence - 3 West,Retirement Home,Respiratory,991
N,,,Norovirus,None,2023-01-27,2023-01-12,19 Rean Dr,Amica Bayview Gardens,Retirement Home,Enteric,992
N,,,COVID-19,None,2023-01-30,2023-01-12,40 Bell Estate Rd,Ina Grafton Gage Home - 3rd Fl,LTCH,Respiratory,993
N,,,COVID-19,None,2023-01-26,2023-01-12,4251 Dundas Street W,Kingsway - Dining Hall,Retirement Home,Respiratory,994
N,,,COVID-19,None,2023-03-06,2023-01-12,61 Fairfax Cres,"Presentation Manor for Seniors - 1st, 2nd, 3rd & 4th Fl",Retirement Home,Respiratory,995
N,,,COVID-19,None,2023-01-21,2023-01-12,200 Church Street,RCC - Humber River Hospital - Church Site - C2N,Transitional Care,Respiratory,996
N,,,COVID-19,None,2023-01-24,2023-01-12,148 Markham Rd,Scarborough Retirement Residence - 5th Fl,Retirement Home,Respiratory,997
N,,,Influenza A (Not subtyped),None,2023-01-18,2023-01-12,2075 Bayview Ave,Sunnybrook Health Sciences Centre - K3E,Hospital-Acute Care,Respiratory,998
N,,,COVID-19,None,2023-01-26,2023-01-12,1860 Lawrence Ave E,The Wexford - 2nd Fl,LTCH,Respiratory,999
N,,,COVID-19,None,2023-01-19,2023-01-12,3276 St. Clair Avenue East,Unity Health Toronto - Providence - B5,Hospital-Chronic Care,Respiratory,1000
N,,,Influenza A (Not subtyped),,2023-01-13,2022-12-31,1925 Steeles Ave E,Chartwell Gibson Long Term Care Residence - Unit 3,LTCH,Respiratory,1
N,,,COVID-19,,2023-01-23,2022-12-31,600 Melita Cres,Christie Gardens - Seaton,Retirement Home,Respiratory,2
N,,,COVID-19,,2023-01-20,2022-12-31,3197 Lakeshore Blvd,Lakeshore Lodge - 2 North,LTCH,Respiratory,3
N,,,Respiratory syncytial virus,,2023-01-09,2022-12-31,4 Teddington Park Ave,The Teddington - 3rd Fl,Retirement Home,Respiratory,4
N,,,COVID-19,,2023-01-13,2022-12-30,4180 Dundas Street W,Delmanor Prince Edward - Etobicoke - 6th Fl,Retirement Home,Respiratory,5
N,,,COVID-19,,2023-02-02,2022-12-30,2411 Lawrence Ave E,Hellenic Home - 2B & 3B,LTCH,Respiratory,6
N,,,Respiratory syncytial virus,,2023-01-13,2022-12-30,1400 Kennedy Rd,Kennedy Lodge - Main North 1st Fl,LTCH,Respiratory,7
N,,,COVID-19,,2023-01-09,2022-12-30,2075 Bayview Ave,Sunnybrook Health Sciences Centre - Sunnybrook Veterans Centre - LTSW,LTCH,Respiratory,8
N,,,COVID-19,,2023-01-10,2022-12-30,1145 Albion Rd,Westside - Etobicoke - 4th Fl,LTCH,Respiratory,9
N,,,COVID-19,,2023-01-18,2022-12-29,205 Cummer Ave,Cummer Lodge - 3 South & Main Fl (SCU),LTCH,Respiratory,10
N,,,COVID-19,,2023-01-25,2022-12-29,2233 Kipling Ave,Kipling Acres - 1S (Humber & Pinepoint) & 2S (Elms),LTCH,Respiratory,11
N,,,COVID-19,,2023-01-23,2022-12-29,285 Cummer Avenue,Sunnybrook Health Sciences Centre - St. John's Rehab - A4,Hospital-Chronic Care,Respiratory,12
N,,,COVID-19,,2023-01-25,2022-12-29,60 Richview Road,Ukrainian Canadian Care Centre - 2nd & 3rd Fl,LTCH,Respiratory,13
N,,,COVID-19,,2023-01-18,2022-12-29,3276 St. Clair Avenue East,Unity Health Toronto - Providence - B4,Hospital-Chronic Care,Respiratory,14
N,,,COVID-19,,2023-01-11,2022-12-29,30 The Queensway,Unity Health Toronto - St. Joseph's - 6G,Hospital-Acute Care,Respiratory,15
N,,,COVID-19,,2023-01-16,2022-12-29,2311 McNicoll Ave,Yee Hong Centre - Scarborough McNicoll - 2nd Fl,LTCH,Respiratory,16
N,,,COVID-19,,2023-01-19,2022-12-28,429 Walmer Road,Cedarvale Terrace - 2nd Fl,LTCH,Respiratory,17
N,,,COVID-19,,2023-01-16,2022-12-28,138 Dowling Ave,"Chartwell White Eagle Long Term Care Residence - 2nd, 3rd & 4th Fl",LTCH,Respiratory,18
N,,,Unable to identify,,2023-01-05,2022-12-28,102 Craiglee Dr,Craiglee Nursing Home - 3rd Fl West,LTCH,Enteric,19
N,,,CPE Unspecified (NDM),,2023-01-16,2022-12-28,2075 Bayview Ave,Sunnybrook Health Sciences Centre - K3CA,Hospital-Acute Care,Other,20
N,,,COVID-19,,2023-01-11,2022-12-28,3276 St. Clair Avenue East,Unity Health Toronto - Providence - B3,Hospital-Chronic Care,Respiratory,21
N,,,COVID-19,,2023-01-17,2022-12-28,541 Finch Ave W,Valleyview Residence - 4 East,LTCH,Respiratory,22
N,,,COVID-19,,2023-01-14,2022-12-28,82 Buttonwood Avenue,West Park Long Term Care Centre - Hughes & Prittie,LTCH,Respiratory,23
N,,,COVID-19,,2023-01-18,2022-12-27,10 Senlac Rd,Chartwell Lansing Retirement Residence - 3rd Fl,Retirement Home,Respiratory,24
N,,,COVID-19,,2023-01-19,2022-12-27,30 The Queensway,Unity Health Toronto - St. Joseph's - 4M,Hospital-Acute Care,Respiratory,25
N,,,Respiratory syncytial virus,Rhinovirus,2023-01-14,2022-12-26,205 Cummer Ave,Cummer Lodge - 4 South & North,LTCH,Respiratory,26
N,,,Respiratory syncytial virus,,2023-01-04,2022-12-26,35 Elm Grove Ave,Elm Grove Living Centre - 2nd Fl,LTCH,Respiratory,27
N,,,Norovirus-like,,2023-01-03,2022-12-26,60 Guildwood Pky,Extendicare Guildwood - West Unit,LTCH,Enteric,28
N,,,Influenza A (Not subtyped),,2023-01-16,2022-12-26,111 Avenue Rd,Hazelton Place Retirement Residence,Retirement Home,Respiratory,29
N,,,COVID-19,,2023-01-05,2022-12-26,4001 Leslie Street,North York General Hospital - General Site - 6N,Hospital-Acute Care,Respiratory,30
N,,,Norovirus-like,,2023-01-13,2022-12-25,550 Cummer Ave,Extendicare Bayview,LTCH,Enteric,31
N,,,COVID-19,,2023-01-23,2022-12-24,215 Tyrrel Avenue,Hellenic Care for Seniors,LTCH,Respiratory,32
N,,,COVID-19,,2023-01-31,2022-12-24,130 Midland Ave,Midland Gardens Care Community - 6th Fl,LTCH,Respiratory,33
N,,,Respiratory syncytial virus,Influenza A (Not subtyped),2023-01-06,2022-12-24,450 Rustic Rd,North Park Nursing Home - 1st & 2nd Fl,LTCH,Respiratory,34
N,,,Norovirus-like,,2023-01-10,2022-12-23,520 Markham Rd,Cedarbrook Lodge TCU - 6th Fl,Retirement Home,Enteric,35
N,,,COVID-19,,2023-01-12,2022-12-23,1001 Queen Street West,Centre For Addiction and Mental Health - Queen Street Site - Unit 3-5/ATU,Hospital-Psychiatric,Respiratory,36
N,,,COVID-19,,2023-01-09,2022-12-23,1035 Eglinton Avenue W,Pine Villa Seniors Transitional Care - 2nd & 3rd Fl (Sprint),Hospital-Chronic Care,Respiratory,37
N,,,COVID-19,,2023-01-08,2022-12-23,2111 Finch Avenue West,RCC - Humber River Hospital - Finch Site - 6 East,Hospital-Chronic Care,Respiratory,38
N,,,COVID-19,,2023-01-06,2022-12-23,399 Bathurst Street,University Health Network - Toronto Western - 6AB,Hospital-Acute Care,Respiratory,39
N,,,COVID-19,,2023-01-16,2022-12-23,60 Scottfield Dr,Yee Hong Centre - Scarborough Finch - 5th Fl North,LTCH,Respiratory,40
N,,,COVID-19,,2023-01-02,2022-12-22,1140 Bloor St W,New Horizons Tower - 3rd Fl,Retirement Home,Respiratory,41
N,,,COVID-19,,2023-01-01,2022-12-22,1029 McNicoll Ave,Scarborough Health Network - Scarborough General - Satellite Transitional Care Unit,Hospital-Acute Care,Respiratory,42
N,,,Respiratory syncytial virus,,2022-12-28,2022-12-22,140 Sherway Dr,Trillium Health Partners - McCall Centre for Continuing Care - 2nd Fl CCC,Hospital-Chronic Care,Respiratory,43
N,,,COVID-19,,2022-12-31,2022-12-22,200 Elizabeth Street,University Health Network - Toronto General - 8ES,Hospital-Acute Care,Respiratory,44
N,,,Influenza A (Not subtyped),,2023-01-04,2022-12-21,2045 Finch Ave W,"Hawthorne Place Care Centre - 1st Fl, 3rd Fl & Convalescent Unit",LTCH,Respiratory,45
N,,,COVID-19,,2023-01-05,2022-12-21,47 Austin Terr,Hillcrest Reactivation Centre - 3rd Fl,Transitional Care,Respiratory,46
N,,,COVID-19,,2023-01-03,2022-12-21,221 Milner Ave,Sts. Peter and Paul Residence - 3rd Fl,Retirement Home,Respiratory,47
N,,,COVID-19,,2023-01-12,2022-12-21,399 Bathurst Street,University Health Network - Toronto Western - 8B,Hospital-Acute Care,Respiratory,48
N,,,Norovirus-like,,2023-01-05,2022-12-20,520 Markham Rd,"Cedarbrook Lodge Retirement Residence - 2nd, 3rd & 5th Fl",Retirement Home,Enteric,49
N,,,COVID-19,,2023-01-03,2022-12-20,1 Bridgepoint Dr,Sinai Health System - Hennick Bridgepoint - 2N,Hospital-Chronic Care,Respiratory,50
N,,,Respiratory syncytial virus,,2022-12-26,2022-12-20,3276 St. Clair Ave E,Unity Health Toronto - Houses of Providence - HOP 3W,LTCH,Respiratory,51
N,,,COVID-19,,2023-01-09,2022-12-20,3276 St Clair Ave E,Unity Health Toronto - Houses of Providence - HOP 4W Oak & Willow,LTCH,Respiratory,52
N,,,COVID-19,,2023-01-16,2022-12-19,3555 Danforth Ave,Chester Village - 2W,LTCH,Respiratory,53
N,,,COVID-19,,2023-01-06,2022-12-19,625 Runnymede Road,Runnymede Healthcare Centre - 3 West,Hospital-Chronic Care,Respiratory,54
N,,,COVID-19,,2023-01-08,2022-12-19,600 University Avenue,Sinai Health System - Mount Sinai - 10N,Hospital-Acute Care,Respiratory,55
N,,,COVID-19,,2023-01-02,2022-12-19,600 University Avenue,Sinai Health System - Mount Sinai - 9S,Hospital-Acute Care,Respiratory,56
N,,,Influenza A (Not subtyped),,2022-12-30,2022-12-18,2920 Lawrence Ave E,Bendale Acres - 5th Fl,LTCH,Respiratory,57
N,,,COVID-19,,2023-01-04,2022-12-18,22 Norfinch Dr,Norfinch Care Community - Unit 3B,LTCH,Respiratory,58
N,,,COVID-19,,2023-01-10,2022-12-18,265 Queens Dr,University Health Network - Transitional Care Program - Queens Estate - 6th Fl,Transitional Care,Respiratory,59
N,,,COVID-19,,2023-01-07,2022-12-17,3276 St. Clair Avenue East,Unity Health Toronto - Providence - A5,Hospital-Chronic Care,Respiratory,60
N,,,COVID-19,,2023-02-04,2022-12-17,303 Queens Dr,Weston Gardens Retirement Residence,Retirement Home,Respiratory,61
N,,,COVID-19,,2022-12-25,2022-12-16,500 Kingston Rd,Atrium at Kew Beach - Michael Garron Hospital Affiliated Unit - 3rd Fl,Hospital-Acute Care,Respiratory,62
N,,,Unable to identify,,2022-12-29,2022-12-16,1000 Ellesmere Rd,Fieldstone Commons Care Community - 3rd Fl (3A),LTCH,Enteric,63
N,,,Respiratory syncytial virus,,2023-01-13,2022-12-16,1 Northwestern Ave,Harold And Grace Baker Centre - A-Wing,LTCH,Respiratory,64
N,,,COVID-19,,2023-01-03,2022-12-16,30 The Queensway,Unity Health Toronto - St. Joseph's - 3M,Hospital-Acute Care,Respiratory,65
N,,,COVID-19,,2023-01-09,2022-12-16,82 Buttonwood Avenue,West Park Long Term Care Centre - Glenwyld House,LTCH,Respiratory,66
N,,,COVID-19,,2022-12-25,2022-12-15,1001 Queen Street West,Centre for Addiction and Mental Health - Queen Street Site - PRT7,Hospital-Chronic Care,Respiratory,67
N,,,COVID-19,,2023-01-05,2022-12-15,2030 McNicoll Ave,Mon Sheong Scarborough Long Term Care Centre - 2 North & 2 South,LTCH,Respiratory,68
N,,,COVID-19,,2022-12-23,2022-12-15,30 Bond Street,Unity Health Toronto - St. Michael's - 14CG,Hospital-Acute Care,Respiratory,69
N,,,COVID-19,,2022-12-20,2022-12-14,825 Coxwell Avenue,Michael Garron Hospital - H7,Hospital-Acute Care,Respiratory,70
N,,,COVID-19,,2023-01-29,2022-12-14,3760 Sheppard Avenue East,Shepherd Lodge - 5th Fl South & 6th Fl North,LTCH,Respiratory,71
N,,,COVID-19,,2022-12-23,2022-12-14,3276 St Clair Ave E,Unity Health Toronto - Houses of Providence - 2 West,LTCH,Respiratory,72
N,,,COVID-19,,2023-01-02,2022-12-14,200 Elizabeth Street,University Health Network - Toronto General - 9ES,Hospital-Acute Care,Respiratory,73
N,,,Unable to identify,,2023-01-05,2022-12-14,541 Finch Ave W,Valleyview Residence - 4 West,Retirement Home,Respiratory,74
N,,,COVID-19,,2022-12-26,2022-12-13,92 Island Rd,Altamont Care Community - Wing 4,LTCH,Respiratory,75
N,,,Respiratory syncytial virus,,2022-12-22,2022-12-13,65 Livingston Rd,Chartwell Guildwood Retirement Residence - Memory Living,Retirement Home,Respiratory,76
N,,,Enterovirus/Rhinovirus,,2022-12-27,2022-12-13,3830 Lawrence Ave E,Extendicare Scarborough - 2 East,LTCH,Respiratory,77
N,,,COVID-19,,2023-01-11,2022-12-13,439 Sherbourne St,Fudger House - 3W,LTCH,Respiratory,78
N,,,COVID-19,,2022-12-22,2022-12-13,146 Sumach St,The Sumach by Chartwell - 7th Fl,Retirement Home,Respiratory,79
N,,,COVID-19,,2023-01-02,2022-12-13,3276 St Clair Ave E,Unity Health Toronto - Houses of Providence - 1W - Balsam House,LTCH,Respiratory,80
N,,,COVID-19,,2022-12-23,2022-12-13,3276 St Clair Ave E,Unity Health Toronto - Providence - A4,Hospital-Chronic Care,Respiratory,81
N,,,COVID-19,,2022-12-23,2022-12-12,4005 Eglinton Avenue W,Chartwell Scarlett Heights Retirement Residence - 3rd Fl,Retirement Home,Respiratory,82
N,,,Influenza A (H3),,2022-12-21,2022-12-12,205 Cummer Ave,Cummer Lodge - 4th Fl,LTCH,Respiratory,83
N,,,Respiratory syncytial virus,"Metapneumovirus, Rhinovirus",2023-01-18,2022-12-12,439 Sherbourne St,"Fudger House - 1 East, 1 West & 2 West",LTCH,Respiratory,84
N,,,COVID-19,,2023-01-01,2022-12-12,625 Runnymede Road,Runnymede Healthcare Centre - 3E,Hospital-Chronic Care,Respiratory,85
N,,,COVID-19,,2022-12-22,2022-12-12,2075 Bayview Avenue,Sunnybrook Health Sciences Centre - Bayview Campus - C2,Hospital-Acute Care,Respiratory,86
N,,,Unable to identify,,2022-12-17,2022-12-12,123 Spadina Rd,The Annex - 4th Fl,Retirement Home,Enteric,87
N,,,Parainfluenza,,2022-12-20,2022-12-12,77 Dunfield Ave,The Dunfield Retirement Residence - 4th Fl,Retirement Home,Respiratory,88
N,,,Influenza A (Not subtyped),"Rhinovirus, Respiratory syncytial virus",2023-01-01,2022-12-12,25 Brunswick Ave,"The Kensington Gardens - 1E, 2E & 3E",LTCH,Respiratory,89
N,,,Respiratory syncytial virus,,2022-12-19,2022-12-12,140 Sherway Dr,Trillium Health Partners - McCall Centre for Continuing Care - 2nd Fl,Hospital-Chronic Care,Respiratory,90
N,,,Respiratory syncytial virus,,2022-12-21,2022-12-11,495 The West Mall,Chartwell Westbury Long Term Care Residence - 3rd Fl,LTCH,Respiratory,91
N,,,COVID-19,,2023-01-03,2022-12-11,66 Roncesvalles Ave,"Copernicus Lodge - 2S, 3S & 2N",LTCH,Respiratory,92
N,,,COVID-19,,2022-12-20,2022-12-11,2075 Bayview Avenue,Sunnybrook Health Sciences Centre - Bayview Campus - K3C Complex Malignant Haematology Unit,Hospital-Acute Care,Respiratory,93
N,,,COVID-19,,2022-12-20,2022-12-11,30 The Queensway,Unity Health Toronto - St. Joseph's - 2M,Hospital-Acute Care,Respiratory,94
N,,,COVID-19,,2022-12-28,2022-12-10,495 The West Mall,Chartwell Westbury Long Term Care Residence - 3rd Fl,LTCH,Respiratory,95
N,,,COVID-19,,2023-01-09,2022-12-10,95 Humber College Blvd,Humber Valley Terrace,LTCH,Respiratory,96
N,,,Influenza A (Not subtyped),,2022-12-18,2022-12-09,66 Roncesvalles Ave,Copernicus Lodge - 5th Fl,LTCH,Respiratory,97
N,,,COVID-19,,2023-01-03,2022-12-09,551 Conlins Rd,Extendicare Rouge Valley - 2nd Fl Morningside,LTCH,Respiratory,98
N,,,COVID-19,,2023-01-27,2022-12-09,1000 Ellesmere Rd,"Fieldstone Commons Care Community - 2B, 3B & 4B",LTCH,Respiratory,99
N,,,Unable to identify,,2022-12-15,2022-12-09,25 Brunswick Ave,"Kensington Gardens - South Building - 1E, 2E & 2W",LTCH,Enteric,100
N,,,COVID-19,,2023-01-03,2022-12-09,3197 Lakeshore Blvd,"Lakeshore Lodge - 3N, 4S & 4N",LTCH,Respiratory,101
N,,,COVID-19,,2022-12-20,2022-12-09,200 Elizabeth Street,University Health Network - Toronto General - 7MA,Hospital-Acute Care,Respiratory,102
N,,,COVID-19,,2022-12-19,2022-12-09,82 Buttonwood Avenue,West Park Healthcare Centre - ABI (Acquired Brain Injury),Hospital-Chronic Care,Respiratory,103
N,,,Norovirus-like,,2022-12-26,2022-12-08,40 Old Kingston Rd,"Ehtare Retirement Home - 1st, 2nd & 3rd Fl",Retirement Home,Enteric,104
N,,,Respiratory syncytial virus,Enterovirus/Rhinovirus,2023-01-03,2022-12-08,551 Conlins Rd,Extendicare Rouge Valley - 2nd Fl Cedar Ridge & 3rd Fl Meadowvale,LTCH,Respiratory,105
N,,,Influenza A (Not subtyped),,2022-12-20,2022-12-08,3197 Lakeshore Blvd,"Lakeshore Lodge - 2 North, 3 North, 3 South & 4 South",LTCH,Respiratory,106
N,,,COVID-19,,2023-01-20,2022-12-08,9 Neilson Rd,"Seven Oaks - 2nd, 4th & 5th Fl",LTCH,Respiratory,107
N,,,COVID-19,,2022-12-22,2022-12-08,345 Sherbourne St,Sherbourne Place - 4th Fl,LTCH,Respiratory,108
N,,,Respiratory syncytial virus,,2022-12-24,2022-12-08,4 Teddington Park Ave,The Teddington Retirement Residence - 2nd & 5th Fl,Retirement Home,Respiratory,109
N,,,Coronavirus*,,2022-12-28,2022-12-07,2920 Lawrence Ave E,Bendale Acres - 1W/CSU & 2nd Fl East,LTCH,Respiratory,110
N,,,COVID-19,,2022-12-16,2022-12-07,155 Millwood Rd,Isabel and Arthur Meighen Manor - Coombs Unit,LTCH,Respiratory,111
N,,,COVID-19,,2023-01-13,2022-12-07,17 Maplewood Ave,Rose of Sharon Korean Long Term Care - 5th & 6th Fl,LTCH,Respiratory,112
N,,,COVID-19,,2022-12-23,2022-12-07,1 Bridgepoint Dr,Sinai Health System - Hennick Bridgepoint - 9N,Hospital-Chronic Care,Respiratory,113
N,,,COVID-19,,2022-12-23,2022-12-07,685 Finch Avenue,St. Bernard's Residence - 3rd Fl,Retirement Home,Respiratory,114
N,,,COVID-19,,2022-12-16,2022-12-07,3276 St. Clair Avenue East,Unity Health Toronto - Providence - B3,Hospital-Chronic Care,Respiratory,115
N,,,COVID-19,,2022-12-22,2022-12-06,111 Avenue Rd,Hazelton Place Retirement Residence - 2nd & 6th Fl,Retirement Home,Respiratory,116
N,,,COVID-19,,2022-12-17,2022-12-06,1235 Wilson Avenue,Humber River Hospital - Wilson - 13 West,Hospital-Acute Care,Respiratory,117
N,,,COVID-19,,2023-01-19,2022-12-06,200 Dawes Rd,True Davidson Acres - 3rd & 4th Fl,LTCH,Respiratory,118
N,,,COVID-19,,2022-12-20,2022-12-05,500 Kingston Rd.,Atrium at Kew Beach - Michael Garron Hospital Affiliated Unit - 2nd Fl East,Hospital-Chronic Care,Respiratory,119
N,,,Rhinovirus,,2022-12-12,2022-12-05,1-3 Kenton Dr,One Kenton Place - Activities Rm Main Fl & 3rd Fl,Retirement Home,Respiratory,120
N,,,COVID-19,,2022-12-23,2022-12-05,2111 Finch Ave W,RCC - Mackenzie Health Hospital - Finch Site - 3 East,Hospital-Chronic Care,Respiratory,121
N,,,Influenza A (Not subtyped),,2022-12-22,2022-12-05,2245 Lawrence Ave W,"The Village of Humber Heights - Alderwood, Brule & Lambton",LTCH,Respiratory,122
N,,,COVID-19,,2022-12-17,2022-12-05,200 Elizabeth Street,University Health Network - Toronto General - 14ES,Hospital-Acute Care,Respiratory,123
N,,,COVID-19,,2022-12-29,2022-12-04,3276 St Clair Ave E,Unity Health Toronto - Houses of Providence - Maple House - 1st Fl West,LTCH,Respiratory,124
N,,,COVID-19,,2023-01-16,2022-12-03,10 -14 William Morgan Drive,"Leaside Retirement Residence - Bldg 10, 2nd Fl",Retirement Home,Respiratory,125
N,,,COVID-19,,2023-01-30,2022-12-03,2245 Lawrence Ave W,"The Village of Humber Heights - Lambton, Islington, Weston, Brule, Wadsworth & Alderwood",LTCH,Respiratory,126
N,,,COVID-19,,2022-12-21,2022-12-03,40 Playfair Ave,Villa Colombo Homes for the Aged - 1st Fl Fidani,LTCH,Respiratory,127
N,,,Respiratory syncytial virus,,2022-12-13,2022-12-02,35 Elm Grove Ave,Elm Grove Living Centre - 2nd Fl,LTCH,Respiratory,128
N,,,COVID-19,,2022-12-20,2022-12-02,1 Northwestern Avenue,Harold and Grace Baker Centre - 3rd Fl,Retirement Home,Respiratory,129
N,,,Unable to identify,,2022-12-21,2022-12-02,101 Humber College Blvd,William Osler Health System - NICU,Hospital-Acute Care,Other,130
N,,,COVID-19,,2022-12-20,2022-12-01,500 Kingston Rd,Atrium at Kew Beach - Michael Garron Hospital Affiliated Unit - 1st Fl,Hospital-Chronic Care,Respiratory,131
N,,,COVID-19,,2022-12-11,2022-12-01,2030 McNicoll Ave,Mon Sheong Scarborough Long Term Care Centre - 3 South,LTCH,Respiratory,132
N,,,Influenza A (Not subtyped),,2022-12-15,2022-12-01,825 Coxwell Ave,Toronto East Health Network - Michael Garron Hospital - B2,Hospital-Acute Care,Respiratory,133
N,,,Influenza A (H3),,2022-12-09,2022-11-30,351 Christie St,Castleview Wychwood Towers - 7th Fl,LTCH,Respiratory,134
N,,,Influenza A (Not subtyped),,2022-12-14,2022-11-30,60 Guildwood Pky,Extendicare Guildwood - East Wing & West Wing Spur 1,LTCH,Respiratory,135
N,,,Influenza A (H3),,2022-12-16,2022-11-30,155 Millwood Rd,Isabel and Arthur Meighen Manor - Lawrence & Fisher Unit,LTCH,Respiratory,136
N,,,Influenza A (H3),,2022-12-05,2022-11-30,3197 Lakeshore Blvd W,Lakeshore Lodge - 2nd Fl South,LTCH,Respiratory,137
N,,,Respiratory syncytial virus,,2022-12-30,2022-11-30,740 Pape Ave,Nisbet Lodge - 3rd & 6th Fl,LTCH,Respiratory,138
N,,,COVID-19,,2022-12-18,2022-11-30,1340 York Mills Rd,Rayoak Place - 1st Fl,Retirement Home,Respiratory,139
N,,,Unable to identify,,2022-12-16,2022-11-30,795 Eglinton Ave E,Suomi Koti Nursing Home - 7th Fl,LTCH,Respiratory,140
N,,,COVID-19,,2022-12-15,2022-11-30,55 Ameer Ave,Terraces of Baycrest - 5th Fl,Retirement Home,Respiratory,141
N,,,Influenza A (Not subtyped),,2022-12-06,2022-11-30,2005 Lawrence Ave W,Weston Terrace Care Community - 2A,LTCH,Respiratory,142
N,,,COVID-19,,2022-12-08,2022-11-29,3560 Bathurst Street,Baycrest Hospital - North York - 6W,Hospital-Chronic Care,Respiratory,143
N,,,Influenza A (H3),,2022-12-05,2022-11-29,1 Canterbury Pl,Canterbury Place Retirement Residence - 5th Fl,Retirement Home,Respiratory,144
N,,,COVID-19,,2022-12-19,2022-11-29,1800 O'Connor Dr,Fountain View Care Community - 3A,LTCH,Respiratory,145
N,,,Unable to identify,,2022-12-09,2022-11-29,2233 Kipling Ave,Kipling Acres - 3S Alders,LTCH,Enteric,146
N,,,COVID-19,,2022-12-10,2022-11-29,1 Bridgepoint Dr,Sinai Health System - Hennick Bridgepoint - 10N,Hospital-Chronic Care,Respiratory,147
N,,,COVID-19,,2022-12-14,2022-11-29,1 Bridgepoint Dr,Sinai Health System - Hennick Bridgepoint - 8S,Hospital-Chronic Care,Respiratory,148
N,,,COVID-19,,2022-12-11,2022-11-29,2075 Bayview Avenue,Sunnybrook Health Sciences Centre - Bayview Campus - C6,Hospital-Acute Care,Respiratory,149
N,,,COVID-19,,2022-12-09,2022-11-29,2075 Bayview Ave,Sunnybrook Health Sciences Centre - Sunnybrook Veterans Centre - LGSE,LTCH,Respiratory,150
N,,,Influenza A (H3),,2022-12-07,2022-11-29,30 The Queensway,Unity Health Toronto - St. Joseph's Health Centre - 4M,Hospital-Acute Care,Respiratory,151
N,,,Influenza A (Not subtyped),,2022-12-08,2022-11-29,1145 Albion Rd,Westside - 2nd Fl,LTCH,Respiratory,152
N,,,COVID-19,,2022-12-12,2022-11-28,5351 Yonge St,"Delmanor Northtown - 2nd, 4th & 5th Fl",Retirement Home,Respiratory,153
N,,,Unable to identify,,2022-12-02,2022-11-28,1 Northwestern Ave,Harold And Grace Baker Centre - A-Wing,LTCH,Enteric,154
N,,,Unable to identify,,2022-12-21,2022-11-28,1 Northwestern Ave,Harold and Grace Baker Centre,Retirement Home,Respiratory,155
N,,,Unable to identify,,2022-12-13,2022-11-28,1 Northwestern Ave,Harold and Grace Baker Centre - C Wing,LTCH,Respiratory,156
N,,,Influenza A (Not subtyped),"Rhinovirus, Respiratory syncytial virus",2022-12-19,2022-11-28,10-14 William Morgan Dr,"Leaside Retirement Residence - Building 10, 3rd, 5th & 7th Fl",Retirement Home,Respiratory,157
N,,,Influenza A (Not subtyped),,2022-12-10,2022-11-28,2030 McNicoll Ave,Mon Sheong Foundation - 3 South,LTCH,Respiratory,158
N,,,COVID-19,,2022-12-07,2022-11-28,3015 Lawrence Ave E,Rockcliffe Care Community - Scarborough - 3rd Fl,LTCH,Respiratory,159
N,,,COVID-19,,2023-01-03,2022-11-28,3758 Sheppard Avenue E,Shepherd Terrace Retirement Residence - 3rd Fl,Retirement Home,Respiratory,160
N,,,Respiratory syncytial virus,,2022-12-15,2022-11-27,1925 Steeles Ave E,Chartwell Gibson Long Term Care Residence - 1st Fl,LTCH,Respiratory,161
N,,,COVID-19,,2022-12-08,2022-11-27,3560 Bathurst St,Jewish Home for the Aged - North York - 6RF,LTCH,Respiratory,162
N,,,COVID-19,,2022-12-06,2022-11-27,3276 St. Clair Avenue East,Unity Health Toronto - Providence - A3,Hospital-Acute Care,Respiratory,163
N,,,COVID-19,,2022-12-22,2022-11-26,399 Bathurst Street,University Health Network - Toronto Western - 8A,Hospital-Acute Care,Respiratory,164
N,,,COVID-19,,2022-12-05,2022-11-26,400 The West Mall,Wesburn Manor - Etobicoke - 2nd Fl,LTCH,Respiratory,165
N,,,Influenza A (Not subtyped),,2022-12-02,2022-11-26,303 Queens Dr,Weston Gardens Retirement Residence - 4th Fl,Retirement Home,Respiratory,166
N,,,COVID-19,,2022-12-05,2022-11-25,537 Finch Avenue,Advent Forestview Retirement Residence - 2nd Fl,Retirement Home,Respiratory,167
N,,,COVID-19,,2022-12-12,2022-11-25,180 Sheridan Ave,Bill McMurray Residence - 2nd Fl,Retirement Home,Respiratory,168
N,,,COVID-19,,2022-12-13,2022-11-25,1 Bridgepoint Dr,Sinai Health System - Hennick Bridgepoint - 7N,Hospital-Chronic Care,Respiratory,169
N,,,Respiratory syncytial virus,Parainfluenza,2022-12-20,2022-11-25,40 Playfair Ave,"Villa Colombo - 4 Fusco West, 4 Fusco North, 4 Fusco South & 4 Fidani",LTCH,Respiratory,170
N,,,COVID-19,,2022-12-06,2022-11-24,3560 Bathurst Street,Baycrest Hospital - North York - H5W,Hospital-Chronic Care,Respiratory,171
N,,,COVID-19,,2022-12-13,2022-11-24,600 Melita Cres,Christie Gardens - Annex & Cedarvale Neighborhood,Retirement Home,Respiratory,172
N,,,Influenza A (Not subtyped),,2022-12-06,2022-11-24,450 Rustic Rd,North Park Nursing Home,LTCH,Respiratory,173
N,,,COVID-19,,2022-12-13,2022-11-24,1 Bridgepoint Dr,Sinai Health System - Hennick Bridgepoint - 7S,Hospital-Chronic Care,Respiratory,174
N,,,COVID-19,,2022-12-15,2022-11-24,55 Ameer Ave,Terraces of Baycrest - 2nd Fl,Retirement Home,Respiratory,175
N,,,Influenza A (Not subtyped),,2022-12-20,2022-11-24,1195 Queen St E,"The Heritage Nursing Home - 2nd, 3rd & 4th Fl",LTCH,Respiratory,176
N,,,Influenza A (Not subtyped),,2022-12-08,2022-11-24,60 Richview Rd,Ukrainian Canadian Care Centre - 2nd Fl,LTCH,Respiratory,177
N,,,Influenza A (Not subtyped),,2022-12-02,2022-11-23,19 Reans Dr,Amica Bayview Gardens - 3rd Fl,LTCH,Respiratory,178
N,,,COVID-19,,2022-12-22,2022-11-23,3560 Bathurst Street,Baycrest Hospital - H7W,Hospital-Chronic Care,Respiratory,179
N,,,Influenza A (Not subtyped),,2023-01-10,2022-11-23,200 Dawes Rd,True Davidson Acres - 2nd & 4th Fl,LTCH,Respiratory,180
N,,,Influenza A (Not subtyped),,2022-12-09,2022-11-23,399 Bathurst St,UHN - Toronto Western Hospital - 3B,Hospital-Acute Care,Respiratory,181
N,,,COVID-19,,2022-12-02,2022-11-23,101 Humber College Boulevard,William Osler Health System - 9E - Medical & Palliative Unit,Hospital-Acute Care,Respiratory,182
N,,,Unable to identify,,2022-12-03,2022-11-22,2233 Kipling Ave,Kipling Acres - 3S Thistletown,LTCH,Respiratory,183
N,,,COVID-19,,2022-12-09,2022-11-22,2867 Ellesmere Road,Scarborough Health Network - Centenary - 9W,Hospital-Acute Care,Respiratory,184
N,,,COVID-19,,2022-12-19,2022-11-21,55 Belmont St,Belmont House - 2WW & 5WW,LTCH,Respiratory,185
N,,,Respiratory syncytial virus,,2022-12-09,2022-11-21,70 Humberline Dr,Deerwood Creek Care Community - Unit 3A (Memory Unit),LTCH,Respiratory,186
N,,,COVID-19,,2022-11-30,2022-11-21,123 Spadina Rd,The Annex - 2nd Fl,Retirement Home,Respiratory,187
N,,,COVID-19,,2022-12-01,2022-11-20,3560 Bathurst Street,Baycrest Hospital - North York - 7E,Hospital-Chronic Care,Respiratory,188
N,,,Influenza A (Not subtyped),,2022-12-09,2022-11-20,180 Sheridan Ave,Bill McMurray Residence - 7th Fl,Retirement Home,Respiratory,189
N,,,COVID-19,,2022-11-30,2022-11-20,3560 Bathurst St,Jewish Home for the Aged - 4GS,LTCH,Respiratory,190
N,,,Influenza A (H3N2),Parainfluenza,2022-12-05,2022-11-20,150 Dunn Ave,Lakeside Long Term Care Centre - 2nd & 4th Fl,LTCH,Respiratory,191
N,,,COVID-19,,2022-12-11,2022-11-20,625 Runnymede Road,Runnymede Healthcare Centre - 2 West,Hospital-Chronic Care,Respiratory,192
N,,,COVID-19,,2022-11-30,2022-11-20,1020 McNicoll Ave,The Salvation Army - Toronto Grace Health Ctr - Specialized Care Ctr - 5th Fl,Hospital-Chronic Care,Respiratory,193
N,,,COVID-19,,2022-11-30,2022-11-20,3276 St. Clair Avenue East,Unity Health Toronto - Providence - A4,Hospital-Chronic Care,Respiratory,194
N,,,COVID-19,,2022-11-29,2022-11-19,3276 St Clair Ave E,Unity Health Toronto - Houses of Providence - HOP2E - SPRUCE,LTCH,Respiratory,195
N,,,Respiratory syncytial virus,,2022-12-28,2022-11-18,55 Belmont St,Belmont House - 2E & 2WW,LTCH,Respiratory,196
N,,,Influenza A (H3),,2022-12-07,2022-11-18,1 Overland Dr,Better Living At Thompson House,LTCH,Respiratory,197
N,,,COVID-19,,2022-12-22,2022-11-18,1 Overland Dr,Better Living at Thompson House - 4th Fl,LTCH,Respiratory,198
N,,,COVID-19,,2022-12-13,2022-11-18,4251 Dundas Street W,"Kingsway - 2nd, 3rd & 4th Fl",Retirement Home,Respiratory,199
N,,,COVID-19,,2022-12-03,2022-11-18,1020 McNicoll Ave,Tendercare Living Centre - 3 East,LTCH,Respiratory,200
N,,,COVID-19,,2022-11-28,2022-11-18,82 Buttonwood Avenue,West Park Healthcare Centre - 3WD,Hospital-Chronic Care,Respiratory,201
N,,,COVID-19,,2022-12-03,2022-11-18,101 Humber College Boulevard,William Osler Health System - Etobicoke - 6W Medicine Unit,Hospital-Acute Care,Respiratory,202
N,,,Rhinovirus,,2022-11-28,2022-11-17,22 Norfinch Dr,Norfinch Care Community - Unit 3A,LTCH,Respiratory,203
N,,,COVID-19,,2022-12-05,2022-11-17,147 Elder Street,Sage Care Retirement Home - POD D - 2nd & 3rd Fl,Retirement Home,Respiratory,204
N,,,Unable to identify,,2022-11-26,2022-11-17,1860 Lawrence Ave E,The Wexford - 3rd Fl,LTCH,Respiratory,205
N,,,Influenza A (Not subtyped),,2022-11-24,2022-11-17,825 Coxwell Ave,Toronto East Health Network - Michael Garron Hospital - Withdrawal Management Services,Hospital-Acute Care,Respiratory,206
N,,,COVID-19,,2022-12-14,2022-11-16,2920 Lawrence Ave E,Bendale Acres - 5th & 6th Fl,LTCH,Respiratory,207
N,,,Respiratory syncytial virus,,2022-12-16,2022-11-16,1800 O'Connor Dr,Harmony Hills Care Community - 2nd Fl & 3B,LTCH,Respiratory,208
N,,,COVID-19,,2022-12-14,2022-11-16,1800 O'Connor Drive,Harmony Hills Care Community - 2nd Fl & 3B,LTCH,Respiratory,209
N,,,COVID-19,,2022-12-27,2022-11-16,2233 Kipling Ave,Kipling Acres - Alders 3S,LTCH,Respiratory,210
N,,,COVID-19,,2022-12-12,2022-11-16,77 Dunfield Ave,"The Dunfield Retirement Residence - 9th, 10th & 14th Fl",Retirement Home,Respiratory,211
N,,,COVID-19,,2022-12-07,2022-11-16,82 Buttonwood Avenue,West Park Healthcare Centre - 3EC,Hospital-Chronic Care,Respiratory,212
N,,,Rhinovirus,,2022-12-08,2022-11-15,1 Northwestern Ave,Harold And Grace Baker Centre - A Wing,LTCH,Respiratory,213
N,,,COVID-19,,2022-11-28,2022-11-15,2121 Kingston Rd,Retirement Suites by the Lake - 3rd Fl,Retirement Home,Respiratory,214
N,,,Influenza A (H3),,2022-11-26,2022-11-15,82 Buttonwood Ave,West Park Long Term Care Centre - Humber York Unit,LTCH,Respiratory,215
N,,,COVID-19,,2022-11-28,2022-11-14,495 The West Mall,Chartwell Westbury Long Term Care Residence - 8th Fl,LTCH,Respiratory,216
N,,,Enterovirus/Rhinovirus,Influenza A (Not subtyped),2022-12-12,2022-11-14,3595 Keele St,"Downsview Long Term Care Centre - 1 Centre, 2 Centre & 1 East, 2 East",LTCH,Respiratory,217
N,,,Influenza A (H3),,2022-11-21,2022-11-14,5 Resurrection Rd,Labdara Lithuanian Nursing Home - 1st Fl,LTCH,Respiratory,218
N,,,COVID-19,,2022-11-28,2022-11-14,4001 Leslie Street,North York General Hospital - General Site - 3N,Hospital-Acute Care,Respiratory,219
N,,,Coronavirus*,,2022-11-20,2022-11-14,82 Buttonwood Ave,West Park Long Term Care Centre - Glenwyld House,LTCH,Respiratory,220
N,,,Influenza A (Not subtyped),,2022-11-23,2022-11-13,45 Brunswick Ave,"Kensington Gardens North - North Building, 2 West",LTCH,Respiratory,221
N,,,COVID-19,,2022-12-05,2022-11-13,3030 Birchmount Rd.,Scarborough Health Network - Birchmount - G4C Medicine,Hospital-Acute Care,Respiratory,222
N,,,COVID-19,,2022-12-13,2022-11-13,1860 Lawrence Ave E,The Wexford - 3rd & 7th Fl,LTCH,Respiratory,223
N,,,COVID-19,,2022-12-01,2022-11-12,3276 St Clair Ave E,Unity Health Toronto - Houses of Providence - 3W,LTCH,Respiratory,224
N,,,COVID-19,,2022-11-19,2022-11-12,30 The Queensway,Unity Health Toronto - St. Joseph's - 4E,Hospital-Acute Care,Respiratory,225
N,,,COVID-19,,2022-11-24,2022-11-12,82 Buttonwood Avenue,West Park Healthcare Centre - 3EB - Amputee Unit,Hospital-Chronic Care,Respiratory,226
N,,,COVID-19,,2022-11-25,2022-11-11,3560 Bathurst Street,Baycrest Hospital - North York - H4E,Hospital-Chronic Care,Respiratory,227
N,,,COVID-19,,2022-11-24,2022-11-11,3560 Bathurst Street,Baycrest Hospital - North York - H6W,Hospital-Chronic Care,Respiratory,228
N,,,COVID-19,,2022-11-25,2022-11-11,351 Christie St,Castleview Wychwood Towers - Unit 2C,LTCH,Respiratory,229
N,,,COVID-19,,2022-12-28,2022-11-11,3595 Keele St,"Downsview Long Term Care Centre - 1 East, 2 Centre & 2 North",LTCH,Respiratory,230
N,,,COVID-19,,2022-11-17,2022-11-11,30 The Queensway,Unity Health Toronto - St. Joseph's - 7M,Hospital-Acute Care,Respiratory,231
N,,,COVID-19,,2022-11-21,2022-11-11,30 Bond Street,Unity Health Toronto - St. Michael's - Unit 8CS,Hospital-Acute Care,Respiratory,232
N,,,Influenza A (H3),,2022-11-24,2022-11-11,101 Humber College Blvd,William Osler Health System - 6W Medicine Unit,Hospital-Acute Care,Respiratory,233
N,,,COVID-19,,2022-12-09,2022-11-10,420 The East Mall,"Eatonville Care Centre - 2nd, 3rd, 4th & 5th Fl",LTCH,Respiratory,234
N,,,COVID-19,,2022-11-18,2022-11-10,30 Bond Street,Unity Health Toronto - St. Michael's - 16CN,Hospital-Acute Care,Respiratory,235
N,,,Metapneumovirus,,2022-11-14,2022-11-09,14 William Morgan Dr,"Leaside Retirement Residence - Building 10, 2nd Fl",Retirement Home,Respiratory,236
N,,,Influenza A (Not subtyped),,2022-11-23,2022-11-09,2245 Lawrence Ave W,The Villiage of Humber Heights - Wadsworth,LTCH,Respiratory,237
N,,,Enterovirus/Rhinovirus,,2022-11-14,2022-11-08,3595 Keele St,Downsview Long Term Care Centre - Unit 2 North,LTCH,Respiratory,238
N,,,Respiratory syncytial virus,Influenza A (Not subtyped),2022-12-15,2022-11-08,420 The East Mall,"Eatonville Care Centre - 2nd, 3rd, 4th & 5th Fl",LTCH,Respiratory,239
N,,,Influenza A (H3),,2022-11-28,2022-11-08,150 Kilgour Rd,Holland Bloorview Kids Rehabilitation Hospital - 3 West SODR,Hospital-Chronic Care,Respiratory,240
N,,,COVID-19,,2022-11-21,2022-11-08,866 Sheppard Avenue,Kensington Place Retirement Residence - 2nd Fl,Retirement Home,Respiratory,241
N,,,Respiratory syncytial virus,,2022-12-16,2022-11-08,610 University Ave,UHN - Princess Margaret Hospital - 14A,Hospital-Acute Care,Respiratory,242
N,,,Influenza A (H3),,2022-11-14,2022-11-08,82 Buttonwood Ave,West Park Healthcare Centre - 2EA,Hospital-Chronic Care,Respiratory,243
N,,,COVID-19,,2022-11-21,2022-11-07,1001 Queen Street West,Centre for Addiction and Mental Health - Queen Street Site - PRT5,Hospital-Psychiatric,Respiratory,244
N,,,COVID-19,,2022-11-26,2022-11-07,340 McCowan Rd,Chartwell Trilogy Long Term Care Residence - 7th Fl,LTCH,Respiratory,245
N,,,Unable to identify,,2022-11-21,2022-11-07,1195 Queen St E,The Heritage Nursing Home - 2nd Fl,LTCH,Respiratory,246
N,,,Respiratory syncytial virus,,2022-11-17,2022-11-06,4650 Eglinton Ave W,Parkland On Eglinton West - 3rd Fl West Tower,Retirement Home,Respiratory,247
N,,,COVID-19,,2022-11-17,2022-11-06,4650 Eglinton Avenue West,Parkland on Eglinton West - 3rd Fl West Tower,Retirement Home,Respiratory,248
N,,,COVID-19,,2022-11-24,2022-11-05,3050 Lawrence Ave E,Scarborough Health Network-Scarborough General - CP4,Hospital-Acute Care,Respiratory,249
N,,,COVID-19,,2022-11-20,2022-11-05,30 The Queensway,Unity Health Toronto - St. Joseph's - 4M,Hospital-Acute Care,Respiratory,250
N,,,COVID-19,,2022-12-07,2022-11-04,221 Milner Ave,Bayshore - 5th Fl,Transitional Care,Respiratory,251
N,,,COVID-19,,2022-11-15,2022-11-04,1020 McNicoll Ave,McNicoll Manor/Moll Berczy Haus - 5th Fl,Retirement Home,Respiratory,252
N,,,COVID-19,,2023-01-16,2022-11-04,740 Pape Ave,"Nisbet Lodge - 4th, 5th, 7th, 9th & 10th Fl",LTCH,Respiratory,253
N,,,COVID-19,,2022-11-21,2022-11-04,650 Church St,Salvation Army Toronto Grace Health Centre - 5A,Hospital-Chronic Care,Respiratory,254
N,,,COVID-19,,2022-11-20,2022-11-03,4001 Leslie Street,North York General Hospital - General Site - 5W,Hospital-Acute Care,Respiratory,255
N,,,COVID-19,,2022-11-22,2022-11-02,1066 Avenue Rd,Amica On the Avenue - Dining & Activities Rm,Retirement Home,Respiratory,256
N,,,COVID-19,,2022-12-22,2022-11-02,3030 Birchmount Rd,Scarborough Health Network - Birchmount - G4A,Hospital-Acute Care,Respiratory,257
N,,,COVID-19,,2022-11-14,2022-11-01,495 The West Mall,Chartwell Westbury Long Term Care Residence - 5th Fl,LTCH,Respiratory,258
N,,,COVID-19,,2022-12-01,2022-11-01,60 Guildwood Pky,Extendicare Guildwood - West Wing Spur 2,LTCH,Respiratory,259
N,,,COVID-19,,2022-11-12,2022-11-01,2075 Bayview Avenue,Sunnybrook Health Sciences Centre - Bayview Campus - D5,Hospital-Acute Care,Respiratory,260
N,,,COVID-19,,2022-11-13,2022-11-01,2075 Bayview Avenue,Sunnybrook Health Sciences Centre - Bayview Campus - Oncology - D6,Hospital-Acute Care,Respiratory,261
N,,,Respiratory syncytial virus,,2022-11-08,2022-11-01,82 Buttonwood Ave,West Park Healthcare Centre - 3WF,Hospital-Chronic Care,Respiratory,262
N,,,COVID-19,,2022-11-15,2022-11-01,82 Buttonwood Avenue,West Park Healthcare Centre - 3WF,Hospital-Chronic Care,Respiratory,263
N,,,COVID-19,,2022-11-29,2022-10-31,645 Castlefield Ave,Forest Hill Place - Dining Area,Retirement Home,Respiratory,264
N,,,Influenza A (H3),,2022-11-08,2022-10-31,1800 O'Connor Dr,Harmony Hills Care Community - 3B,LTCH,Respiratory,265
N,,,Rhinovirus,,2022-11-13,2022-10-31,150 Kilgour Rd,Holland Bloorview Kids Rehabilitation Hospital - 3 East,Hospital-Chronic Care,Respiratory,266
N,,,COVID-19,,2022-11-18,2022-10-31,2881 Eglinton Avenue E,McCowan Retirement Residence - 1st Fl,Retirement Home,Respiratory,267
N,,,COVID-19,,2022-11-12,2022-10-31,2111 Finch Avenue West,RCC - Humber River Hospital - Finch Site - 5 East,Hospital-Chronic Care,Respiratory,268
N,,,COVID-19,,2022-11-16,2022-10-31,221 Milner Ave,Sts. Peter and Paul Residence,Retirement Home,Respiratory,269
N,,,COVID-19,,2022-11-09,2022-10-31,30 Bond Street,Unity Health Toronto - St. Michael's - 14CG - Locked Unit,Hospital-Acute Care,Respiratory,270
N,,,COVID-19,,2022-11-17,2022-10-30,25 Centennial Park Rd,Centennial Park Place,Retirement Home,Respiratory,271
N,,,COVID-19,,2022-11-12,2022-10-30,439 Sherbourne St,Fudger House - 3E,LTCH,Respiratory,272
N,,,COVID-19,,2022-11-15,2022-10-30,2030 McNicoll Ave,Mon Sheong Scarborough Long Term Care Centre - 3rd Fl North,LTCH,Respiratory,273
N,,,Unable to identify,,2022-11-08,2022-10-30,1195 Queen St E,The Heritage Nursing Home - 4th Fl,LTCH,Respiratory,274
N,,,COVID-19,,2022-11-17,2022-10-30,30 The Queensway,Unity Health Toronto - St. Joseph's - 6G,Hospital-Acute Care,Respiratory,275
N,,,COVID-19,,2022-11-12,2022-10-28,54 Foxbar Rd,Bradgate Arms - 2nd & 6th Fl,Retirement Home,Respiratory,276
N,,,Rhinovirus,,2022-11-16,2022-10-28,740 Pape Ave,Nisbet Lodge - 10th Fl,LTCH,Respiratory,277
N,,,COVID-19,,2022-11-09,2022-10-28,3030 Birchmount Rd.,Scarborough Health Network - Birchmount - 3D,Hospital-Acute Care,Respiratory,278
N,,,COVID-19,,2022-11-06,2022-10-28,3276 St. Clair Avenue East,Unity Health Toronto - Providence - A5,Hospital-Chronic Care,Respiratory,279
N,,,COVID-19,,2022-11-05,2022-10-28,3276 St. Clair Avenue East,Unity Health Toronto - Providence - D3,Hospital-Chronic Care,Respiratory,280
N,,,COVID-19,,2022-11-15,2022-10-27,1001 Queen Street West,Centre For Addiction and Mental Health - Queen Street Site - Unit 1-2,Hospital-Psychiatric,Respiratory,281
N,,,COVID-19,,2022-11-27,2022-10-27,65 Livingston Rd,Chartwell Guildwood Retirement Residence,Retirement Home,Respiratory,282
N,,,COVID-19,,2022-11-14,2022-10-27,30 The Queensway,Unity Health Toronto - St. Joseph's - 3M,Hospital-Acute Care,Respiratory,283
N,,,COVID-19,,2022-11-10,2022-10-27,30 The Queensway,Unity Health Toronto - St. Joseph's - 6M,Hospital-Acute Care,Respiratory,284
N,,,COVID-19,,2022-11-11,2022-10-27,200 Elizabeth Street,University Health Network - Toronto General - 6MA,Hospital-Acute Care,Respiratory,285
N,,,COVID-19,,2022-11-13,2022-10-27,82 Buttonwood Avenue,West Park Healthcare Centre - 2EC (Geriatric Functional Enhancement),Hospital-Chronic Care,Respiratory,286
N,,,COVID-19,,2022-11-11,2022-10-26,19 Rean Dr,Amica Bayview Gardens - 2nd Fl,Retirement Home,Respiratory,287
N,,,COVID-19,,2022-11-14,2022-10-26,150 Dunn Ave,Lakeside Long Term Care Centre - 1st Fl,LTCH,Respiratory,288
N,,,COVID-19,,2022-10-31,2022-10-26,22 Norfinch Dr,Norfinch Care Community - Unit 2A,LTCH,Respiratory,289
N,,,Metapneumovirus,,2022-11-14,2022-10-26,147 Elder St,Sage Care Retirement Home - POD ABC 2nd Fl & 3rd Fl,Retirement Home,Respiratory,290
N,,,COVID-19,,2022-11-09,2022-10-26,200 Elizabeth Street,University Health Network - Toronto General - 13ES,Hospital-Acute Care,Respiratory,291
N,,,COVID-19,,2022-11-12,2022-10-25,3560 Bathurst Street,Baycrest Hospital - North York - 3 East,Hospital-Chronic Care,Respiratory,292
N,,,COVID-19,,2022-11-11,2022-10-25,3560 Bathurst Street,Baycrest Hospital - North York - 6 East,Hospital-Chronic Care,Respiratory,293
N,,,COVID-19,,2022-11-16,2022-10-25,77 Main St,Main Street Terrace - 3rd Fl,LTCH,Respiratory,294
N,,,COVID-19,,2022-11-25,2022-10-25,61 Fairfax Cres,"Presentation Manor For Seniors - 1st Fl (AL), 3rd Fl (IL&AL), 4th Fl (IL)",Retirement Home,Respiratory,295
N,,,COVID-19,,2022-11-13,2022-10-25,55 Ameer Ave,Terraces of Baycrest - 3rd Fl,Retirement Home,Respiratory,296
N,,,COVID-19,,2022-11-07,2022-10-25,77 Dunfield Ave,The Dunfield Retirement Residence - Library,Retirement Home,Respiratory,297
N,,,COVID-19,,2022-10-30,2022-10-25,130 Dunn Avenue,University Health Network - Bickle Centre - North 5A,Hospital-Chronic Care,Respiratory,298
N,,,COVID-19,,2022-12-04,2022-10-25,303 Queens Dr,Weston Gardens Retirement Residence - 5th Fl,Retirement Home,Respiratory,299
N,,,Unable to identify,,2022-11-10,2022-10-24,40 Old Kingston Rd,Ehatare Nursing Home - 4th Fl,LTCH,Respiratory,300
N,,,COVID-19,,2022-11-04,2022-10-24,1235 Wilson Avenue,Humber River Hospital - Wilson - 14 East,Hospital-Acute Care,Respiratory,301
N,,,COVID-19,,2022-11-17,2022-10-24,262 St. Clair Avenue W,The Russell Hill Retirement Residence - 2nd Fl,Retirement Home,Respiratory,302
N,,,COVID-19,,2022-11-29,2022-10-24,2005 Lawrence Ave W,Weston Terrace Care Community - 4A,LTCH,Respiratory,303
N,,,COVID-19,,2022-11-10,2022-10-23,537 Finch Avenue,"Advent Forestview Retirement Residence - 2nd, 3rd & 4th Fl",Retirement Home,Respiratory,304
N,,,COVID-19,,2022-11-02,2022-10-23,610 University Avenue,University Health Network - Princess Margaret - 15C,Hospital-Acute Care,Respiratory,305
N,,,COVID-19,,2022-11-06,2022-10-21,52 Neilson Drive,Dom Lipa - K-Wing,LTCH,Respiratory,306
N,,,COVID-19,,2022-11-07,2022-10-21,880 Lawrence Avenue,"Greenview Lodge - 1st, 2nd & 3rd Fl",Retirement Home,Respiratory,307
N,,,Coronavirus*,,2022-11-08,2022-10-21,111 Avenue Rd,Hazelton Place Retirement Residence,Retirement Home,Respiratory,308
N,,,COVID-19,,2022-11-15,2022-10-21,9 Neilson Rd,Seven Oaks - Scarborough - 2nd Fl,LTCH,Respiratory,309
N,,,COVID-19,,2022-11-14,2022-10-21,25 Brunswick Ave,The Kensington Gardens - 1W & 2W,LTCH,Respiratory,310
N,,,COVID-19,,2022-11-05,2022-10-20,306 Finch Ave E,Carefree Lodge - 2nd Fl,LTCH,Respiratory,311
N,,,COVID-19,,2022-11-14,2022-10-20,111 Avenue Rd,Hazelton Place Retirement Residence - 3rd & 6th Fl,Retirement Home,Respiratory,312
N,,,COVID-19,,2022-11-14,2022-10-20,1140 Bloor St W,New Horizons Tower - 16th Fl,Retirement Home,Respiratory,313
N,,,COVID-19,,2022-12-09,2022-10-20,3760 Sheppard Avenue East,Shepherd Lodge,LTCH,Respiratory,314
N,,,COVID-19,,2022-11-15,2022-10-20,921 Millwood Road,"The Millwood - Dining, 3rd & 4th Fl",Retirement Home,Respiratory,315
N,,,COVID-19,,2022-11-06,2022-10-19,52 Neilson Dr,Dom Lipa,Retirement Home,Respiratory,316
N,,,Respiratory syncytial virus,,2022-11-07,2022-10-19,95 Humber College Blvd,Humber Valley Terrace - 2nd Fl,LTCH,Respiratory,317
N,,,COVID-19,,2022-11-01,2022-10-19,3030 Birchmount Rd.,Scarborough Health Network - Birchmount - 4B,Hospital-Acute Care,Respiratory,318
N,,,COVID-19,,2022-11-07,2022-10-19,4 Teddington Park Avenue,The Teddington - 2nd & 4th Fl,Retirement Home,Respiratory,319
N,,,COVID-19,,2022-11-15,2022-10-19,140 Sherway Drive,Trillium Health Partners - McCall Continuing Care - Chronic/Rehab - 3rd Fl,Hospital-Chronic Care,Respiratory,320
N,,,COVID-19,,2022-11-14,2022-10-19,40 Playfair Ave,Villa Colombo Homes for the Aged - 1st Fl Fidani,LTCH,Respiratory,321
N,,,COVID-19,,2022-10-29,2022-10-19,101 Humber College Boulevard,William Osler Health System - Etobicoke - 6 West,Hospital-Acute Care,Respiratory,322
N,,,Respiratory syncytial virus,,2022-10-28,2022-10-18,1066 Avenue Rd,Amica On The Avenue - 5th Fl,Retirement Home,Respiratory,323
N,,,COVID-19,,2022-11-04,2022-10-18,500 Kingston Rd.,Atrium at Kew Beach - Michael Garron Hospital Affiliated Unit - 3rd Fl,Hospital-Chronic Care,Respiratory,324
N,,,COVID-19,,2022-10-28,2022-10-18,1001 Queen Street West,Centre For Addiction and Mental Health - Queen Street Site - GAU A,Hospital-Chronic Care,Respiratory,325
N,,,COVID-19,,2022-10-28,2022-10-18,5351 Yonge St,"Delmanor Northtown - 2nd, 6th & 7th Fl",Retirement Home,Respiratory,326
N,,,COVID-19,,2022-10-27,2022-10-18,1055-1057 Don Mills Rd,Don Mills Seniors' Apartments - 2nd Fl,Retirement Home,Respiratory,327
N,,,COVID-19,,2022-11-04,2022-10-18,8 The Donway E,Donway Place,Retirement Home,Respiratory,328
N,,,COVID-19,,2022-10-30,2022-10-18,610 University Avenue,University Health Network - Princess Margaret - 15B,Hospital-Acute Care,Respiratory,329
N,,,COVID-19,,2022-10-31,2022-10-17,450 Rustic Rd,North Park Nursing Home - 2nd Fl,LTCH,Respiratory,330
N,,,COVID-19,,2022-10-30,2022-10-17,3050 Lawrence Ave E,Scarborough Health Network - Scarborough General - T7 - Medicine,Hospital-Acute Care,Respiratory,331
N,,,Norovirus-like,,2022-10-31,2022-10-17,148 Markham Rd,"Scarborough Retirement Residence - 2nd, 3rd, 4th, 5th, 6th & 7th Fl",Retirement Home,Enteric,332
N,,,COVID-19,,2022-11-18,2022-10-17,225 St. George St,"St. George Care Community - 1st, 2nd, 3rd, 4th & 5th Fl",LTCH,Respiratory,333
N,,,COVID-19,,2022-11-03,2022-10-16,187 Wynford Dr,Delmanor Wynford - 3rd & 4th Fl,Retirement Home,Respiratory,334
N,,,COVID-19,,2022-11-03,2022-10-16,2701 St Clair Avenue East,St. Clair O'Connor Community Nursing Home - 3rd Fl (LTCH Area),LTCH,Respiratory,335
N,,,COVID-19,,2022-11-04,2022-10-16,123 Spadina Rd,The Annex,Retirement Home,Respiratory,336
N,,,COVID-19,,2022-11-07,2022-10-15,2233 Kipling Ave,Kipling Acres - 3 South (Thistletown),LTCH,Respiratory,337
N,,,COVID-19,,2022-11-21,2022-10-15,3050 Lawrence Ave E,Scarborough Health Network - Scarborough General - 4C - Medicine,Hospital-Acute Care,Respiratory,338
N,,,COVID-19,,2022-11-07,2022-10-15,130 Dunn Avenue,University Health Network - Bickle Centre - S5,Hospital-Chronic Care,Respiratory,339
N,,,Rhinovirus,,2022-10-20,2022-10-14,2920 Lawrence Ave E,Bendale Acres - 5th Fl,LTCH,Respiratory,340
N,,,COVID-19,,2022-11-14,2022-10-14,1238 Queen Street,Chartwell Avondale Retirement Residence - 2nd & 3rd Fl,Retirement Home,Respiratory,341
N,,,COVID-19,,2022-10-31,2022-10-14,1800 O'Connor Drive,Harmony Hills Care Community - Toronto - 1A,LTCH,Respiratory,342
N,,,COVID-19,,2022-11-21,2022-10-14,3560 Bathurst St,Jewish Home for the Aged - Unit 4E1,LTCH,Respiratory,343
N,,,COVID-19,,2022-10-27,2022-10-14,600 University Avenue,Sinai Health System - Mount Sinai - 10N,Hospital-Acute Care,Respiratory,344
N,,,COVID-19,,2022-11-29,2022-10-14,33 Christie St,"The O'Neill Centre - 2nd, 3rd & 4th Fl",LTCH,Respiratory,345
N,,,COVID-19,,2022-10-28,2022-10-14,30 The Queensway,Unity Health Toronto - St. Joseph's - 2LM,Hospital-Acute Care,Respiratory,346
N,,,COVID-19,,2022-11-12,2022-10-14,200 Elizabeth Street,University Health Network - Toronto General - 14ES,Hospital-Acute Care,Respiratory,347
N,,,COVID-19,,2022-10-29,2022-10-13,5935 Bathurst St,Cheltenham Care Community - 3rd Fl,LTCH,Respiratory,348
N,,,COVID-19,,2022-11-11,2022-10-13,2411 Lawrence Ave E,"Hellenic Home - Ground Fl, 2A & 3A",LTCH,Respiratory,349
N,,,COVID-19,,2022-11-07,2022-10-13,866 Sheppard Avenue,"Kensington Place Retirement Residence - 2nd, 3rd, 4th, 5th & 6th Fl",Retirement Home,Respiratory,350
N,,,COVID-19,,2022-10-30,2022-10-13,3015 Lawrence Ave E,Rockcliffe Care Community - 3rd Fl,LTCH,Respiratory,351
N,,,COVID-19,,2022-11-04,2022-10-13,3276 St. Clair Avenue East,Unity Health Toronto - Providence - B4,Hospital-Chronic Care,Respiratory,352
N,,,COVID-19,,2022-11-08,2022-10-12,351 Christie St,Castleview Wychwood Towers - 4th & 7th Fl,LTCH,Respiratory,353
N,,,COVID-19,,2022-11-14,2022-10-12,520 Markham Rd,Cedarbrook Lodge TCU - Transitional Care Unit - 5th & 6th Fl,Transitional Care,Respiratory,354
N,,,COVID-19,,2022-10-31,2022-10-12,4001 Leslie Street,North York General Hospital - General Site - 7N,Hospital-Acute Care,Respiratory,355
N,,,Metapneumovirus,,2022-10-31,2022-10-12,1 Kenton Dr,One Kenton Place - Programs Rm & 3rd Fl,Retirement Home,Respiratory,356
N,,,COVID-19,,2022-10-24,2022-10-12,2245 Lawrence Avenue West,The Village of Humber Heights - Etobicoke - Becker Fl 3,Retirement Home,Respiratory,357
N,,,COVID-19,,2022-10-21,2022-10-11,36 D'Arcy St,Mon Sheong Home for the Aged - 4th Fl,LTCH,Respiratory,358
N,,,COVID-19,,2022-10-20,2022-10-11,399 Bathurst Street,University Health Network - Toronto Western - 8A,Hospital-Acute Care,Respiratory,359
N,,,COVID-19,,2022-10-23,2022-10-11,82 Buttonwood Avenue,West Park Healthcare Centre - 2EA (Geriatric Functional Enhancement),Hospital-Chronic Care,Respiratory,360
N,,,COVID-19,,2022-10-21,2022-10-10,551 Conlins Rd,Extendicare Rouge Valley - Clark House,LTCH,Respiratory,361
N,,,COVID-19,,2022-10-30,2022-10-10,3050 Lawrence Ave E,Scarborough Health Network - Scarborough General - CP4,Hospital-Acute Care,Respiratory,362
N,,,COVID-19,,2022-10-26,2022-10-10,30 Bond Street,Unity Health Toronto - St. Michael's - 9CCV,Hospital-Acute Care,Respiratory,363
N,,,COVID-19,,2022-10-24,2022-10-09,155 Millwood Rd,Isabel and Arthur Meighen Manor - Moore Unit,LTCH,Respiratory,364
N,,,COVID-19,,2022-11-07,2022-10-09,1860 Lawrence Ave E,The Wexford - 4th & 6th Fl,LTCH,Respiratory,365
N,,,COVID-19,,2022-11-18,2022-10-08,15 Barberry Pl,Amica Bayview Village,Retirement Home,Respiratory,366
N,,,COVID-19,,2022-11-07,2022-10-07,92 Island Rd,"Altamont Care Community - Wing 1, 3 & 4",LTCH,Respiratory,367
N,,,COVID-19,,2022-10-27,2022-10-07,4251 Dundas Street W,Kingsway - 5th Fl,Retirement Home,Respiratory,368
N,,,COVID-19,,2022-10-16,2022-10-07,4001 Leslie Street,North York General Hospital - General Site - 6W,Hospital-Acute Care,Respiratory,369
N,,,COVID-19,,2022-10-29,2022-10-07,1020 McNicoll Ave,Tendercare Living Centre - 2 West & 2 East,LTCH,Respiratory,370
N,,,COVID-19,,2022-10-31,2022-10-06,520 Markham Road,"Cedarbrook Lodge Retirement Residence - 2nd, 4th & 5th Fl",Retirement Home,Respiratory,371
N,,,COVID-19,,2022-10-14,2022-10-06,825 Coxwell Avenue,Michael Garron Hospital - CIU,Hospital-Acute Care,Respiratory,372
N,,,COVID-19,,2022-10-18,2022-10-06,61 Fairfax Cres,Presentation Manor For Seniors - 4th Fl(Il),Retirement Home,Respiratory,373
N,,,COVID-19,,2022-10-24,2022-10-06,3760 Sheppard Ave E,Shepherd Lodge - 4th Fl South,LTCH,Respiratory,374
N,,,COVID-19,,2022-10-18,2022-10-06,1 Bridgepoint Dr,Sinai Health System - Hennick Bridgepoint - 2N,Hospital-Chronic Care,Respiratory,375
N,,,COVID-19,,2022-11-05,2022-10-06,1145 Albion Rd,Westside - 2nd & 4th Fl,LTCH,Respiratory,376
N,,,COVID-19,,2022-10-14,2022-10-05,102 Craiglee Dr,Craiglee Nursing Home - 1 West & 2 East,LTCH,Respiratory,377
N,,,COVID-19,,2022-10-16,2022-10-05,3050 Lawrence Ave E,Scarborough Health Network-Scarborough General - 3C Surgery,Hospital-Acute Care,Respiratory,378
N,,,COVID-19,,2022-10-24,2022-10-05,200 Elizabeth Street,University Health Network - Toronto General - 6ES,Hospital-Acute Care,Respiratory,379
N,,,COVID-19,,2022-10-25,2022-10-04,200 Church St,RCC - Humber River Hospital - Church Site - C2N,Hospital-Chronic Care,Respiratory,380
N,,,COVID-19,,2022-10-16,2022-10-04,200 Church St,RCC - Unity Health Toronto - St. Joseph's - Church Site - 4th Fl,Hospital-Chronic Care,Respiratory,381
N,,,COVID-19,,2022-11-01,2022-10-04,60 Richview Road,Ukrainian Canadian Care Centre - Etobicoke - 2nd & 3rd Fl,LTCH,Respiratory,382
N,,,COVID-19,,2022-10-17,2022-10-03,500 Kingston Rd,Atrium at Kew Beach - Michael Garron Hospital Affiliated Unit - 1st Fl,Hospital-Chronic Care,Respiratory,383
N,,,COVID-19,,2022-11-09,2022-10-03,1925 Steeles Ave E,"Chartwell Gibson Long Term Care Residence - 1st, 2nd, 3rd & 4th Fl",LTCH,Respiratory,384
N,,,COVID-19,,2022-10-31,2022-10-03,3555 Danforth Ave,Chester Village - 4E,LTCH,Respiratory,385
N,,,COVID-19,,2022-10-18,2022-10-03,625 Runnymede Road,Runnymede Healthcare Centre - 2 East,Hospital-Chronic Care,Respiratory,386
N,,,COVID-19,,2022-11-07,2022-10-03,101 Humber College Boulevard,William Osler Health System - Etobicoke - 7 East,Hospital-Acute Care,Respiratory,387
N,,,Rhinovirus,,2022-10-12,2022-10-02,351 Christie St,Castleview Wychwood Towers - 6th Fl,LTCH,Respiratory,388
N,,,COVID-19,,2022-10-31,2022-10-01,160 Wellesley St E,Wellesley Central Place - 2E,LTCH,Respiratory,389
N,,,COVID-19,,2022-10-16,2022-10-01,101 Humber College Boulevard,William Osler Health System - Etobicoke - 10 East,Hospital-Acute Care,Respiratory,390
N,,,COVID-19,,2022-10-19,2022-10-01,101 Humber College Boulevard,William Osler Health System - Etobicoke - 7 West,Hospital-Acute Care,Respiratory,391
N,,,COVID-19,,2022-10-15,2022-09-30,3560 Bathurst St,Jewish Home for the Aged - 7RF,LTCH,Respiratory,392
N,,,COVID-19,,2022-10-11,2022-09-30,150 Dunn Ave,Lakeside Long Term Care Centre - Environmental Services Office & Laundry Area,LTCH,Respiratory,393
N,,,COVID-19,,2022-10-14,2022-09-30,2030 McNicoll Ave,Mon Sheong Scarborough Long Term Care Centre - 4 South,LTCH,Respiratory,394
N,,,COVID-19,,2022-10-15,2022-09-29,500 Kingston Rd.,Atrium at Kew Beach - Michael Garron Hospital Affiliated Unit - 2nd Fl,Hospital-Chronic Care,Respiratory,395
N,,,Unable to identify,,2022-09-30,2022-09-28,420 The East Mall,Eatonville Care Centre - 2nd Fl,LTCH,Respiratory,396
N,,,COVID-19,,2022-10-19,2022-09-28,200 Dawes Rd,True Davidson Acres - 1st Fl,LTCH,Respiratory,397
N,,,COVID-19,,2022-10-14,2022-09-28,30 Bond Street,Unity Health Toronto - St. Michael's - 17th Fl,Hospital-Acute Care,Respiratory,398
N,,,COVID-19,,2022-10-12,2022-09-27,495 The West Mall,Chartwell Westbury Long Term Care Residence - 4th Fl,LTCH,Respiratory,399
N,,,COVID-19,,2022-10-06,2022-09-27,2111 Finch Ave W,RCC - Southlake Regional Health Centre - Finch Site - 5th Fl,Hospital-Chronic Care,Respiratory,400
N,,,COVID-19,,2022-10-14,2022-09-26,19 Rean Dr,Amica Bayview Gardens,Retirement Home,Respiratory,401
N,,,COVID-19,,2022-10-07,2022-09-26,8 The Donway E,Donway Place - 3rd Fl Independent Living (IL),Retirement Home,Respiratory,402
N,,,COVID-19,,2022-10-08,2022-09-26,550 Cummer Ave,Extendicare Bayview - South Unit,LTCH,Respiratory,403
N,,,COVID-19,,2022-10-21,2022-09-26,3830 Lawrence Ave E,"Extendicare Scarborough - 1 South, 1 North, 2 Main, 2 East & 2 West",LTCH,Respiratory,404
N,,,COVID-19,,2022-10-31,2022-09-25,70 Humberline Dr,Deerwood Creek Care Community - Unit 2B & 3A,LTCH,Respiratory,405
N,,,COVID-19,,2022-10-26,2022-09-25,400 The West Mall,Wesburn Manor - 4 North & 4 South,LTCH,Respiratory,406
N,,,COVID-19,,2022-10-22,2022-09-24,1020 McNicoll Ave,The Salvation Army - Toronto Grace Health Centre - Specialized Care - 5th Fl ALC,Hospital-Chronic Care,Respiratory,407
N,,,Enterovirus/Rhinovirus,,2022-10-07,2022-09-23,2920 Lawrence Ave E,Bendale Acres - 1st Fl (CSU) & 2E,LTCH,Respiratory,408
N,,,COVID-19,,2022-10-14,2022-09-23,1955 Steeles Ave E,"Chartwell Gibson Retirement Residence - 3rd, 4th & 5th Fl",Retirement Home,Respiratory,409
N,,,COVID-19,,2022-10-03,2022-09-23,65 Livingston Rd,Chartwell Guildwood Retirement Residence - 1st Fl,Retirement Home,Respiratory,410
N,,,Unable to identify,,2022-10-11,2022-09-23,155 Dunn Ave,Lakeside Long Term Care Home - 3rd Fl,LTCH,Respiratory,411
N,,,COVID-19,,2022-10-04,2022-09-23,600 University Avenue,Sinai Health System - Mount Sinai - Core Lab (Transfusion Medicine),Hospital-Acute Care,Respiratory,412
N,,,COVID-19,,2022-10-28,2022-09-23,30 The Queensway,Unity Health Toronto - St. Joseph's - 4M,Hospital-Acute Care,Respiratory,413
N,,,COVID-19,,2022-10-04,2022-09-23,101 Humber College Boulevard,William Osler Health System - Etobicoke - 9E,Hospital-Acute Care,Respiratory,414
N,,,COVID-19,,2022-10-14,2022-09-21,3197 Lakeshore Blvd W,"Lakeshore Lodge - 2 South, 2 North & 3 South",LTCH,Respiratory,415
N,,,COVID-19,,2022-10-01,2022-09-21,1 Bridgepoint Dr,Sinai Health System - Hennick Bridgepoint - 7S,Hospital-Chronic Care,Respiratory,416
N,,,Enterovirus/Rhinovirus,,2022-09-30,2022-09-21,59 Lawson Rd E,Tony Stacey Centre for Veterans' Care - 2nd Fl,LTCH,Respiratory,417
N,,,COVID-19,,2022-11-07,2022-09-20,4005 Eglinton Avenue W,"Chartwell Scarlett Heights Retirement Residence - Dining Rm, 2nd, 7th & 8th Fl",Retirement Home,Respiratory,418
N,,,COVID-19,,2022-09-28,2022-09-20,52 Neilson Drive,Dom Lipa - K-Wing,LTCH,Respiratory,419
N,,,COVID-19,,2022-10-27,2022-09-20,25 Brunswick Ave,"The Kensington Gardens - 1E, 2E, 3W & Admin",LTCH,Respiratory,420
N,,,COVID-19,,2022-09-29,2022-09-19,625 Runnymede Road,Runnymede Healthcare Centre - 3 East,Hospital-Chronic Care,Respiratory,421
N,,,COVID-19,,2022-10-02,2022-09-19,82 Buttonwood Avenue,West Park Healthcare Centre - 3EA (MSK Rehab),Hospital-Chronic Care,Respiratory,422
N,,,COVID-19,,2022-10-07,2022-09-18,187 Wynford Dr,Delmanor Wynford - 5th & 6th Fl,Retirement Home,Respiratory,423
N,,,COVID-19,,2022-10-02,2022-09-18,2075 Bayview Avenue,Sunnybrook Health Sciences Centre - Bayview Campus - C2,Hospital-Acute Care,Respiratory,424
N,,,COVID-19,,2022-10-03,2022-09-18,285 Cummer Avenue,Sunnybrook Health Sciences Centre - St. John's Rehab - A3,Hospital-Chronic Care,Respiratory,425
N,,,COVID-19,,2022-10-12,2022-09-17,429 Walmer Road,Cedarvale Terrace - 4th Fl,LTCH,Respiratory,426
N,,,COVID-19,,2022-10-04,2022-09-17,1020 McNicoll Ave,McNicoll Manor/Moll Berczy Haus - 5th Fl,Retirement Home,Respiratory,427
N,,,COVID-19,,2022-10-08,2022-09-17,2111 Finch Ave W,RCC-Oak Valley Health- Markham Stouffville Hospital - Finch Site - 5W,Hospital-Chronic Care,Respiratory,428
N,,,COVID-19,,2022-10-24,2022-09-16,2920 Lawrence Ave E,Bendale Acres - 4th Fl East,LTCH,Respiratory,429
N,,,COVID-19,,2022-11-14,2022-09-16,66 Roncesvalles Ave,Copernicus Lodge - 4 North & 5 South,LTCH,Respiratory,430
N,,,COVID-19,,2022-09-23,2022-09-14,130 Midland Ave,Midland Gardens Care Community - Basement - Board Rm,LTCH,Respiratory,431
N,,,COVID-19,,2022-09-28,2022-09-14,2867 Ellesmere Road,Scarborough Health Network - Centenary - Hemodialysis,Hospital-Acute Care,Respiratory,432
N,,,COVID-19,,2022-10-14,2022-09-14,45 Brunswick Ave,The Kensington Gardens (North) - Administration Office & 2 East,LTCH,Respiratory,433
N,,,COVID-19,,2022-09-29,2022-09-13,140 Sherway Drive,Trillium Health Partners-McCall Continuing Care - Chronic/Rehab - 4th Fl,Hospital-Chronic Care,Respiratory,434
N,,,COVID-19,,2022-09-22,2022-09-12,92 Island Rd,Altamont Care Community - Wing 1,LTCH,Respiratory,435
N,,,COVID-19,,2022-09-27,2022-09-12,700 & 720 Mount Pleasant Road,The Briton House - North Tower - 8th Fl,Retirement Home,Respiratory,436
N,,,COVID-19,,2022-09-27,2022-09-12,200 Elizabeth Street,University Health Network - Toronto General - ES 14,Hospital-Acute Care,Respiratory,437
N,,,COVID-19,,2022-10-03,2022-09-11,14 Cross St,Fairview Nursing Home - 1st & 3rd Fl,LTCH,Respiratory,438
N,,,COVID-19,,2022-09-17,2022-09-11,650 Church St,Salvation Army Toronto Grace Health Centre - PACR - Rehab,Hospital-Chronic Care,Respiratory,439
N,,,COVID-19,,2022-10-03,2022-09-10,740 Pape Ave,Nisbet Lodge - 6th & 7th Fl,LTCH,Respiratory,440
N,,,COVID-19,,2022-09-20,2022-09-10,30 The Queensway,Unity Health Toronto - St. Joseph's - 4LM - Medicine,Hospital-Acute Care,Respiratory,441
N,,,COVID-19,,2022-10-03,2022-09-09,520 Markham Road,Cedarbrook Lodge Retirement Residence - 3rd & 5th Fl,Retirement Home,Respiratory,442
N,,,COVID-19,,2022-09-22,2022-09-09,3030 Birchmount Rd.,Scarborough Health Network - Birchmount - G4A,Hospital-Acute Care,Respiratory,443
N,,,COVID-19,,2022-09-26,2022-09-08,4 Partridge Lane,Bethseda Home,Retirement Home,Respiratory,444
N,,,COVID-19,,2022-09-26,2022-09-08,718 Sheppard Avenue,L'Chaim Retirement Homes Inc. - 2nd & 3rd Fl,Retirement Home,Respiratory,445
N,,,COVID-19,,2022-09-26,2022-09-08,33 Christie St,The O'Neill Centre - 5th Fl,LTCH,Respiratory,446
N,,,COVID-19,,2022-12-12,2022-09-08,60 Scottfield Dr,Yee Hong Centre - Scarborough Finch - 3rd Fl (North) & 6th Fl (South & North),LTCH,Respiratory,447
N,,,COVID-19,,2022-09-28,2022-09-07,1000 Ellesmere Rd,Fieldstone Commons Care Community- 4B,LTCH,Respiratory,448
N,,,COVID-19,,2022-09-29,2022-09-07,140 Sherway Drive,Trillium Health Partners-McCall Continuing Care - Chronic/Rehab - 2nd Fl,Hospital-Chronic Care,Respiratory,449
N,,,COVID-19,,2022-09-18,2022-09-07,200 Elizabeth Street,University Health Network - Toronto General - ES 13,Hospital-Acute Care,Respiratory,450
N,,,Influenza A (H3),,2022-09-20,2022-09-07,82 Buttonwood Ave,West Park Long Term Care Centre - 2nd Fl - Mulholland,LTCH,Respiratory,451
N,,,COVID-19,,2022-10-11,2022-09-07,2005 Lawrence Ave W,Weston Terrace Care Community - Unit 2B & 3B,LTCH,Respiratory,452
N,,,COVID-19,,2022-10-04,2022-09-06,2075 Bayview Avenue,Sunnybrook Health Sciences Centre - Bayview Campus - C4,Hospital-Acute Care,Respiratory,453
N,,,COVID-19,,2022-09-20,2022-09-06,15 Summerland Terr,Tapestry at Village Gate West - 3rd Fl,Retirement Home,Respiratory,454
N,,,COVID-19,,2022-09-17,2022-09-06,1020 McNicoll Ave,Tendercare Living Centre - 3rd Fl,LTCH,Respiratory,455
N,,,COVID-19,,2022-09-28,2022-09-05,140 Sherway Drive,McCall Centre Long Term Care Interim Unit - Interim Unit,LTCH,Respiratory,456
N,,,COVID-19,,2022-09-16,2022-09-05,2245 Lawrence Avenue West,The Village of Humber Heights - Williamsburg East - GF,Retirement Home,Respiratory,457
N,,,COVID-19,,2022-09-16,2022-09-04,70 Humberline Dr,Deerwood Creek Care Community - 2B,LTCH,Respiratory,458
N,,,Norovirus-like,,2022-09-14,2022-09-04,400 The West Mall,Wesburn Manor - 4th Fl North,LTCH,Enteric,459
N,,,COVID-19,,2022-11-06,2022-09-02,205 Cummer Ave,"Cummer Lodge - 2N, 2S, 4N, 4S & SCU",LTCH,Respiratory,460
N,,,COVID-19,,2022-09-27,2022-09-01,520 Markham Rd,Cedarbrook Lodge TCU - Transitional Care Unit - 6th Fl,Transitional Care,Respiratory,461
N,,,COVID-19,,2022-09-12,2022-09-01,111 Avenue Rd,Hazelton Place Retirement Residence - 2nd Fl,Retirement Home,Respiratory,462
N,,,COVID-19,,2022-09-07,2022-08-30,825 Coxwell Avenue,Michael Garron Hospital - Toronto - B3,Hospital-Acute Care,Respiratory,463
N,,,COVID-19,,2022-09-10,2022-08-30,2867 Ellesmere Road,Scarborough Health Network - Centenary - YC3W - Rehab Unit,Hospital-Acute Care,Respiratory,464
N,,,COVID-19,,2022-09-23,2022-08-30,130 Dunn Avenue,University Health Network - Bickle Centre - N3,Hospital-Chronic Care,Respiratory,465
N,,,COVID-19,,2022-09-09,2022-08-30,200 Elizabeth Street,University Health Network - Toronto General - 5MB,Hospital-Acute Care,Respiratory,466
N,,,COVID-19,,2022-09-12,2022-08-29,4005 Eglinton Avenue W,Chartwell Scarlett Heights Retirement Residence - 3rd & 4th Fl,Retirement Home,Respiratory,467
N,,,COVID-19,,2022-09-12,2022-08-29,45 Brunswick Ave,The Kensington Gardens (North) - 3W North Building,LTCH,Respiratory,468
N,,,COVID-19,,2022-09-09,2022-08-29,1145 Albion Rd,Westside - 2nd Fl,LTCH,Respiratory,469
N,,,COVID-19,,2022-09-06,2022-08-28,30 Bond Street,Unity Health Toronto - St. Michael's - 9CG,Hospital-Acute Care,Respiratory,470
N,,,COVID-19,,2022-09-09,2022-08-26,351 Christie St,Castleview Wychwood Towers - Main & 6th Fl,LTCH,Respiratory,471
N,,,COVID-19,,2022-09-09,2022-08-26,200 Church St,RCC - Southlake Regional Health Centre - Church Site - 3rd Fl,Hospital-Chronic Care,Respiratory,472
N,,,COVID-19,,2022-09-06,2022-08-25,520 Markham Road,Cedarbrook Lodge Retirement Residence - 5th Fl,Retirement Home,Respiratory,473
N,,,COVID-19,,2022-09-28,2022-08-25,2045 Finch Ave W,"Hawthorne Place Care Centre - 1st, 2nd & 3rd Fl",LTCH,Respiratory,474
N,,,COVID-19,,2022-09-06,2022-08-25,4 Teddington Park Avenue,The Teddington - 3rd Fl,Retirement Home,Respiratory,475
N,,,Rhinovirus,,2022-08-31,2022-08-24,4005 Eglinton Ave W,Chartwell Scarlett Heights - 2nd Fl,Retirement Home,Respiratory,476
N,,,COVID-19,,2022-09-07,2022-08-24,95 Humber College Blvd,Humber Valley Terrace - 3rd Fl,LTCH,Respiratory,477
N,,,COVID-19,,2022-09-13,2022-08-24,22 Norfinch Dr,Norfinch Care Community - Unit 1A & 3A,LTCH,Respiratory,478
N,,,COVID-19,,2022-09-09,2022-08-24,3050 Lawrence Ave E,Scarborough Health Network - Scarborough General - 4C - Medicine,Hospital-Acute Care,Respiratory,479
N,,,COVID-19,,2022-09-04,2022-08-24,30 The Queensway,Unity Health Toronto - St. Joseph's - 3M,Hospital-Acute Care,Respiratory,480
N,,,COVID-19,,2022-09-21,2022-08-24,82 Buttonwood Avenue,West Park Healthcare Centre - 2EC (Geriatric Functional Enhancement),Hospital-Chronic Care,Respiratory,481
N,,,COVID-19,,2022-09-14,2022-08-23,77 Main St,Main Street Terrace - 2nd Fl,LTCH,Respiratory,482
N,,,Rhinovirus,,2022-09-07,2022-08-22,5 Resurrection Rd,Labdara Lithuanian Nursing Home - 1st Fl,LTCH,Respiratory,483
N,,,Unable to identify,,2022-08-31,2022-08-22,2701 St Clair Ave E,St. Clair O'Connor Nursing Home - 3rd Fl,LTCH,Enteric,484
N,,,Parainfluenza,,2022-08-30,2022-08-22,495 The West Mall,The Westbury - 5th Fl,LTCH,Respiratory,485
N,,,COVID-19,,2022-09-13,2022-08-21,138 Dowling Ave,Chartwell White Eagle Long Term Care Residence - 2nd & 4th Fl,LTCH,Respiratory,486
N,,,COVID-19,,2022-09-12,2022-08-21,8 The Donway E,Donway Place,Retirement Home,Respiratory,487
N,,,COVID-19,,2022-09-16,2022-08-21,2030 McNicoll Ave,Mon Sheong Scarborough Long Term Care Centre - 2nd Fl South & 4th Fl North,LTCH,Respiratory,488
N,,,COVID-19,,2022-09-16,2022-08-19,1800 O'Connor Dr,Fountain View Care Community - 1A Terrace,LTCH,Respiratory,489
N,,,COVID-19,,2022-09-03,2022-08-19,1235 Wilson Avenue,Humber River Hospital - Wilson Site - 12 East,Hospital-Acute Care,Respiratory,490
N,,,COVID-19,,2022-09-17,2022-08-19,122 Tyndall Ave,Norwood Nursing Home - 1st Fl,LTCH,Respiratory,491
N,,,COVID-19,,2022-08-30,2022-08-18,625 Runnymede Road,Runnymede Healthcare Centre - 4 West,Hospital-Chronic Care,Respiratory,492
N,,,COVID-19,,2022-09-06,2022-08-18,3050 Lawrence Ave E,Scarborough Health Network-Scarborough General - T7-Medicine,Hospital-Acute Care,Respiratory,493
N,,,COVID-19,,2022-09-06,2022-08-18,2701 St Clair Avenue East,St. Clair O'Connor Community Nursing Home - 3rd Fl,LTCH,Respiratory,494
N,,,COVID-19,,2022-09-28,2022-08-17,1140 Bloor St W,"New Horizons Tower - 2nd, 3rd, 6th, 7th, 8th, 11th, 12th, 14th & 16th Fl",Retirement Home,Respiratory,495
N,,,COVID-19,,2022-08-30,2022-08-17,2075 Bayview Avenue,Sunnybrook Health Sciences Centre - Bayview Campus - D2,Hospital-Acute Care,Respiratory,496
N,,,COVID-19,,2022-09-02,2022-08-17,305 Balliol St,The Claremont,Retirement Home,Respiratory,497
N,,,COVID-19,,2022-09-09,2022-08-16,500 Kingston Rd.,Atrium at Kew Beach - Michael Garron Hospital Affiliated Unit - 2nd Fl,Hospital-Chronic Care,Respiratory,498
N,,,COVID-19,,2022-08-29,2022-08-15,2881 Eglinton Avenue E,McCowan Retirement Residence - 2nd Fl,Retirement Home,Respiratory,499
N,,,COVID-19,,2022-08-26,2022-08-15,4001 Leslie Street,North York General Hospital - General Site - 3N,Hospital-Acute Care,Respiratory,500
N,,,COVID-19,,2022-08-30,2022-08-15,200 Church St,RCC - Trillium Health Partners - Church Site - 1C,Hospital-Chronic Care,Respiratory,501
N,,,COVID-19,,2022-08-30,2022-08-15,2075 Bayview Ave,Sunnybrook Health Sciences Centre - Sunnybrook Veterans Centre - LGSW,LTCH,Respiratory,502
N,,,COVID-19,,2022-08-27,2022-08-15,200 Elizabeth Street,University Health Network - Toronto General - 9ES,Hospital-Acute Care,Respiratory,503
N,,,COVID-19,,2022-08-25,2022-08-14,2867 Ellesmere Road,Scarborough Health Network - Centenary - 9E,Hospital-Acute Care,Respiratory,504
N,,,COVID-19,,2022-08-29,2022-08-14,82 Buttonwood Avenue,West Park Healthcare Centre - 3EC,Hospital-Chronic Care,Respiratory,505
N,,,COVID-19,,2022-08-22,2022-08-12,4005 Eglinton Avenue W,Chartwell Scarlett Heights Retirement Residence - 5th Fl,Retirement Home,Respiratory,506
N,,,COVID-19,,2022-08-22,2022-08-12,4251 Dundas Street W,Kingsway - 2nd Fl,Retirement Home,Respiratory,507
N,,,COVID-19,,2022-08-24,2022-08-12,550 University Avenue,University Health Network - University Centre - 7S,Hospital-Chronic Care,Respiratory,508
N,,,COVID-19,,2022-08-27,2022-08-11,705 - 707 Ellesmere Road,Alexis Lodge Retirement Residence - Bldg 707,Retirement Home,Respiratory,509
N,,,Unable to identify,,2022-08-17,2022-08-11,205 Cummer Ave,Cummer Lodge - 4 North,LTCH,Enteric,510
N,,,COVID-19,,2022-08-24,2022-08-11,3050 Lawrence Ave E,Scarborough Health Network-Scarborough General - 4E-Medicine,Hospital-Acute Care,Respiratory,511
N,,,COVID-19,,2022-08-19,2022-08-11,3276 St. Clair Avenue East,Unity Health Toronto - Providence - A4,Hospital-Chronic Care,Respiratory,512
N,,,COVID-19,,2022-08-28,2022-08-11,30 The Queensway,Unity Health Toronto - St. Joseph's - 2LM,Hospital-Acute Care,Respiratory,513
N,,,COVID-19,,2022-08-26,2022-08-10,65 Livingston Rd,Chartwell Guildwood Retirement Residence - 1st & 5th Fl,Retirement Home,Respiratory,514
N,,,COVID-19,,2022-09-21,2022-08-10,495 The West Mall,"Chartwell Westbury Long Term Care Residence - 2nd, 6th, 7th & 8th Fl",LTCH,Respiratory,515
N,,,COVID-19,,2022-08-26,2022-08-10,2075 Bayview Ave,Sunnybrook Health Sciences Centre - Sunnybrook Veterans Centre - K1W,LTCH,Respiratory,516
N,,,COVID-19,,2022-08-25,2022-08-10,2075 Bayview Ave,Sunnybrook Health Sciences Centre - Sunnybrook Veterans Centre - LTSE,LTCH,Respiratory,517
N,,,COVID-19,,2022-09-02,2022-08-10,200 Dawes Rd,True Davidson Acres,LTCH,Respiratory,518
N,,,COVID-19,,2022-08-30,2022-08-09,500 Kingston Rd.,Atrium at Kew Beach - Michael Garron Hospital Affiliated Unit - 1st Fl West (Transitional Care Unit),Hospital-Chronic Care,Respiratory,519
N,,,COVID-19,,2022-09-03,2022-08-09,52 Neilson Drive,Dom Lipa - K-Wing,LTCH,Respiratory,520
N,,,COVID-19,,2022-08-30,2022-08-08,645 Castlefield Ave,Forest Hill Place - 4th Fl & Reception,Retirement Home,Respiratory,521
N,,,COVID-19,,2022-09-12,2022-08-08,1800 O'Connor Drive,Harmony Hills Care Community - 3A & 3B,LTCH,Respiratory,522
N,,,Rhinovirus,Parainfluenza,2022-08-31,2022-08-08,155 Millwood Rd,Isabel and Arthur Meighen Manor - 4th Fl,LTCH,Respiratory,523
N,,,COVID-19,,2022-09-07,2022-08-08,61 Fairfax Cres,Presentation Manor For Seniors - 4th Fl (MC),Retirement Home,Respiratory,524
N,,,COVID-19,,2022-09-06,2022-08-08,148 Markham Rd,"Scarborough Retirement Residence - 2nd, 3rd, 4th, 5th & 7th Fl",Retirement Home,Respiratory,525
N,,,COVID-19,,2022-08-18,2022-08-08,600 University Avenue,Sinai Health System - Mount Sinai - 14N/SSDU,Hospital-Acute Care,Respiratory,526
N,,,COVID-19,,2022-09-08,2022-08-08,3276 St Clair Ave E,Unity Health Toronto - Houses of Providence - HOP 4E,LTCH,Respiratory,527
N,,,COVID-19,,2022-08-30,2022-08-07,5 Resurrection Rd,Labdara Lithuanian Nursing Home - 3rd Fl,LTCH,Respiratory,528
N,,,COVID-19,,2022-08-29,2022-08-07,2245 Lawrence Avenue West,The Village of Humber Heights - Emma Neighbourhood (2nd Fl),Retirement Home,Respiratory,529
N,,,COVID-19,,2022-08-15,2022-08-06,30 Bond Street,Unity Health Toronto - St. Michael's - 14CC,Hospital-Acute Care,Respiratory,530
N,,,COVID-19,,2022-08-15,2022-08-05,1001 Queen Street West,Centre for Addiction and Mental Health - Queen Street Site - ER,Hospital-Psychiatric,Respiratory,531
N,,,COVID-19,,2022-08-16,2022-08-05,600 University Avenue,Sinai Health System - Mount Sinai - 10S,Hospital-Acute Care,Respiratory,532
N,,,COVID-19,,2022-08-14,2022-08-04,200 Elizabeth Street,University Health Network - Toronto General - 6MB,Hospital-Acute Care,Respiratory,533
N,,,COVID-19,,2022-08-14,2022-08-04,82 Buttonwood Avenue,West Park Healthcare Centre - 3WD,Hospital-Chronic Care,Respiratory,534
N,,,COVID-19,,2022-08-31,2022-08-04,2311 McNicoll Ave,"Yee Hong Centre - Scarborough McNicoll - 3rd, 4th & 5th Fl",LTCH,Respiratory,535
N,,,COVID-19,,2022-08-22,2022-08-03,70 Humberline Dr,Deerwood Creek Care Community - 1st Fl Unit,LTCH,Respiratory,536
N,,,COVID-19,,2022-09-04,2022-08-03,1400 Kennedy Rd,"Kennedy Lodge - Scarborough - 2 South, 2 North & 3 North",LTCH,Respiratory,537
N,,,COVID-19,,2022-08-15,2022-08-02,1066 Avenue Rd,Amica On the Avenue - 3rd Fl,Retirement Home,Respiratory,538
N,,,Coronavirus*,,2022-08-13,2022-08-02,66 Roncesvalles Ave,Copernicus Lodge - 3 South,LTCH,Respiratory,539
N,,,COVID-19,,2022-08-10,2022-08-02,1140 Bloor St W,New Horizons Tower - 2nd Fl,Retirement Home,Respiratory,540
N,,,COVID-19,,2022-08-22,2022-08-01,3555 Danforth Ave,Chester Village - 2E,LTCH,Respiratory,541
N,,,COVID-19,,2022-08-19,2022-08-01,625 Runnymede Road,Runnymede Healthcare Centre - 4E,Hospital-Chronic Care,Respiratory,542
N,,,COVID-19,,2022-08-11,2022-08-01,3276 St. Clair Avenue East,Unity Health Toronto - Providence - A5,Hospital-Chronic Care,Respiratory,543
N,,,COVID-19,,2022-09-02,2022-08-01,130 Dunn Avenue,University Health Network - Bickle Centre - S3,Hospital-Chronic Care,Respiratory,544
N,,,COVID-19,,2022-08-06,2022-07-31,825 Coxwell Avenue,Michael Garron Hospital - B3 Medicine,Hospital-Acute Care,Respiratory,545
N,,,COVID-19,,2022-08-15,2022-07-30,1800 O'Connor Dr,Fountain View Care Community - 3B,LTCH,Respiratory,546
N,,,COVID-19,,2022-08-26,2022-07-29,551 Conlins Rd,Extendicare Rouge Valley - Cedar Ridge & Morrish House,LTCH,Respiratory,547
N,,,COVID-19,,2022-08-15,2022-07-29,28 Halton St,Maynard Nursing Home - 2nd Fl (Trinity),LTCH,Respiratory,548
N,,,COVID-19,,2022-08-15,2022-07-29,3030 Birchmount Rd.,Scarborough Health Network - Birchmount - G3D - Medicine,Hospital-Acute Care,Respiratory,549
N,,,COVID-19,,2022-08-09,2022-07-29,2339 Dufferin St,St. Hilda's Towers - 14th Fl,Retirement Home,Respiratory,550
N,,,COVID-19,,2022-08-15,2022-07-29,33 Christie St,The O'Neill Centre - 5th Fl,LTCH,Respiratory,551
N,,,COVID-19,,2022-08-13,2022-07-28,300 Silver Star Boulevard,Carefirst Transitional Care Centre,LTCH,Respiratory,552
N,,,COVID-19,,2022-08-15,2022-07-28,60 Guildwood Pky,Extendicare Guildwood - West Wing Spur 2,LTCH,Respiratory,553
N,,,COVID-19,,2022-08-11,2022-07-28,82 Buttonwood Avenue,West Park Healthcare Centre - 2EA,Hospital-Acute Care,Respiratory,554
N,,,COVID-19,,2022-08-01,2022-07-27,3560 Bathurst Street,Baycrest Hospital - H7W,Hospital-Chronic Care,Respiratory,555
N,,,COVID-19,,2022-08-06,2022-07-27,3560 Bathurst Street,Baycrest Hospital - North York - 6 West,Hospital-Chronic Care,Respiratory,556
N,,,COVID-19,,2022-08-19,2022-07-27,429 Walmer Road,Cedarvale Terrace,LTCH,Respiratory,557
N,,,COVID-19,,2022-09-17,2022-07-27,60 Richview Road,"Ukrainian Canadian Care Centre - 2nd, 3rd & 4th Fl",LTCH,Respiratory,558
N,,,COVID-19,,2022-08-26,2022-07-26,2233 Kipling Ave,Kipling Acres - 3N,LTCH,Respiratory,559
N,,,COVID-19,,2022-08-06,2022-07-26,4001 Leslie Street,North York General Hospital - General Site - 5W,Hospital-Acute Care,Respiratory,560
N,,,COVID-19,,2022-08-07,2022-07-26,3276 St Clair Ave E,Unity Health Toronto - Houses of Providence - HOP 2E,LTCH,Respiratory,561
N,,,COVID-19,,2022-08-19,2022-07-25,92 Island Rd,"Altamont Care Community - Wing 1, Wing 2 & Wing 3",LTCH,Respiratory,562
N,,,COVID-19,,2022-08-05,2022-07-25,3560 Bathurst Street,Baycrest Hospital - North York - 7 East,Hospital-Chronic Care,Respiratory,563
N,,,COVID-19,,2022-08-09,2022-07-25,2411 Lawrence Ave E,Hellenic Home - Scarborough - 2B,LTCH,Respiratory,564
N,,,COVID-19,,2022-08-07,2022-07-25,200 Church St,RCC - Sunnybrook Health Sciences Centre - Church Site - A3N,Hospital-Chronic Care,Respiratory,565
N,,,COVID-19,,2022-08-15,2022-07-25,2121 Kingston Rd,"Retirement Suites by the Lake - 1st, 2nd & 3rd Fl",Retirement Home,Respiratory,566
N,,,COVID-19,,2022-08-16,2022-07-25,2075 Bayview Avenue,Sunnybrook Health Sciences Centre - Bayview Campus - C6,Hospital-Acute Care,Respiratory,567
N,,,COVID-19,,2022-08-09,2022-07-25,30 The Queensway,Unity Health Toronto - St. Joseph's - 4M,Hospital-Acute Care,Respiratory,568
N,,,COVID-19,,2022-08-09,2022-07-24,1 Bridgepoint Dr,Sinai Health System - Hennick Bridgepoint - 7N,Hospital-Chronic Care,Respiratory,569
N,,,COVID-19,,2022-08-12,2022-07-23,15 Summerland Terr,"Tapestry at Village Gate West - 2nd, 6th & 9th Fl",Retirement Home,Respiratory,570
N,,,COVID-19,,2022-08-19,2022-07-22,55 Belmont St,Belmont House - 2WW & 4WW,LTCH,Respiratory,571
N,,,COVID-19,,2022-08-01,2022-07-22,4001 Leslie Street,North York General Hospital - General Site - 5N,Hospital-Acute Care,Respiratory,572
N,,,COVID-19,,2022-08-06,2022-07-22,625 Runnymede Road,Runnymede Healthcare Centre - 3 East,Hospital-Chronic Care,Respiratory,573
N,,,COVID-19,,2022-08-05,2022-07-22,2867 Ellesmere Road,Scarborough Health Network - Centenary - 9E-Med,Hospital-Acute Care,Respiratory,574
N,,,COVID-19,,2022-09-21,2022-07-22,59 Lawson Rd,Tony Stacey Centre for Veterans' Care,LTCH,Respiratory,575
N,,,COVID-19,,2022-07-31,2022-07-22,101 Humber College Boulevard,William Osler Health System - Etobicoke - 8th Level Surgery,Hospital-Acute Care,Respiratory,576
N,,,COVID-19,,2022-08-15,2022-07-21,4650 Eglinton Avenue West,Parkland On Eglinton West - 6th Fl West Tower,Retirement Home,Respiratory,577
N,,,COVID-19,,2022-08-03,2022-07-21,3276 St Clair Ave E,Unity Health Toronto - Houses of Providence - HOP 3 East,LTCH,Respiratory,578
N,,,COVID-19,,2022-08-03,2022-07-21,200 Elizabeth Street,University Health Network - Toronto General - 14ES,Hospital-Acute Care,Respiratory,579
N,,,COVID-19,,2022-08-02,2022-07-21,200 Elizabeth Street,University Health Network - Toronto General - 6ES,Hospital-Acute Care,Respiratory,580
N,,,COVID-19,,2022-08-15,2022-07-21,1145 Albion Rd,Westside - 2nd Fl,LTCH,Respiratory,581
N,,,COVID-19,,2022-09-06,2022-07-20,2100 Bloor Street W,"Chartwell Grenadier Retirement Residence - Toronto - A3, A4, B3 & B4",Retirement Home,Respiratory,582
N,,,COVID-19,,2022-07-29,2022-07-20,825 Coxwell Avenue,Michael Garron Hospital - B2,Hospital-Acute Care,Respiratory,583
N,,,COVID-19,,2022-08-06,2022-07-20,2867 Ellesmere Road,Scarborough Health Network - Centenary - 5W (Surgery),Hospital-Acute Care,Respiratory,584
N,,,COVID-19,,2022-07-31,2022-07-20,2075 Bayview Avenue,Sunnybrook Health Sciences Centre - Bayview Campus - C4,Hospital-Acute Care,Respiratory,585
N,,,Norovirus-like,,2022-08-05,2022-07-20,795 Eglinton Avenue E,Suomi Koti Nursing Home - 7th Fl,LTCH,Enteric,586
N,,,COVID-19,,2022-07-31,2022-07-20,2245 Lawrence Avenue West,The Village of Humber Heights - Emma Neighbourhood,Retirement Home,Respiratory,587
N,,,COVID-19,,2022-08-02,2022-07-20,200 Elizabeth Street,University Health Network - Toronto General - Hemodialysis,Hospital-Acute Care,Respiratory,588
N,,,COVID-19,,2022-08-09,2022-07-19,1000 Ellesmere Rd,Fieldstone Commons Care Community - 2B,LTCH,Respiratory,589
N,,,COVID-19,,2022-08-16,2022-07-19,1-3 Kenton Dr,One Kenton Place - 4th Fl,Retirement Home,Respiratory,590
N,,,COVID-19,,2022-08-10,2022-07-19,2 Buchan Crt,Seniors' Health Centre - 2nd Fl,LTCH,Respiratory,591
N,,,CPE Unspecified (VIM),,2022-09-14,2022-07-19,2075 Bayview Ave,Sunnybrook Health Sciences Centre - RTBC,Hospital-Acute Care,Other,592
N,,,COVID-19,,2022-07-31,2022-07-19,285 Cummer Avenue,Sunnybrook Health Sciences Centre - St. John's Rehab - A4,Hospital-Chronic Care,Respiratory,593
N,,,COVID-19,,2022-08-08,2022-07-19,55 Ameer Ave,Terraces of Baycrest - 4th Fl,Retirement Home,Respiratory,594
N,,,COVID-19,,2022-08-15,2022-07-19,2245 Lawrence Ave W,The Village of Humber Heights - Wadsworth & Weston Neighbourhood,LTCH,Respiratory,595
N,,,COVID-19,,2022-08-01,2022-07-19,130 Dunn Avenue,University Health Network - Bickle Centre - North 3,Hospital-Chronic Care,Respiratory,596
N,,,COVID-19,,2022-07-29,2022-07-19,160 Wellesley St E,Wellesley Central Place - 3 East,LTCH,Respiratory,597
N,,,COVID-19,,2022-08-04,2022-07-18,1001 Queen Street West,Centre for Addiction and Mental Health - Queen Street Site - GAU-B,Hospital-Psychiatric,Respiratory,598
N,,,COVID-19,,2022-08-17,2022-07-18,880 Lawrence Avenue,Greenview Lodge - 2nd & 3rd Fl,Retirement Home,Respiratory,599
N,,,COVID-19,,2022-08-02,2022-07-18,111 Avenue Rd,"Hazelton Place Retirement Residence - 3rd, 4th, & 5th Fl",Retirement Home,Respiratory,600
N,,,COVID-19,,2022-09-26,2022-07-18,150 Dunn Ave,Lakeside Long Term Care Centre - 2nd & 4th Fl,LTCH,Respiratory,601
N,,,COVID-19,,2022-08-25,2022-07-18,345 Sherbourne St,Sherbourne Place - 2nd & 4th Fl,LTCH,Respiratory,602
N,,,COVID-19,,2022-08-17,2022-07-18,285 Cummer Avenue,Sunnybrook Health Sciences Centre - St. John's Rehab - A1,Hospital-Chronic Care,Respiratory,603
N,,,COVID-19,,2022-07-26,2022-07-18,30 Bond Street,Unity Health Toronto - St. Michael's - 8CS,Hospital-Acute Care,Respiratory,604
N,,,COVID-19,,2022-07-28,2022-07-17,66 Roncesvalles Ave,Copernicus Lodge - 1 South,LTCH,Respiratory,605
N,,,COVID-19,,2022-07-28,2022-07-17,95 Humber College Blvd,Humber Valley Terrace - 1st Fl,LTCH,Respiratory,606
N,,,COVID-19,,2022-07-31,2022-07-17,3276 St Clair Ave E,Unity Health Toronto - Houses of Providence - HOP-1 East,LTCH,Respiratory,607
N,,,COVID-19,,2022-08-02,2022-07-16,495 The West Mall,Chartwell Westbury Long Term Care Residence - 4th Fl,LTCH,Respiratory,608
N,,,COVID-19,,2022-08-15,2022-07-16,3595 Keele St,Downsview Long Term Care Centre - Unit 2 Centre,LTCH,Respiratory,609
N,,,COVID-19,,2022-08-04,2022-07-16,122 Tyndall Ave,Norwood Nursing Home - 1st Fl,LTCH,Respiratory,610
N,,,COVID-19,,2022-08-06,2022-07-15,5935 Bathurst St,Cheltenham Care Community - 1st Fl - Pleasantville,LTCH,Respiratory,611
N,,,COVID-19,,2022-07-26,2022-07-15,30 Bond Street,Unity Health Toronto - St. Michael's - 9CC,Hospital-Acute Care,Respiratory,612
N,,,COVID-19,,2022-09-06,2022-07-15,2005 Lawrence Ave W,Weston Terrace Care Community - Unit 2B,LTCH,Respiratory,613
N,,,COVID-19,,2022-08-04,2022-07-15,101 Humber College Boulevard,William Osler Health System - 7E Cardiology,Hospital-Acute Care,Respiratory,614
N,,,COVID-19,,2022-07-28,2022-07-14,4001 Leslie Street,North York General Hospital - General Site - 5SE,Hospital-Acute Care,Respiratory,615
N,,,COVID-19,,2022-07-29,2022-07-14,1035 Eglinton Avenue W,Pine Villa Seniors Transitional Care - 2nd Fl,Hospital-Chronic Care,Respiratory,616
N,,,COVID-19,,2022-09-16,2022-07-14,3758 Sheppard Avenue E,Shepherd Terrace Retirement Residence - 4th Fl,Retirement Home,Respiratory,617
N,,,COVID-19,,2022-07-29,2022-07-14,140 Sherway Drive,Trillium Health Partners-McCall Continuing Care - Chronic / Rehab - 3rd Fl,Hospital-Chronic Care,Respiratory,618
N,,,COVID-19,,2022-07-26,2022-07-14,399 Bathurst Street,University Health Network - Toronto Western - 8A,Hospital-Acute Care,Respiratory,619
N,,,COVID-19,,2022-07-29,2022-07-13,1400 Kennedy Rd,Kennedy Lodge - 3 South,LTCH,Respiratory,620
N,,,COVID-19,,2022-07-25,2022-07-13,825 Coxwell Avenue,Michael Garron Hospital - F3,Hospital-Acute Care,Respiratory,621
N,,,COVID-19,,2022-08-05,2022-07-13,22 Norfinch Dr,Norfinch Care Community - Unit 3A & Unit 3B,LTCH,Respiratory,622
N,,,COVID-19,,2022-07-25,2022-07-13,17 Maplewood Ave,Rose of Sharon Korean Long Term Care - 6th Fl,LTCH,Respiratory,623
N,,,COVID-19,,2022-07-29,2022-07-13,262 St. Clair Avenue W,"The Russell Hill Retirement Residence - 2nd, 3rd & 4th Fl",Retirement Home,Respiratory,624
N,,,COVID-19,,2022-08-02,2022-07-13,82 Buttonwood Avenue,West Park Long Term Care Centre - 2nd Fl Units Hughes & Prittie,LTCH,Respiratory,625
N,,,COVID-19,,2022-08-12,2022-07-12,1 Overland Dr,Better Living at Thompson House - 3rd Fl,LTCH,Respiratory,626
N,,,COVID-19,,2022-08-09,2022-07-12,40 Bell Estate Rd,"Ina Grafton Gage Home - 2 East, 2 West & 3 West",LTCH,Respiratory,627
N,,,COVID-19,,2022-07-22,2022-07-12,1035 Eglinton Avenue W,Pine Villa Seniors Transitional Care - 4th Fl,Hospital-Chronic Care,Respiratory,628
N,,,COVID-19,,2022-08-02,2022-07-12,2 O'Connor Dr,St. Joseph's Infirmary and Private Hospital - 2nd & 3rd Fl,Retirement Home,Respiratory,629
N,,,COVID-19,,2022-07-28,2022-07-12,2075 Bayview Avenue,Sunnybrook Health Sciences Centre - Bayview Campus - D5,Hospital-Acute Care,Respiratory,630
N,,,COVID-19,,2022-08-16,2022-07-12,1020 McNicoll Ave,Tendercare Living Centre - 3rd Fl,LTCH,Respiratory,631
N,,,COVID-19,,2022-08-03,2022-07-12,1860 Lawrence Ave E,The Wexford - 5th Fl,LTCH,Respiratory,632
N,,,COVID-19,,2022-08-07,2022-07-12,30 The Queensway,Unity Health Toronto - St. Joseph's - 6M,Hospital-Acute Care,Respiratory,633
N,,,COVID-19,,2022-07-27,2022-07-12,2311 McNicoll Ave,Yee Hong Centre - Scarborough McNicoll - GF,LTCH,Respiratory,634
N,,,COVID-19,,2022-08-29,2022-07-11,306 Finch Ave E,Carefree Lodge,LTCH,Respiratory,635
N,,,COVID-19,,2022-08-01,2022-07-11,3560 Bathurst St,Jewish Home for the Aged,LTCH,Respiratory,636
N,,,COVID-19,,2022-07-29,2022-07-11,2 Buchan Crt,Seniors' Health Centre - 3rd Fl,LTCH,Respiratory,637
N,,,COVID-19,,2022-08-15,2022-07-11,400 The West Mall,Wesburn Manor - 3rd Fl (3S & 3N),LTCH,Respiratory,638
N,,,COVID-19,,2022-08-03,2022-07-10,5351 Yonge St,Delmanor Northtown - 7th Fl,Retirement Home,Respiratory,639
N,,,COVID-19,,2022-08-14,2022-07-10,550 Cummer Ave,Extendicare Bayview - West & East Unit,LTCH,Respiratory,640
N,,,COVID-19,,2022-07-25,2022-07-09,520 Markham Road,Cedarbrook Lodge Retirement Residence - 3rd Fl,Retirement Home,Respiratory,641
N,,,COVID-19,,2022-08-10,2022-07-07,10 -14 William Morgan Drive,Leaside Retirement Residence - Building 10 (3rd & 7th Fl),Retirement Home,Respiratory,642
N,,,COVID-19,,2022-07-25,2022-07-07,2881 Eglinton Avenue E,"McCowan Retirement Residence - 2nd, 3rd, 4th & 5th Fl",LTCH,Respiratory,643
N,,,COVID-19,,2022-07-22,2022-07-07,2111 Finch Ave W,RCC - Mackenzie Health Hospital - Finch Site - 4 West,Hospital-Chronic Care,Respiratory,644
N,,,COVID-19,,2022-08-02,2022-07-07,3050 Lawrence Ave E,Scarborough Health Network - Scarborough General - 4C - Medicine,Hospital-Acute Care,Respiratory,645
N,,,COVID-19,,2022-07-29,2022-07-07,3050 Lawrence Ave E,Scarborough Health Network - Scarborough General - CP4 - Medicine,Hospital-Acute Care,Respiratory,646
N,,,COVID-19,,2022-07-18,2022-07-07,2075 Bayview Avenue,Sunnybrook Health Sciences Centre - Bayview Campus - C2,Hospital-Acute Care,Respiratory,647
N,,,COVID-19,,2022-08-06,2022-07-07,45 Brunswick Ave,"The Kensington Gardens - 1E, 2E, 2W & 3E",LTCH,Respiratory,648
N,,,COVID-19,,2022-08-10,2022-07-06,866 Sheppard Avenue,Kensington Place Retirement Residence,Retirement Home,Respiratory,649
N,,,COVID-19,,2022-08-18,2022-07-06,450 Rustic Rd,North Park Nursing Home - 1st & 2nd Fl,LTCH,Respiratory,650
N,,,COVID-19,,2022-08-03,2022-07-06,30 Bond Street,Unity Health Toronto - St. Michael's - RT Department,Hospital-Acute Care,Respiratory,651
N,,,Rhinovirus,,2022-07-15,2022-07-06,400 The West Mall,Wesburn Manor - 2N & 2S,LTCH,Respiratory,652
N,,,COVID-19,,2022-07-25,2022-07-05,92 Island Rd,Altamont Care Community - Wing 3,LTCH,Respiratory,653
N,,,COVID-19,,2022-07-21,2022-07-05,300 Silver Star Boulevard,Carefirst Transitional Care Centre - 3rd Fl,LTCH,Respiratory,654
N,,,COVID-19,,2022-08-13,2022-07-05,102 Craiglee Dr,Craiglee Nursing Home - 3 East,LTCH,Respiratory,655
N,,,COVID-19,,2022-07-18,2022-07-05,3030 Birchmount Rd.,Scarborough Health Network - Birchmount - G4A - Medicine,Hospital-Acute Care,Respiratory,656
N,,,COVID-19,,2022-08-02,2022-07-05,225 St. George St,St. George Care Community - 1st Fl,LTCH,Respiratory,657
N,,,Rhinovirus,,2022-07-16,2022-07-05,40 Playfair Ave,Villa Colombo - 4 Fusco South,LTCH,Respiratory,658
N,,,COVID-19,,2022-07-14,2022-07-05,101 Humber College Boulevard,William Osler Health System - Etobicoke - 9 West,Hospital-Acute Care,Respiratory,659
N,,,COVID-19,,2022-07-29,2022-07-04,1001 Queen Street West,Centre for Addiction and Mental Health - Queen Street Site - GAU-A,Hospital-Psychiatric,Respiratory,660
N,,,COVID-19,,2022-09-06,2022-07-04,340 McCowan Rd,"Chartwell Trilogy Long Term Care Residence - 2nd, 3rd, 4th, 5th & 6th Fl",LTCH,Respiratory,661
N,,,Metapneumovirus,,2022-07-15,2022-07-04,5935 Bathurst St,Cheltenham Care Community - 2nd Fl South,LTCH,Respiratory,662
N,,,COVID-19,,2022-08-09,2022-07-04,1 Northwestern Avenue,"Harold and Grace Baker Centre - 3rd, 4th, 5th & 6th Fl",Retirement Home,Respiratory,663
N,,,COVID-19,,2022-08-09,2022-07-04,1 Northwestern Ave,Harold and Grace Baker Centre LTCH - A & C Wing,LTCH,Respiratory,664
N,,,COVID-19,,2022-07-31,2022-07-04,4251 Dundas Street W,"Kingsway - 2nd Fl, 3rd Fl & 4th Fl",Retirement Home,Respiratory,665
N,,,COVID-19,,2022-07-25,2022-07-04,740 Pape Ave,Nisbet Lodge - 6th Fl,LTCH,Respiratory,666
N,,,Metapneumovirus,,2022-07-20,2022-07-04,9 Neilson Rd,Seven Oaks - SCU,LTCH,Respiratory,667
N,,,COVID-19,,2022-07-18,2022-07-04,77 Dunfield Ave,The Dunfield Retirement Residence - 4th Fl,Retirement Home,Respiratory,668
N,,,COVID-19,,2022-08-03,2022-07-04,60 Scottfield Dr,Yee Hong Centre - Scarborough Finch - 2F & 5N,LTCH,Respiratory,669
N,,,COVID-19,,2022-08-16,2022-07-03,205 Cummer Ave,Cummer Lodge - 3 North & 4 North,LTCH,Respiratory,670
N,,,COVID-19,,2022-07-20,2022-07-03,2411 Lawrence Ave E,Hellenic Home - 2B,LTCH,Respiratory,671
N,,,COVID-19,,2022-08-09,2022-07-02,200 Dawes Rd,True Davidson Acres - 5th Fl,LTCH,Respiratory,672
N,,,COVID-19,,2022-08-30,2022-07-01,2920 Lawrence Ave E,"Bendale Acres - 1W + CSU, 3rd, 5th & 6th Fl",LTCH,Respiratory,673
N,,,COVID-19,,2022-07-11,2022-07-01,43 Wellesley Street East,Sunnybrook Health Sciences Centre - Holland Orthopaedic & Arthritic - I6E,Hospital-Chronic Care,Respiratory,674
N,,,COVID-19,,2022-08-04,2022-07-01,140 Sherway Drive,Trillium Health Partners - McCall Continuing Care - Chronic / Rehab - 4th Fl,Hospital-Chronic Care,Respiratory,675
N,,,Rhinovirus,,2022-07-05,2022-06-30,3197 Lake Shore Blvd W,Lakeshore Lodge - 3 South,LTCH,Respiratory,676
N,,,COVID-19,,2022-09-15,2022-06-30,1195 Queen St E,The Heritage Nursing Home,LTCH,Respiratory,677
N,,,COVID-19,,2022-07-10,2022-06-30,30 The Queensway,Unity Health Toronto - St. Joseph's - 2LM,Hospital-Acute Care,Respiratory,678
N,,,COVID-19,,2022-07-05,2022-06-29,1001 Queen Street West,Centre for Addiction and Mental Health - Queen Street Site - FORCAT,Hospital-Psychiatric,Respiratory,679
N,,,COVID-19,,2022-08-08,2022-06-29,1925 Steeles Ave E,Chartwell Gibson Long Term Care Residence - 3rd & 4th Fl,LTCH,Respiratory,680
N,,,COVID-19,,2022-07-22,2022-06-29,1800 O'Connor Dr,Fountain View Care Community,LTCH,Respiratory,681
N,,,COVID-19,,2022-09-14,2022-06-29,9 Neilson Rd,"Seven Oaks - Office, 2nd, 3rd & 5th Fl",LTCH,Respiratory,682
N,,,COVID-19,,2022-07-12,2022-06-29,399 Bathurst Street,University Health Network - Toronto Western - 8B,Hospital-Acute Care,Respiratory,683
N,,,Enterovirus/Rhinovirus,,2022-07-11,2022-06-29,303 Queens Dr,Weston Gardens Retirement Residence,Retirement Home,Respiratory,684
N,,,COVID-19,,2022-07-06,2022-06-29,60 Scottfield Dr,Yee Hong Centre - Scarborough Finch - GF (The Foundation),LTCH,Respiratory,685
N,,,COVID-19,,2022-07-15,2022-06-28,47 Austin Terr,Hillcrest Reactivation Centre - 2nd Fl,Hospital-Chronic Care,Respiratory,686
N,,,COVID-19,,2022-07-25,2022-06-28,2030 McNicoll Ave,Mon Sheong Scarborough Long Term Care Centre - 4th Fl South,LTCH,Respiratory,687
N,,,COVID-19,,2022-08-06,2022-06-27,19 Rean Dr,Amica Bayview Gardens,Retirement Home,Respiratory,688
N,,,COVID-19,,2022-07-18,2022-06-27,215 Tyrrel Avenue,Hellenic Care for Seniors - 1st Fl,LTCH,Respiratory,689
N,,,COVID-19,,2022-08-10,2022-06-27,541 Finch Ave W,Valleyview Residence - 4-West & 4-East,LTCH,Respiratory,690
N,,,Enterovirus/Rhinovirus,,2022-07-18,2022-06-26,2920 Lawrence Ave E,Bendale Acres,LTCH,Respiratory,691
N,,,COVID-19,,2022-07-22,2022-06-25,55 Belmont St,Belmont House - 5WW,LTCH,Respiratory,692
N,,,COVID-19,,2022-07-11,2022-06-25,111 Avenue Rd,Hazelton Place Retirement Residence - 2nd Fl,Retirement Home,Respiratory,693
N,,,COVID-19,,2022-07-22,2022-06-24,221 Milner Ave,Sts. Peter and Paul Residence - 5th Fl,LTCH,Respiratory,694
N,,,COVID-19,,2022-07-16,2022-06-24,2075 Bayview Avenue,Sunnybrook Health Sciences Centre - Bayview Campus - F2,Hospital-Acute Care,Respiratory,695
N,,,COVID-19,,2022-07-05,2022-06-24,200 Elizabeth Street,University Health Network - Toronto General - 6 MA,Hospital-Acute Care,Respiratory,696
N,,,COVID-19,,2022-07-15,2022-06-23,685 Finch Avenue,St. Bernard's Residence - 2nd & 3rd Fl,Retirement Home,Respiratory,697
N,,,COVID-19,,2022-07-04,2022-06-23,200 Church St,Trillium Health Partners - Church Site - 6B,Hospital-Chronic Care,Respiratory,698
N,,,COVID-19,,2022-07-11,2022-06-20,3197 Lakeshore Blvd,Lakeshore Lodge - 4 South,LTCH,Respiratory,699
N,,,COVID-19,,2022-06-28,2022-06-19,1001 Queen Street West,Centre For Addiction and Mental Health - Queen Street Site - 5 CCC (Crisis & Critical Care),Hospital-Psychiatric,Respiratory,700
N,,,COVID-19,,2022-07-03,2022-06-18,102 Craiglee Dr,Craiglee Nursing Home - 1 East,LTCH,Respiratory,701
N,,,COVID-19,,2022-07-29,2022-06-18,70 Humberline Dr,Deerwood Creek Care Community - Unit 3B,LTCH,Respiratory,702
N,,,Unable to identify,,2022-06-29,2022-06-18,40 Playfair Ave,Villa Colombo Home For The Aged - 4 Fusco West,LTCH,Enteric,703
N,,,COVID-19,,2022-06-28,2022-06-17,1066 Avenue Rd,Amica On the Avenue - 4th Fl,Retirement Home,Respiratory,704
N,,,COVID-19,,2022-08-22,2022-06-17,40 Playfair Ave,"Villa Colombo Homes for the Aged - 3 Fusco North, 2 Fusco, 4 Fusco, 5 Fusco & 4 Fidani",LTCH,Respiratory,705
N,,,COVID-19,,2022-06-29,2022-06-16,3050 Lawrence Ave E,Scarborough Health Network-Scarborough General - CP4 - Medicine,Hospital-Acute Care,Respiratory,706
N,,,COVID-19,,2022-06-26,2022-06-16,2075 Bayview Ave,Sunnybrook Health Sciences Centre - Sunnybrook Veterans Centre - LSSE,LTCH,Respiratory,707
N,,,COVID-19,,2022-09-03,2022-06-15,130 Midland Ave,"Midland Gardens Care Community - Kitchen, 3rd, 5th & 6th Fl",LTCH,Respiratory,708
N,,,COVID-19,,2022-07-05,2022-06-15,4001 Leslie Street,North York General Hospital - General Site - 3N-ALC,Hospital-Acute Care,Respiratory,709
N,,,COVID-19,,2022-07-01,2022-06-14,340 McCowan Rd,Chartwell Trilogy Long Term Care Residence - 3rd Fl,LTCH,Respiratory,710
N,,,COVID-19,,2022-07-09,2022-06-14,22 Norfinch Dr,Norfinch Care Community - Unit 2A & 2B,LTCH,Respiratory,711
N,,,Influenza A (H3N2),,2022-07-12,2022-06-13,429 Walmer Road,Cedarvale Terrace Long Term Care Home - 5th Fl,LTCH,Respiratory,712
N,,,Rhinovirus,,2022-06-24,2022-06-13,555 University Ave E,The Hospital for Sick Children - Unit 8B,Hospital-Acute Care,Respiratory,713
N,,,Rhinovirus,,2022-06-22,2022-06-13,400 The West Mall,Wesburn Manor - 2N & 2S,LTCH,Respiratory,714
N,,,COVID-19,,2022-06-21,2022-06-13,400 The West Mall,Wesburn Manor - 3N & 3S,LTCH,Respiratory,715
N,,,COVID-19,,2022-08-08,2022-06-11,420 The East Mall,Eatonville Care Centre - Unit 3,LTCH,Respiratory,716
N,,,COVID-19,,2022-08-15,2022-06-10,351 Christie St,Castleview Wychwood Towers,LTCH,Respiratory,717
N,,,COVID-19,,2022-06-22,2022-06-09,155 Millwood Rd,Isabel and Arthur Meighen Manor - Davis Unit,LTCH,Respiratory,718
N,,,COVID-19,,2022-06-21,2022-06-09,3030 Birchmount Rd.,Scarborough Health Network - Birchmount - G3A,Hospital-Acute Care,Respiratory,719
N,,,Coronavirus*,,2022-06-17,2022-06-08,70 Humberline Dr W,Deerwood Creek Care Community - Unit 3A (Memory Care),LTCH,Respiratory,720
N,,,COVID-19,,2022-08-04,2022-06-08,2045 Finch Ave W,"Hawthorne Place Care Centre - RBU Unit, 3rd Fl & Kitchen",LTCH,Respiratory,721
N,,,Enterovirus/Rhinovirus,,2022-06-16,2022-06-07,541 Finch Ave W,Valleyview Residence - 4 East,LTCH,Respiratory,722
N,,,COVID-19,,2022-07-11,2022-06-06,551 Conlins Rd,Extendicare Rouge Valley - Meadowvale,LTCH,Respiratory,723
N,,,Unable to identify,,2022-06-15,2022-06-06,160 Wellesley St E,Rekai Centre - Wellesley Central Place - 4 West,LTCH,Respiratory,724
N,,,COVID-19,,2022-06-17,2022-06-06,3050 Lawrence Ave E,Scarborough Health Network - Scarborough General - T7 (Medicine),Hospital-Acute Care,Respiratory,725
N,,,COVID-19,,2022-06-21,2022-06-06,3276 St. Clair Avenue East,Unity Health Toronto - Providence Healthcare - B4,Hospital-Chronic Care,Respiratory,726
N,,,Coronavirus*,,2022-06-14,2022-06-04,40 Playfair Ave,Villa Colombo Homes for the Aged - 2 Fusco,LTCH,Respiratory,727
N,,,COVID-19,,2022-06-15,2022-06-02,767 Royal York Rd,Ivan Franko Home - 2 West,LTCH,Respiratory,728
N,,,COVID-19,,2022-06-26,2022-06-02,200 Church St,RCC - Southlake Regional Health Centre - Church Site - 3B,Hospital-Chronic Care,Respiratory,729
N,,,Respiratory syncytial virus,,2022-06-07,2022-06-01,123 Spadina Rd,Annex Retirement Residence - 5th Fl,Retirement Home,Respiratory,730
N,,,Coronavirus*,,2022-06-09,2022-06-01,439 Sherbourne St,Fudger House - 1E,LTCH,Respiratory,731
N,,,COVID-19,,2022-06-19,2022-06-01,36 D'arcy St,Mon Sheong Home for the Aged - 4th Fl,LTCH,Respiratory,732
N,,,COVID-19,,2022-06-10,2022-05-31,1001 Queen Street West,Centre For Addiction and Mental Health - Queen Street Site - Unit CCC6,Hospital-Psychiatric,Respiratory,733
N,,,COVID-19,,2022-06-13,2022-05-31,187 Wynford Dr,Delmanor Wynford - 6th,Retirement Home,Respiratory,734
N,,,COVID-19,,2022-07-15,2022-05-31,2233 Kipling Ave,Kipling Acres - 2N & 3N,LTCH,Respiratory,735
N,,,COVID-19,,2022-06-23,2022-05-30,3758 Sheppard Avenue E,Shepherd Terrace Retirement Residence - 3rd Fl,Retirement Home,Respiratory,736
N,,,COVID-19,,2022-06-25,2022-05-30,2075 Bayview Ave,Sunnybrook Health Sciences Centre - Sunnybrook Veterans Centre - LFSE,LTCH,Respiratory,737
N,,,COVID-19,,2022-06-07,2022-05-28,43 Wellesley Street East,Sunnybrook Health Sciences Centre - Holland Orthopaedic & Arthritic - I6E - CCC,Hospital-Chronic Care,Respiratory,738
N,,,COVID-19,,2022-06-07,2022-05-28,399 Bathurst Street,University Health Network - Toronto Western - 3B,Hospital-Acute Care,Respiratory,739
N,,,COVID-19,,2022-06-08,2022-05-27,5935 Bathurst St,Cheltenham Care Community - 3rd Fl,LTCH,Respiratory,740
N,,,COVID-19,,2022-06-17,2022-05-27,84 Davisville Ave,Meighen Retirement Residence,Retirement Home,Respiratory,741
N,,,COVID-19,,2022-06-06,2022-05-27,3276 St. Clair Avenue East,Providence Healthcare - HOP 4 W,LTCH,Respiratory,742
N,,,COVID-19,,2022-08-07,2022-05-27,25 Brunswick Ave,"The Kensington Gardens - 1W, 4W & 4E",LTCH,Respiratory,743
N,,,COVID-19,,2022-06-21,2022-05-27,2005 Lawrence Ave W,Weston Terrace Care Community - 4B,LTCH,Respiratory,744
N,,,COVID-19,,2022-06-13,2022-05-26,1925 Steeles Ave E,Chartwell Gibson Long Term Care Residence - 3rd Fl,LTCH,Respiratory,745
N,,,COVID-19,,2022-06-06,2022-05-26,2045 Finch Ave W,Hawthorne Place Care Centre - RBU,LTCH,Respiratory,746
N,,,COVID-19,,2022-07-13,2022-05-26,1145 Albion Rd,Westside - 4th Fl,LTCH,Respiratory,747
N,,,COVID-19,,2022-06-12,2022-05-25,2075 Bayview Ave,Sunnybrook Health Sciences Centre - Sunnybrook Veterans Centre - LFSW,LTCH,Respiratory,748
N,,,COVID-19,,2022-06-20,2022-05-24,19 Rean Dr,"Amica Bayview Gardens - 2nd, 4th, 6th & 7th Fl",Retirement Home,Respiratory,749
N,,,COVID-19,,2022-06-02,2022-05-24,3555 Danforth Ave,Chester Village - 1W,LTCH,Respiratory,750
N,,,COVID-19,,2022-06-02,2022-05-24,3276 St. Clair Avenue East,Providence Healthcare - HOP 3 West,LTCH,Respiratory,751
N,,,COVID-19,,2022-06-06,2022-05-23,55 Belmont Street,Belmont House - 3rd Fl,Retirement Home,Respiratory,752
N,,,COVID-19,,2022-06-03,2022-05-23,30 The Queensway,Unity Health Toronto - St. Joseph's - 2M,Hospital-Acute Care,Respiratory,753
N,,,COVID-19,,2022-06-02,2022-05-22,3197 Lakeshore Blvd,Lakeshore Lodge - 4th Fl North,LTCH,Respiratory,754
N,,,COVID-19,,2022-06-06,2022-05-22,3030 Birchmount Rd.,Scarborough Health Network - Birchmount - G3D Medicine,Hospital-Acute Care,Respiratory,755
N,,,COVID-19,,2022-06-07,2022-05-22,2075 Bayview Avenue,Sunnybrook Health Sciences Centre - Bayview Campus - C4,Hospital-Acute Care,Respiratory,756
N,,,COVID-19,,2022-05-31,2022-05-22,101 Humber College Boulevard,William Osler Health System - 9 CCC West,Hospital-Acute Care,Respiratory,757
N,,,COVID-19,,2022-05-31,2022-05-21,52 Neilson Drive,Dom Lipa - West 1,LTCH,Respiratory,758
N,,,COVID-19,,2022-06-06,2022-05-21,866 Sheppard Avenue,Kensington Place Retirement Residence - 6th Fl,Retirement Home,Respiratory,759
N,,,COVID-19,,2022-06-02,2022-05-20,3276 St. Clair Avenue East,Providence Healthcare - HOP 2 East,LTCH,Respiratory,760
N,,,COVID-19,,2022-06-10,2022-05-20,160 Wellesley St E,Wellesley Central Place - 4 East,LTCH,Respiratory,761
N,,,COVID-19,,2022-08-24,2022-05-19,439 Sherbourne St,"Fudger House - 1W, 1E, 2W, 2E, 3W & 3E",LTCH,Respiratory,762
N,,,COVID-19,,2022-06-02,2022-05-19,200 Dawes Rd,True Davidson Acres - 1st Fl,LTCH,Respiratory,763
N,,,COVID-19,,2022-05-28,2022-05-18,2075 Bayview Ave,Sunnybrook Health Sciences Centre - Sunnybrook Veterans Centre - LSSE,LTCH,Respiratory,764
N,,,COVID-19,,2022-05-27,2022-05-18,30 The Queensway,Unity Health Toronto - St. Joseph's - 3M,Hospital-Acute Care,Respiratory,765
N,,,COVID-19,,2022-05-27,2022-05-17,130 Dunn Avenue,University Health Network - Bickle Centre - N5 TCU,Hospital-Chronic Care,Respiratory,766
N,,,COVID-19,,2022-06-02,2022-05-17,130 Dunn Avenue,University Health Network - Bickle Centre - S4,Hospital-Chronic Care,Respiratory,767
N,,,COVID-19,,2022-05-27,2022-05-16,65 Livingston Rd,Chartwell Guildwood Retirement Residence - Memory Living Side,Retirement Home,Respiratory,768
N,,,COVID-19,,2022-05-21,2022-05-16,825 Coxwell Avenue,Michael Garron Hospital - H7,Hospital-Acute Care,Respiratory,769
N,,,Coronavirus*,,2022-06-03,2022-05-16,60 Richview Rd,Ukrainian Canadian Care Centre - 3rd Fl,LTCH,Respiratory,770
N,,,COVID-19,,2022-06-04,2022-05-15,22 Norfinch Dr,Norfinch Care Community - Unit 1A,LTCH,Respiratory,771
N,,,COVID-19,,2022-06-13,2022-05-15,60 Richview Road,Ukrainian Canadian Care Centre - 2nd & 3rd Fl,LTCH,Respiratory,772
N,,,COVID-19,,2022-05-22,2022-05-15,101 Humber College Boulevard,William Osler Health System - 7E (Cardiology),Hospital-Acute Care,Respiratory,773
N,,,Coronavirus*,,2022-05-25,2022-05-13,2920 Lawrence Ave E,Bendale Acres - Unit 1W,LTCH,Respiratory,774
N,,,COVID-19,,2022-05-31,2022-05-13,95 Humber College Blvd,Humber Valley Terrace - 1st Fl,LTCH,Respiratory,775
N,,,COVID-19,,2022-05-30,2022-05-13,25 Brunswick Ave,Kensington Gardens - 4W (South Building),LTCH,Respiratory,776
N,,,COVID-19,,2022-05-24,2022-05-13,625 Runnymede Road,Runnymede Healthcare Centre - 2 East,Hospital-Chronic Care,Respiratory,777
N,,,COVID-19,,2022-05-30,2022-05-13,2075 Bayview Ave,Sunnybrook Health Sciences Centre - Sunnybrook Veterans Centre - LGSE,LTCH,Respiratory,778
N,,,Coronavirus*,,2022-05-24,2022-05-13,60 Scottfield Dr,Yee Hong Finch - 5th Fl South,LTCH,Respiratory,779
N,,,COVID-19,,2022-06-02,2022-05-12,2411 Lawrence Ave E,Hellenic Home - 2A & 3A,LTCH,Respiratory,780
N,,,COVID-19,,2022-05-26,2022-05-11,3560 Bathurst Street,Baycrest Hospital - 5 East,Hospital-Chronic Care,Respiratory,781
N,,,COVID-19,,2022-05-26,2022-05-11,4180 Dundas Street W,Delmanor Prince Edward - 2nd Fl,Retirement Home,Respiratory,782
N,,,COVID-19,,2022-05-22,2022-05-11,550 Cummer Ave,Extendicare Bayview - South East Unit,LTCH,Respiratory,783
N,,,Influenza A (Not subtyped),,2022-05-20,2022-05-11,495 The West Mall,The Westbury - 7th Fl,LTCH,Respiratory,784
N,,,COVID-19,,2022-05-26,2022-05-11,30 Bond Street,Unity Health Toronto - St. Michael's - 5B Perioperative Administration Area,Hospital-Acute Care,Respiratory,785
N,,,Coronavirus*,,2022-05-24,2022-05-10,4005 Eglinton Ave W,Chartwell Scarlett Heights - 2nd Fl,Retirement Home,Respiratory,786
N,,,COVID-19,,2022-05-19,2022-05-10,3560 Bathurst St,Jewish Home for the Aged - 2RF,LTCH,Respiratory,787
N,,,COVID-19,,2022-05-18,2022-05-10,84 Davisville Ave,Meighen Retirement Residence - 3rd Fl,Retirement Home,Respiratory,788
N,,,COVID-19,,2022-05-27,2022-05-10,2111 Finch Ave W,Southlake Regional Health Centre - RCC Finch Site - 5 East,Hospital-Chronic Care,Respiratory,789
N,,,COVID-19,,2022-05-19,2022-05-10,225 St. George St,St. George Care Community - 1st Fl,LTCH,Respiratory,790
N,,,COVID-19,,2022-06-02,2022-05-10,25 Brunswick Ave,The Kensington Gardens - Nth Building 1E,LTCH,Respiratory,791
N,,,COVID-19,,2022-05-20,2022-05-10,200 Elizabeth Street,University Health Network - Toronto General - 6 MB,Hospital-Acute Care,Respiratory,792
N,,,COVID-19,,2022-05-26,2022-05-10,399 Bathurst Street,University Health Network - Toronto Western - 6A,Hospital-Acute Care,Respiratory,793
N,,,COVID-19,,2022-06-05,2022-05-10,400 The West Mall,Wesburn Manor - 3N & 3S,LTCH,Respiratory,794
N,,,COVID-19,,2022-05-22,2022-05-09,3830 Lawrence Ave E,Extendicare Scarborough - 2 Main & 2 East,LTCH,Respiratory,795
N,,,COVID-19,,2022-05-25,2022-05-09,1 Northwestern Avenue,Harold and Grace Baker Centre - 5th Fl,Retirement Home,Respiratory,796
N,,,COVID-19,,2022-05-31,2022-05-09,921 Millwood Road,"The Millwood - 2nd, 3rd & 4th Fl",Retirement Home,Respiratory,797
N,,,COVID-19,,2022-05-30,2022-05-08,40 Old Kingston Rd,Ehatare Nursing Home - 4th Fl,LTCH,Respiratory,798
N,,,COVID-19,,2022-05-24,2022-05-08,111 Avenue Rd,Hazelton Place Retirement Residence - 7th & 8th Fl,Retirement Home,Respiratory,799
N,,,COVID-19,,2022-05-15,2022-05-08,3276 St. Clair Avenue East,Unity Health Toronto - Providence - B5,Hospital-Chronic Care,Respiratory,800
N,,,COVID-19,,2022-06-04,2022-05-07,2920 Lawrence Ave E,Bendale Acres - 2E,LTCH,Respiratory,801
N,,,COVID-19,,2022-05-28,2022-05-06,3560 Bathurst Street,Baycrest Hospital - 4W,Hospital-Chronic Care,Respiratory,802
N,,,COVID-19,,2022-05-16,2022-05-06,1001 Queen Street West,Centre For Addiction and Mental Health - Queen Street Site - Unit 1-5,Hospital-Psychiatric,Respiratory,803
N,,,COVID-19,,2022-05-24,2022-05-06,70 Humberline Dr,Deerwood Creek Care Community - Unit 2A,LTCH,Respiratory,804
N,,,COVID-19,,2022-06-29,2022-05-06,1000 Ellesmere Rd,"Fieldstone Commons Care Community - 1A, 2A, 2B, 3A, 3B & 4B",LTCH,Respiratory,805
N,,,COVID-19,,2022-06-10,2022-05-06,2075 Bayview Avenue,Sunnybrook Health Sciences Centre - Bayview Campus - C6,Hospital-Acute Care,Respiratory,806
N,,,COVID-19,,2022-05-22,2022-05-05,3560 Bathurst Street,Baycrest Hospital - North York - 4E,Hospital-Chronic Care,Respiratory,807
N,,,COVID-19,,2022-06-13,2022-05-05,3595 Keele St,"Downsview Long Term Care Centre - Unit 1 East, Unit 2 East, & Unit 1 Centre",LTCH,Respiratory,808
N,,,COVID-19,,2022-05-30,2022-05-05,215 Tyrrel Avenue,Hellenic Care for Seniors,LTCH,Respiratory,809
N,,,COVID-19,,2022-05-24,2022-05-05,36 D'Arcy St,Mon Sheong Home for the Aged - 3F,Retirement Home,Respiratory,810
N,,,COVID-19,,2022-05-27,2022-05-04,520 Markham Rd,Cedarbrook Lodge - Transitional Care Unit - 6th Fl,Transitional Care,Respiratory,811
N,,,COVID-19,,2022-05-27,2022-05-04,520 Markham Road,Cedarbrook Lodge Retirement Residence - 2nd & 5th Fl,LTCH,Respiratory,812
N,,,Norovirus-like,,2022-05-20,2022-05-04,66 Roncesvalles Ave,Copernicus Lodge - 3 South & 3 North,LTCH,Enteric,813
N,,,COVID-19,,2022-05-23,2022-05-04,650 Church St,Salvation Army Toronto Grace Health Centre - 5th Fl (Post Acute Care Rehab),Hospital-Chronic Care,Respiratory,814
N,,,COVID-19,,2022-06-09,2022-05-04,1860 Lawrence Ave E,The Wexford - 2nd & 4th Fl,LTCH,Respiratory,815
N,,,Metapneumovirus,,2022-05-20,2022-05-03,92 Island Rd E,Altamont Care Community - Wing 1 & 2,LTCH,Respiratory,816
N,,,COVID-19,,2022-05-17,2022-05-03,1020 McNicoll Ave,Tendercare Living Centre - 3rd Fl East wing,LTCH,Respiratory,817
N,,,COVID-19,,2022-05-12,2022-05-03,30 Bond Street,Unity Health Toronto - St. Michael's - 6PGT,Hospital-Acute Care,Respiratory,818
N,,,COVID-19,,2022-05-09,2022-05-03,60 Scottfield Dr,Yee Hong Centre - Scarborough Finch - Kitchen,LTCH,Respiratory,819
N,,,COVID-19,,2022-05-23,2022-05-02,1-3 Kenton Dr,One Kenton Place - 2nd Fl,Retirement Home,Respiratory,820
N,,,COVID-19,,2022-05-24,2022-05-02,2121 Kingston Rd,"Retirement Suites by the Lake - 1st, 2nd, 3rd Fl, Kitchen & Dining Rm",Retirement Home,Respiratory,821
N,,,COVID-19,,2022-05-24,2022-05-01,2111 Finch Ave W,Markham Stouffville Hospital - Finch Site - 5W,Hospital-Chronic Care,Respiratory,822
N,,,COVID-19,,2022-06-24,2022-04-30,3760 Sheppard Avenue East,Shepherd Lodge,LTCH,Respiratory,823
N,,,COVID-19,,2022-05-10,2022-04-29,300 Silver Star Boulevard,Carefirst Transitional Care Centre - 3rd Fl,Transitional Care,Respiratory,824
N,,,COVID-19,,2022-05-25,2022-04-29,40 Old Kingston Road,Ehatare Retirement Home,Retirement Home,Respiratory,825
N,,,COVID-19,,2022-05-16,2022-04-29,40 Bell Estate Rd,Ina Grafton Gage Home - 1st Fl,LTCH,Respiratory,826
N,,,COVID-19,,2022-05-10,2022-04-29,3276 St. Clair Avenue East,Unity Health Toronto - Providence - B4,Hospital-Chronic Care,Respiratory,827
N,,,COVID-19,,2022-05-12,2022-04-29,30 The Queensway,Unity Health Toronto - St. Joseph's - 4M,Hospital-Acute Care,Respiratory,828
N,,,COVID-19,,2022-05-25,2022-04-28,2030 McNicoll Ave,Mon Sheong Scarborough Long Term Care Centre - 2nd Fl North,LTCH,Respiratory,829
N,,,COVID-19,,2022-05-12,2022-04-28,3030 Lawrence Ave. E.,Scarborough Health Network - Scarborough General - 4C Medicine,Hospital-Acute Care,Respiratory,830
N,,,COVID-19,,2022-05-09,2022-04-28,30 Bond Street,Unity Health Toronto - St. Michael's - 6B,Hospital-Acute Care,Respiratory,831
N,,,COVID-19,,2022-06-04,2022-04-28,82 Buttonwood Avenue,West Park Long Term Care Centre - Humber York Unit,LTCH,Respiratory,832
N,,,COVID-19,,2022-05-08,2022-04-27,3030 Lawrence Ave. E.,Scarborough Health Network - Scarborough General - 4E Medicine,Hospital-Acute Care,Respiratory,833
N,,,COVID-19,,2022-05-16,2022-04-27,4 Teddington Park Avenue,"The Teddington - 2nd, 3rd, 4th & Dining",Retirement Home,Respiratory,834
N,,,COVID-19,,2022-05-28,2022-04-26,600 Melita Cres,Christie Gardens - Annex Unit,Retirement Home,Respiratory,835
N,,,Unable to identify,,2022-05-12,2022-04-26,537 Finch Ave W,Forestview Retirement Residence - 2nd & 3rd Fl,Retirement Home,Respiratory,836
N,,,COVID-19,,2022-06-13,2022-04-26,1800 O'Connor Dr,Fountain View Care Community - 1A & 2A,LTCH,Respiratory,837
N,,,COVID-19,,2022-05-06,2022-04-26,2411 Lawrence Ave E,Hellenic Home - 3B,LTCH,Respiratory,838
N,,,COVID-19,,2022-05-18,2022-04-25,1001 Queen Street West,Centre for Addiction and Mental Health - Queen Site - Unit 1-3,Hospital-Psychiatric,Respiratory,839
N,,,COVID-19,,2022-05-05,2022-04-25,95 Humber College Blvd,Humber Valley Terrace - 2nd Fl,LTCH,Respiratory,840
N,,,COVID-19,,2022-05-12,2022-04-25,25 Brunswick Ave,Kensington Gardens - 1E & 3E South building,LTCH,Respiratory,841
N,,,COVID-19,,2022-05-04,2022-04-25,2075 Bayview Avenue,Sunnybrook Health Sciences Centre - Bayview Campus - C4,Hospital-Acute Care,Respiratory,842
N,,,COVID-19,,2022-05-07,2022-04-24,1001 Queen Street West,Centre for Addiction and Mental Health - Queen Site - Unit 3-5,Hospital-Psychiatric,Respiratory,843
N,,,COVID-19,,2022-05-10,2022-04-24,22 Norfinch Dr,"Norfinch Care Community - Unit 1A, 2B, & 3B",LTCH,Respiratory,844
N,,,COVID-19,,2022-05-03,2022-04-24,345 Sherbourne St,Rekai Centre - Sherbourne Place - Basement management office,LTCH,Respiratory,845
N,,,COVID-19,,2022-05-06,2022-04-24,30 Bond Street,Unity Health Toronto - St. Michael's - 14CG,Hospital-Acute Care,Respiratory,846
N,,,Unable to identify,,2022-05-06,2022-04-24,541 Finch Ave W,Valleyview Long Term Care - 3rd Fl,LTCH,Enteric,847
N,,,COVID-19,,2022-05-07,2022-04-23,52 Neilson Dr,Dom Lipa,Retirement Home,Respiratory,848
N,,,COVID-19,,2022-05-13,2022-04-23,4001 Leslie Street,North York General Hospital - General Site - 5W,Hospital-Acute Care,Respiratory,849
N,,,COVID-19,,2022-05-06,2022-04-23,550 University Ave,Toronto Rehabilitation Institue - University Centre - S5,Hospital-Chronic Care,Respiratory,850
N,,,COVID-19,,2022-05-05,2022-04-22,10 Fairfield Ave,Fairfield Residence,Retirement Home,Respiratory,851
N,,,Rhinovirus,,2022-05-04,2022-04-22,155 Millwood Road,Isabel Arthur Meighen Manor - Fisher & Moore Units,LTCH,Respiratory,852
N,,,Influenza A (H3),,2022-05-05,2022-04-22,22 Norfinch Dr,Norfinch Care Community - Unit 2B & 3B,LTCH,Respiratory,853
N,,,COVID-19,,2022-05-09,2022-04-22,82 Buttonwood Avenue,West Park Healthcare Centre - 3WF,Hospital-Chronic Care,Respiratory,854
N,,,COVID-19,,2022-05-02,2022-04-21,3555 Danforth Ave,Chester Village - 3E,LTCH,Respiratory,855
N,,,COVID-19,,2022-05-06,2022-04-21,2075 Bayview Avenue,Sunnybrook Health Sciences Centre - Bayview Campus - D3,Hospital-Acute Care,Respiratory,856
N,,,COVID-19,,2022-05-24,2022-04-21,399 Bathurst Street,University Health Network - Toronto Western - 8B,Hospital-Acute Care,Respiratory,857
N,,,COVID-19,,2022-05-05,2022-04-21,399 Bathurst Street,University Health Network - Toronto Western - 9A,Hospital-Acute Care,Respiratory,858
N,,,COVID-19,,2022-05-03,2022-04-21,82 Buttonwood Avenue,West Park Healthcare Centre - 3WD,Hospital-Chronic Care,Respiratory,859
N,,,COVID-19,,2022-05-09,2022-04-20,1001 Queen Street West - Unit 1-2,Centre for Addiction and Mental Health - Queen Site -,Hospital-Psychiatric,Respiratory,860
N,,,COVID-19,,2022-05-18,2022-04-20,5935 Bathurst St,Cheltenham Care Community - 2nd Fl,LTCH,Respiratory,861
N,,,COVID-19,,2022-05-17,2022-04-20,52 Neilson Drive,"Dom Lipa - West 1, West 2, K-Wing, & Basement Kitchen",LTCH,Respiratory,862
N,,,COVID-19,,2022-05-16,2022-04-20,3560 Bathurst St,Jewish Home for the Aged - 4RF,LTCH,Respiratory,863
N,,,COVID-19,,2022-05-04,2022-04-19,306 Finch Ave E,Carefree Lodge - 2nd Fl,LTCH,Respiratory,864
N,,,COVID-19,,2022-05-06,2022-04-19,1001 Queen Street West - Unit 1-4,Centre for Addiction and Mental Health - Queen Site -,Hospital-Psychiatric,Respiratory,865
N,,,COVID-19,,2022-04-25,2022-04-19,340 McCowan Rd - 3rd & 4th Fl,"Chartwell Trilogy Long Term Care Residence - 1st, 2nd -",LTCH,Respiratory,866
N,,,Influenza A (H3),,2022-05-01,2022-04-19,160 Wellesley St E,Rekai Centre - Wellesley Central Place - 2 West,LTCH,Respiratory,867
N,,,COVID-19,,2022-05-14,2022-04-19,77 Dunfield Ave,"The Dunfield Retirement Residence - Toronto - 8th ,10th, Dining & Bistro",Retirement Home,Respiratory,868
N,,,COVID-19,,2022-04-28,2022-04-18,3560 Bathurst St,Jewish Home for the Aged - 3EI,LTCH,Respiratory,869
N,,,COVID-19,,2022-05-04,2022-04-18,1140 Bloor St W,New Horizons Tower - 3rd Fl & Kitchen/Dining,Retirement Home,Respiratory,870
N,,,COVID-19,,2022-04-26,2022-04-18,15 Summerland Terr,Tapestry at Village Gate West - 11th Fl,Retirement Home,Respiratory,871
N,,,COVID-19,,2022-05-05,2022-04-18,500 Kingston Rd.,Toronto East Health Network - Atrium at Kew Beach Retirement Residence - 3 East,Hospital-Chronic Care,Respiratory,872
N,,,COVID-19,,2022-05-10,2022-04-17,4001 Leslie Street,North York General Hospital - General Site - 4W,Hospital-Acute Care,Respiratory,873
N,,,COVID-19,,2022-04-29,2022-04-16,2075 Bayview Ave,Sunnybrook Health Sciences Centre - Veterans Centre - K2W,LTCH,Respiratory,874
N,,,COVID-19,,2022-05-02,2022-04-16,399 Bathurst Street,University Health Network - Toronto Western - 4B,Hospital-Acute Care,Respiratory,875
N,,,COVID-19,,2022-04-27,2022-04-15,205 Cummer Ave,Cummer Lodge - 4S,LTCH,Respiratory,876
N,,,COVID-19,,2022-05-20,2022-04-15,61 Fairfax Cres,"Presentation Manor For Seniors - 1st, 2nd, 3rd & 4th Fl",Retirement Home,Respiratory,877
N,,,COVID-19,,2022-04-25,2022-04-14,2881 Eglinton Avenue E,McCowan Retirement Residence - 5th Fl,Retirement Home,Respiratory,878
N,,,COVID-19,,2022-04-23,2022-04-14,1 Bridgepoint Dr,Sinai Health System - Hennick Bridgepoint Hospital - 8 North,Hospital-Chronic Care,Respiratory,879
N,,,COVID-19,,2022-05-11,2022-04-14,221 Milner Ave,Sts. Peter and Paul Residence - 5th & 6th Fl,Retirement Home,Respiratory,880
N,,,COVID-19,,2022-06-14,2022-04-14,2245 Lawrence Ave W,"The Village of Humber Heights - Brule, Alderwood, Wadsworth",LTCH,Respiratory,881
N,,,COVID-19,,2022-04-22,2022-04-13,1235 Wilson Avenue,Humber River Hospital - Wilson - 9 East,Hospital-Acute Care,Respiratory,882
N,,,COVID-19,,2022-04-22,2022-04-13,2030 McNicoll Ave,Mon Sheong Scarborough Long Term Care Centre - Ground Fl,LTCH,Respiratory,883
N,,,COVID-19,,2022-04-24,2022-04-13,82 Buttonwood Avenue,West Park Healthcare Centre - 3EC,Hospital-Chronic Care,Respiratory,884
N,,,COVID-19,,2022-04-26,2022-04-12,1001 Queen Street West - Unit 1-5,Centre for Addiction and Mental Health - Queen Site -,Hospital-Psychiatric,Respiratory,885
N,,,COVID-19,,2022-06-04,2022-04-12,551 Conlins Rd,"Extendicare Rouge Valley - Toronto - 1st Fl Clark House, Morrish House, Basement Kitchen & Nursing Clerk Rm (3rd Fl)",LTCH,Respiratory,886
N,,,COVID-19,,2022-06-09,2022-04-12,10 -14 William Morgan Drive,"Leaside Retirement Residence - Building 14, 6th Fl",Retirement Home,Respiratory,887
N,,,COVID-19,,2022-04-25,2022-04-12,650 Church St,Salvation Army Toronto Grace Health Centre - 4th Fl,Hospital-Chronic Care,Respiratory,888
N,,,COVID-19,,2022-04-30,2022-04-12,399 Bathurst Street,University Health Network - Toronto Western - 8A - GIM,Hospital-Acute Care,Respiratory,889
N,,,COVID-19,,2022-06-08,2022-04-12,40 Playfair Ave,"Villa Colombo Homes for the Aged - 2 Fidani, 3 Fidani, & 3 Fusco",LTCH,Respiratory,890
N,,,COVID-19,,2022-05-18,2022-04-11,429 Walmer Road,Cedarvale Terrace - 2nd & 3rd Fl,LTCH,Respiratory,891
N,,,COVID-19,,2022-04-24,2022-04-11,25 Centennial Park Rd,Centennial Park Place,Retirement Home,Respiratory,892
N,,,COVID-19,,2022-05-16,2022-04-11,2100 Bloor Street W,"Chartwell Grenadier Retirement Residence - A0, A3, A5, & C5",Retirement Home,Respiratory,893
N,,,COVID-19,,2022-04-24,2022-04-11,2075 Bayview Avenue - Unit PICU,Sunnybrook Health Sciences Centre - Bayview Campus -,Hospital-Acute Care,Respiratory,894
N,,,COVID-19,,2022-04-30,2022-04-11,30 The Queensway,Unity Health Toronto - St. Joseph's - 3M,Hospital-Acute Care,Respiratory,895
N,,,COVID-19,,2022-04-20,2022-04-10,2075 Bayview Avenue,Sunnybrook Health Sciences Centre - Bayview Campus - D5,Hospital-Acute Care,Respiratory,896
N,,,COVID-19,,2022-04-27,2022-04-10,610 University Avenue,University Health Network - Princess Margaret - 14A,Hospital-Acute Care,Respiratory,897
N,,,COVID-19,,2022-04-18,2022-04-09,30 The Queensway,Unity Health Toronto - St. Joseph's - 2LM,Hospital-Acute Care,Respiratory,898
N,,,COVID-19,,2022-05-27,2022-04-08,1 Overland Dr,Better Living at Thompson House - 3rd Fl,LTCH,Respiratory,899
N,,,COVID-19,,2022-04-27,2022-04-08,111 Avenue Rd - Lower Lobby Staff Break Rm,Hazelton Place Retirement Residence -,Retirement Home,Respiratory,900
N,,,COVID-19,,2022-04-25,2022-04-08,2075 Bayview Avenue,Sunnybrook Health Sciences Centre - Bayview Campus - B4,Hospital-Acute Care,Respiratory,901
N,,,COVID-19,,2022-04-25,2022-04-07,1000 Ellesmere Rd,Fieldstone Commons Care Community - Unit 4A,LTCH,Respiratory,902
N,,,Coronavirus*,,2022-04-13,2022-04-07,28 Halton St.,Marynard Nursing Home - 2nd Fl,LTCH,Respiratory,903
N,,,COVID-19,,2022-04-24,2022-04-07,122 Tyndall Ave,Norwood Nursing Home - 1st & 2nd Fl,LTCH,Respiratory,904
N,,,COVID-19,,2022-05-02,2022-04-07,2005 Lawrence Ave W,Weston Terrace Care Community - 3A,LTCH,Respiratory,905
N,,,COVID-19,,2022-04-19,2022-04-06,4005 Eglinton Avenue W,Chartwell Scarlett Heights Retirement Residence - 7th Fl,Retirement Home,Respiratory,906
N,,,COVID-19,,2022-04-26,2022-04-06,645 Castlefield Ave,Forest Hill Place - Dining Area,Retirement Home,Respiratory,907
N,,,Coronavirus*,,2022-04-22,2022-04-06,45 Brunswick Ave,Kensington Gardens - North Building - 1E & 2E,LTCH,Respiratory,908
N,,,COVID-19,,2022-05-05,2022-04-06,1340 York Mills Rd,Rayoak Place,Retirement Home,Respiratory,909
N,,,COVID-19,,2022-04-24,2022-04-06,285 Cummer Avenue,Sunnybrook Health Sciences Centre - St. John's Rehab - A1,Hospital-Chronic Care,Respiratory,910
N,,,COVID-19,,2022-04-18,2022-04-06,285 Cummer Avenue,Sunnybrook Health Sciences Centre - St. John's Rehab - A4,Hospital-Chronic Care,Respiratory,911
N,,,COVID-19,,2022-05-04,2022-04-06,700 & 720 Mount Pleasant Road,The Briton House - North Tower & South Tower,Retirement Home,Respiratory,912
N,,,COVID-19,,2022-04-19,2022-04-05,1001 Queen Street West - Unit PRT7,Centre for Addiction and Mental Health - Queen Site -,Hospital-Psychiatric,Respiratory,913
N,,,COVID-19,,2022-04-18,2022-04-05,2 Buchan Crt - 4th Fl,North York General Hospital - Seniors' Health Centre -,LTCH,Respiratory,914
N,,,COVID-19,,2022-04-15,2022-04-05,285 Cummer Avenue,Sunnybrook Health Sciences Centre - St. John's Rehab - A3,Hospital-Chronic Care,Respiratory,915
N,,,COVID-19,,2022-04-30,2022-04-04,420 The East Mall,Eatonville Care Centre - Etobicoke - 3rd - 5th Fls & Kitchen,LTCH,Respiratory,916
N,,,COVID-19,,2022-06-04,2022-04-04,60 Guildwood Pky,"Extendicare Guildwood - West Wing, East Spur 2 & Main Kitchen",LTCH,Respiratory,917
N,,,COVID-19,,2022-05-06,2022-04-04,3197 Lakeshore Blvd,Lakeshore Lodge - 2 North,LTCH,Respiratory,918
N,,,COVID-19,,2022-04-13,2022-04-04,825 Coxwell Avenue,Michael Garron Hospital - B3,Hospital-Acute Care,Respiratory,919
N,,,COVID-19,,2022-04-12,2022-04-04,1-3 Kenton Dr,One Kenton Place - Basement,Retirement Home,Respiratory,920
N,,,COVID-19,,2022-04-14,2022-04-04,2075 Bayview Avenue - K1C & K1E,Sunnybrook Health Sciences Centre - Bayview Campus -,Hospital-Acute Care,Respiratory,921
N,,,COVID-19,,2022-04-14,2022-04-03,2867 Ellesmere Road,Scarborough Health Network - Centenary - 9E,Hospital-Acute Care,Respiratory,922
N,,,COVID-19,,2022-05-09,2022-04-02,303 Queens Dr,Weston Gardens Retirement Residence - 2nd & 4th Fl,Retirement Home,Respiratory,923
N,,,COVID-19,,2022-04-24,2022-04-01,54 Foxbar Rd,Bradgate Arms - 5th Fl,Retirement Home,Respiratory,924
N,,,COVID-19,,2022-05-08,2022-04-01,439 Sherbourne St,Fudger House - 2E & 3W,LTCH,Respiratory,925
N,,,COVID-19,,2022-04-15,2022-04-01,4001 Leslie Street,North York General Hospital - General Site - 3W,Hospital-Acute Care,Respiratory,926
N,,,COVID-19,,2022-04-23,2022-04-01,285 Cummer Avenue,Sunnybrook Health Sciences Centre - St. John's Rehab - A2,Hospital-Chronic Care,Respiratory,927
N,,,COVID-19,,2022-04-11,2022-03-31,3560 Bathurst St,Baycrest Apotex Centre - Jewish Home for the Aged - 5GS,LTCH,Respiratory,928
N,,,COVID-19,,2022-04-17,2022-03-31,10 Senlac Rd,Chartwell Lansing Retirement Residence,Retirement Home,Respiratory,929
N,,,COVID-19,,2022-04-11,2022-03-31,495 The West Mall,Chartwell Westbury Long Term Care Residence - 6th Fl,LTCH,Respiratory,930
N,,,COVID-19,,2022-05-11,2022-03-31,1195 Queen St E,The Heritage Nursing Home - 3rd Fl,LTCH,Respiratory,931
N,,,COVID-19,,2022-06-01,2022-03-31,33 Christie St,"The O'Neill Centre - Basement, 2nd , 3rd, 4th & 5th Fl",LTCH,Respiratory,932
N,,,COVID-19,,2022-04-12,2022-03-31,30 The Queensway,Unity Health Toronto - St. Joseph's - 4L,Hospital-Acute Care,Respiratory,933
N,,,COVID-19,,2022-04-05,2022-03-30,825 Coxwell Avenue,Michael Garron Hospital - A3,Hospital-Acute Care,Respiratory,934
N,,,COVID-19,,2022-05-02,2022-03-29,102 Craiglee Dr,Craiglee Nursing Home,LTCH,Respiratory,935
N,,,COVID-19,,2022-04-21,2022-03-29,880 Lawrence Avenue,Greenview Lodge - 2nd Fl,Retirement Home,Respiratory,936
N,,,COVID-19,,2022-05-20,2022-03-29,1 Northwestern Ave,Harold and Grace Baker Centre LTCH - A Wing,LTCH,Respiratory,937
N,,,COVID-19,,2022-05-10,2022-03-29,130 Midland Ave,Midland Gardens Care Community,LTCH,Respiratory,938
N,,,Norovirus-like,,2022-04-02,2022-03-28,351 Christie St,Castleview Wychwood Tower - 6C,LTCH,Enteric,939
N,,,COVID-19,,2022-05-13,2022-03-28,66 Roncesvalles Ave,Copernicus Lodge - 4 North,LTCH,Respiratory,940
N,,,COVID-19,,2022-05-02,2022-03-28,8 The Donway E,Donway Place - 4th Fl (SP),Retirement Home,Respiratory,941
N,,,COVID-19,,2022-04-29,2022-03-28,550 Cummer Ave,Extendicare Bayview,LTCH,Respiratory,942
N,,,COVID-19,,2022-05-17,2022-03-25,28 Halton St,Maynard Nursing Home,LTCH,Respiratory,943
N,,,COVID-19,,2022-04-20,2022-03-25,795 Eglinton Ave E,Suomi Koti Nursing Home - 7th Fl,LTCH,Respiratory,944
N,,,COVID-19,,2022-04-27,2022-03-25,30 The Queensway,Unity Health Toronto - St. Joseph's - 4M,Hospital-Acute Care,Respiratory,945
N,,,COVID-19,,2022-04-22,2022-03-24,147 Elder Street,Sage Care Retirement Home - Pod ABC,Retirement Home,Respiratory,946
N,,,COVID-19,,2022-03-29,2022-03-23,2075 Bayview Avenue,Sunnybrook Health Sciences Centre - Bayview Campus - C6,Hospital-Acute Care,Respiratory,947
N,,,COVID-19,,2022-05-17,2022-03-22,351 Christie St,Castleview Wychwood Towers - 3W,LTCH,Respiratory,948
N,,,COVID-19,,2022-04-04,2022-03-22,4180 Dundas Street W,Delmanor Prince Edward,Retirement Home,Respiratory,949
N,,,COVID-19,,2022-05-24,2022-03-22,2233 Kipling Ave,Kipling Acres - 2N,LTCH,Respiratory,950
N,,,COVID-19,,2022-03-31,2022-03-21,1001 Queen Street West,Centre for Addiction and Mental Health - Unit 3-3,Hospital-Psychiatric,Respiratory,951
N,,,COVID-19,,2022-04-11,2022-03-21,70 Humberline Dr,Deerwood Creek Care Community - Unit 3A,LTCH,Respiratory,952
N,,,COVID-19,,2022-04-11,2022-03-21,2111 Finch Ave W,Southlake Regional Health Centre - 5 East,Hospital-Chronic Care,Respiratory,953
N,,,COVID-19,,2022-03-31,2022-03-19,1955 Steeles Ave E,Chartwell Gibson Retirement Residence - 2nd & 3rd Fl,Retirement Home,Respiratory,954
N,,,COVID-19,,2022-04-22,2022-03-18,740 Pape Ave,Nisbet Lodge - 3rd Fl,LTCH,Respiratory,955
N,,,Respiratory syncytial virus,,2022-03-28,2022-03-18,2075 Bayview Ave,Sunnybrook Health Sciences Centre - LSSW,LTCH,Respiratory,956
N,,,COVID-19,,2022-03-27,2022-03-17,150 Dunn Ave,Lakeside Long Term Care Centre - 1st Fl,LTCH,Respiratory,957
N,,,COVID-19,,2022-03-28,2022-03-17,225 St. George St,St. George Care Community - Kitchen,LTCH,Respiratory,958
N,,,COVID-19,,2022-04-12,2022-03-17,400 The West Mall,"Wesburn Manor - 2N, 3N & 3S",LTCH,Respiratory,959
N,,,Unable to identify,,2022-03-25,2022-03-15,130 Midland Ave,Midland Gardens Care Community - 5th Fl,LTCH,Enteric,960
N,,,COVID-19,,2022-04-26,2022-03-14,2920 Lawrence Ave E,Bendale Acres - 3rd Fl,LTCH,Respiratory,961
N,,,COVID-19,,2022-03-15,2022-03-14,825 Coxwell Avenue,Michael Garron Hospital - Withdrawal Management Unit,Hospital-Acute Care,Respiratory,962
N,,,COVID-19,,2022-05-09,2022-03-12,14 Cross St,Fairview Nursing Home - Schlegel Villages - 2nd Fl,LTCH,Respiratory,963
N,,,COVID-19,,2022-03-24,2022-03-11,2867 Ellesmere Road - Complex Continuing Care,Scarborough Health Network - Centenary - 3W -,Hospital-Acute Care,Respiratory,964
N,,,COVID-19,,2022-05-30,2022-03-11,2245 Lawrence Avenue West,"The Village of Humber Heights - Emma, Williamsburg East & West, Becker 3rd, 4th, 5th Fl & Egerton",Retirement Home,Respiratory,965
N,,,COVID-19,,2022-03-29,2022-03-10,520 Markham Road,Cedarbrook Lodge Retirement Residence - 4th Fl,LTCH,Respiratory,966
N,,,Norovirus-like,,2022-03-23,2022-03-07,155 Millwood Road,Isabel and Arthur Meighen Manor - Lawrence Unit,LTCH,Enteric,967
N,,,COVID-19,,2022-03-18,2022-03-07,2867 Ellesmere Road -General Medicine Unit,Scarborough Health Network - Centenary - 9W,Hospital-Acute Care,Respiratory,968
N,,,COVID-19,,2022-03-29,2022-03-05,345 Sherbourne St - Management Office & Craft Rm,Rekai Centre - Sherbourne Place - Ground Fl -,LTCH,Respiratory,969
N,,,COVID-19,,2022-03-28,2022-03-05,33 Christie St,The O'Neill Centre- 5th Fl,LTCH,Respiratory,970
N,,,COVID-19,,2022-03-20,2022-03-05,650 Dixon Rd - Specialized Care Centre,The Salvation Army - Toronto Grace Health Centre -,Hospital-Chronic Care,Respiratory,971
N,,,Norovirus-like,,2022-03-16,2022-03-04,1800 O'Connor Dr,Harmony Hills Care Community - 2B,LTCH,Enteric,972
N,,,COVID-19,,2022-04-02,2022-03-04,5 Resurrection Rd,Labdara Lithuanian Nursing Home - 2nd Fl,LTCH,Respiratory,973
N,,,Enterovirus/Rhinovirus,,2022-03-14,2022-03-03,2075 Bayview Ave - LFSE,Sunnybrook Health Sciences Centre - Veterans Centre -,LTCH,Respiratory,974
N,,,COVID-19,,2022-03-15,2022-03-03,101 Humber College Boulevard,William Osler Health System - Etobicoke - 7E Cardiology,Hospital-Acute Care,Respiratory,975
N,,,COVID-19,,2022-03-20,2022-03-02,221 Milner Ave,Bayshore - 6th Fl,Transitional Care,Respiratory,976
N,,,Respiratory syncytial virus,,2022-03-07,2022-02-28,2245 Lawrence Ave W,The Village of Humber Heights - Alderwood,LTCH,Respiratory,977
N,,,COVID-19,,2022-03-18,2022-02-26,2339 Dufferin St,St. Hilda's Towers - 3rd Fl,Transitional Care,Respiratory,978
N,,,COVID-19,,2022-03-22,2022-02-26,285 Cummer Avenue,Sunnybrook Health Sciences Centre - St. John's Rehab - A4,Hospital-Chronic Care,Respiratory,979
N,,,COVID-19,,2022-03-08,2022-02-25,2867 Ellesmere Road - 10W (Mental Health Unit),Scarborough Health Network - Centenary -,Hospital-Acute Care,Respiratory,980
N,,,COVID-19,,2022-03-07,2022-02-23,150 Dunn Ave,Lakeside Long Term Care Centre - 4th Fl Office Area,LTCH,Respiratory,981
N,,,COVID-19,,2022-03-05,2022-02-23,9 Neilson Rd,Seven Oaks - Office,LTCH,Respiratory,982
N,,,COVID-19,,2022-03-08,2022-02-23,200 Elizabeth Street,University Health Network - Toronto General - 6 MA,Hospital-Acute Care,Respiratory,983
N,,,COVID-19,,2022-04-14,2022-02-22,200 Dawes Rd - Basement/Kitchen,"True Davidson Acres - 1st, 2nd, 3rd, 4th Fl -",LTCH,Respiratory,984
N,,,COVID-19,,2022-03-04,2022-02-22,101 Humber College Boulevard,William Osler Health System - Etobicoke - 10E Medicine,Hospital-Acute Care,Respiratory,985
N,,,COVID-19,,2022-03-08,2022-02-20,2233 Kipling Ave,Kipling Acres - 2N & Kitchen,LTCH,Respiratory,986
N,,,COVID-19,,2022-03-25,2022-02-20,221 Milner Ave,Sts. Peter and Paul Residence,Retirement Home,Respiratory,987
N,,,COVID-19,,2022-03-12,2022-02-19,1001 Queen Street West,Centre for Addiction and Mental Health - Unit GAUB,Hospital-Chronic Care,Respiratory,988
N,,,COVID-19,,2022-03-14,2022-02-19,140 Sherway Drive,Trillium Health Partners - McCall Continuing Care - 3rd Fl,Hospital-Chronic Care,Respiratory,989
N,,,COVID-19,,2022-03-04,2022-02-16,285 Cummer Avenue,Sunnybrook Health Sciences Centre - St. John's Rehab - A1,Hospital-Chronic Care,Respiratory,990
N,,,COVID-19,,2022-03-05,2022-02-15,1400 Kennedy Rd,Kennedy Lodge - 2 South,LTCH,Respiratory,991
N,,,COVID-19,,2022-03-10,2022-02-15,400 The West Mall,"Wesburn Manor - 2S,2N,4S & 4N",LTCH,Respiratory,992
N,,,COVID-19,,2022-03-08,2022-02-10,45 Brunswick Ave,Kensington Gardens - North Building - 1 & 3 East,LTCH,Respiratory,993
N,,,COVID-19,,2022-02-17,2022-02-08,1 Bridgepoint Dr,Sinai Health System - Hennick Bridgepoint Hospital - 2S,Hospital-Chronic Care,Respiratory,994
N,,,COVID-19,,2022-02-25,2022-02-07,54 Foxbar Rd,Bradgate Arms - 2nd & 6th Fl,Retirement Home,Respiratory,995
N,,,COVID-19,,2022-02-16,2022-02-05,625 Runnymede Road,Runnymede Healthcare Centre - 3 East,Hospital-Chronic Care,Respiratory,996
N,,,COVID-19,,2022-02-19,2022-02-03,82 Buttonwood Avenue,West Park Healthcare Centre - 3EA,Hospital-Chronic Care,Respiratory,997
N,,,COVID-19,,2022-02-18,2022-02-02,3560 Bathurst Street,Baycrest Hospital - North York - H6W,Hospital-Acute Care,Respiratory,998
N,,,COVID-19,,2022-02-11,2022-02-02,160 Wellesley St E,Rekai Centre - Wellesley Central Place - Kitchen,LTCH,Respiratory,999
N,,,COVID-19,,2022-02-14,2022-02-02,200 Elizabeth Street,University Health Network - Toronto General - ES 13,Hospital-Acute Care,Respiratory,1000
N,,,COVID-19,,2022-01-19,2021-12-31,767 Royal York Rd,Ivan Franko Home,LTCH,Respiratory,1
N,,,COVID-19,,2022-01-31,2021-12-31,305 Balliol St,The Claremont,Retirement Home,Respiratory,2
N,,,COVID-19,,2022-01-20,2021-12-31,130 Dunn Avenue,University Health Network - Bickle Centre - South 5,Hospital-Chronic Care,Respiratory,3
N,,,COVID-19,,2022-01-25,2021-12-30,1066 Avenue Rd,Amica On the Avenue,Retirement Home,Respiratory,4
N,,,COVID-19,,2022-01-13,2021-12-30,3560 Bathurst Street,Baycrest Hospital - 4 East (Psychiatry),Hospital-Chronic Care,Respiratory,5
N,,,COVID-19,,2022-01-26,2021-12-30,4180 Dundas St W,"Delmanor Prince Edward - 1st, 2nd, 6th Fl & Kitchen",Retirement Home,Respiratory,6
N,,,COVID-19,,2022-02-04,2021-12-30,880 Lawrence Ave E,Greenview Lodge - 1st Fl,Retirement Home,Respiratory,7
N,,,COVID-19,,2022-02-19,2021-12-30,5 Resurrection Rd,"Labdara Lithuanian Nursing Home - 1st, 2nd & 3rd Fl",LTCH,Respiratory,8
N,,,COVID-19,,2022-01-20,2021-12-30,2030 McNicoll Ave,Mon Sheong Scarborough Long Term Care Centre - 2nd Fl,LTCH,Respiratory,9
N,,,COVID-19,,2022-01-16,2021-12-30,4001 Leslie Street,North York General Hospital - 5 West,Hospital-Acute Care,Respiratory,10
N,,,COVID-19,,2022-01-20,2021-12-30,685 Finch Ave W,St. Bernard's Residence - 2nd & 3rd Fl,Retirement Home,Respiratory,11
N,,,COVID-19,,2022-02-15,2021-12-30,221 Milner Ave,Sts. Peter and Paul Residence,Retirement Home,Respiratory,12
N,,,COVID-19,,2022-01-13,2021-12-30,2075 Bayview Avenue,Sunnybrook Health Sciences Centre - Bayview Campus - C6,Hospital-Acute Care,Respiratory,13
N,,,COVID-19,,2022-01-13,2021-12-30,30 Bond Street,Unity Health Toronto - St. Michael's - 9 CC,Hospital-Acute Care,Respiratory,14
N,,,COVID-19,,2022-02-12,2021-12-30,1860 Lawrence Ave E,Wexford Residence - 2nd & 7th Fl,LTCH,Respiratory,15
N,,,COVID-19,,2022-03-20,2021-12-29,1020 McNicoll Ave,Tendercare Living Centre,LTCH,Respiratory,16
N,,,COVID-19,,2022-02-22,2021-12-29,"180 Sheridan Ave - 3rd, 5th, 6th & 7th Fl","Bill McMurray Residence - Kitchen Area, Dining Area -",Retirement Home,Respiratory,17
N,,,COVID-19,,2022-02-10,2021-12-29,520 Markham Rd,Cedarbrook Lodge Retirement Residence - 2nd & 3rd Fl,Retirement Home,Respiratory,18
N,,,COVID-19,,2022-02-07,2021-12-29,65 Livingston Rd - (Memory unit),Chartwell Guildwood Retirement Residence - 2nd Fl -,Retirement Home,Respiratory,19
N,,,COVID-19,,2022-01-28,2021-12-29,40 Old Kingston Rd,"Ehatare Retirement Home - 1st, 2nd & 3rd Fl",Retirement Home,Respiratory,20
N,,,COVID-19,,2022-01-25,2021-12-29,1 Sand Beach Rd,"Garden Court Nursing Home - 1st,2nd Fl & Kitchen",LTCH,Respiratory,21
N,,,COVID-19,,2022-02-03,2021-12-29,1 Northwestern Ave,Harold and Grace Baker Centre,Retirement Home,Respiratory,22
N,,,COVID-19,,2022-02-04,2021-12-29,47 Austin Terr,Hillcrest Reactivation Centre,Hospital-Chronic Care,Respiratory,23
N,,,COVID-19,,2022-01-31,2021-12-29,10 -14 William Morgan Drive,"Leaside Retirement Residence - 2nd, 3rd Fl & Building 10",Retirement Home,Respiratory,24
N,,,COVID-19,,2022-02-12,2021-12-29,1020 McNicoll Ave,McNicoll Manor/Moll Berczy Haus - 4th & 5th Fl,Retirement Home,Respiratory,25
N,,,COVID-19,,2022-01-31,2021-12-29,2121 Kingston Rd,Retirement Suites by the Lake,Retirement Home,Respiratory,26
N,,,COVID-19,,2022-02-04,2021-12-29,15 Summerland Terr - Concierge/Front Desk,Tapestry at Village Gate West - Kitchen/Restaurant & -,Retirement Home,Respiratory,27
N,,,COVID-19,,2022-01-15,2021-12-29,30 Bond Street,Unity Health Toronto - St. Michael's - 7CCV North,Hospital-Acute Care,Respiratory,28
N,,,COVID-19,,2022-02-05,2021-12-29,541 Finch Ave W,Valleyview Residence - 2 East & 3 West,LTCH,Respiratory,29
N,,,COVID-19,,2022-01-17,2021-12-29,82 Buttonwood Avenue,West Park Healthcare Centre - ABIBS,Hospital-Chronic Care,Respiratory,30
N,,,COVID-19,,2022-01-18,2021-12-29,82 Buttonwood Ave,West Park Long Term Care Centre - Humber/York,LTCH,Respiratory,31
N,,,COVID-19,,2022-01-20,2021-12-29,2311 McNicoll Ave - & 5 Fl,Yee Hong Centre for Geriatric Care - McNicoll - Kitchen,LTCH,Respiratory,32
N,,,COVID-19,,2022-02-09,2021-12-28,123 Spadina Rd,Annex Retirement Residence,Retirement Home,Respiratory,33
N,,,COVID-19,,2022-02-14,2021-12-28,3560 Bathurst St,Baycrest Apotex Centre - Jewish Home for the Aged,LTCH,Respiratory,34
N,,,COVID-19,,2022-01-21,2021-12-28,3560 Bathurst Street,Baycrest Hospital - 6 East,Hospital-Chronic Care,Respiratory,35
N,,,COVID-19,,2022-02-09,2021-12-28,52 Neilson Dr - Laundry & Kitchen,"Dom Lipa Long Term Care - 1 & 2 West, K Wing -",LTCH,Respiratory,36
N,,,COVID-19,,2022-01-28,2021-12-28,35 Elm Grove Ave,Elm Grove Living Centre,LTCH,Respiratory,37
N,,,COVID-19,,2022-02-15,2021-12-28,60 Guildwood Pky,Extendicare Guildwood,LTCH,Respiratory,38
N,,,COVID-19,,2022-02-12,2021-12-28,551 Conlins Rd,Extendicare Rouge Valley,LTCH,Respiratory,39
N,,,COVID-19,,2022-01-07,2021-12-28,4001 Leslie Street,North York General Hospital - General Site - 6 West,Hospital-Acute Care,Respiratory,40
N,,,COVID-19,,2022-02-06,2021-12-28,4650 Eglinton Ave W,Parkland on Eglinton West - 2nd - 5th Fl  West Tower,Retirement Home,Respiratory,41
N,,,COVID-19,,2022-01-14,2021-12-28,3030 Lawrence Ave E - Palliative Care/Oncology,Scarborough Health Network - General Hospital - Tower 6 -,Hospital-Acute Care,Respiratory,42
N,,,COVID-19,,2022-02-07,2021-12-28,3030 Lawrence Ave. E.,Scarborough Health Network- Scarborough General- 4C Medicine,Hospital-Acute Care,Respiratory,43
N,,,COVID-19,,2022-01-21,2021-12-28,2075 Bayview Ave - LSSE,Sunnybrook Health Sciences Centre - Veterans Centre -,LTCH,Respiratory,44
N,,,COVID-19,,2022-01-16,2021-12-28,82 Buttonwood Avenue,West Park  Healthcare Centre - Food Services Department,Hospital-Chronic Care,Respiratory,45
N,,,COVID-19,,2022-02-09,2021-12-27,306 Finch Ave E,Carefree Lodge,LTCH,Respiratory,46
N,,,COVID-19,,2022-01-27,2021-12-27,1001 Queen Street West,Centre for Addiction and Mental Health - Unit 3-3 Forensics,Hospital-Psychiatric,Respiratory,47
N,,,COVID-19,,2022-02-04,2021-12-27,4005 Eglinton Ave W,Chartwell Scarlett Heights Retirement Residence - 1st & 2nd,Retirement Home,Respiratory,48
N,,,COVID-19,,2022-02-08,2021-12-27,5935 Bathurst St,Cheltenham Care Community - 1st & 3rd Fl,LTCH,Respiratory,49
N,,,COVID-19,,2022-02-04,2021-12-27,25 Brunswick Ave - 4W,"Kensington Gardens - South Building 1E, 2E, 3E, 4E, 1W, 2W -",LTCH,Respiratory,50
N,,,COVID-19,,2022-02-02,2021-12-27,1140 Bloor St W,"New Horizons Tower - Basement, Kitchen/Dining, 2nd & 3rd Fl",Retirement Home,Respiratory,51
N,,,COVID-19,,2022-01-31,2021-12-27,265 Queens Dr,Queens Estate Retirement Residence,Retirement Home,Respiratory,52
N,,,COVID-19,,2022-01-23,2021-12-27,2075 Bayview Ave - LTSE,Sunnybrook Health Sciences Centre - Veterans Centre -,LTCH,Respiratory,53
N,,,COVID-19,,2022-02-02,2021-12-26,102 Craiglee Dr,Craiglee Nursing Home - 3 West,LTCH,Respiratory,54
N,,,COVID-19,,2022-02-03,2021-12-26,439 Sherbourne St,"Fudger House - Basement Kitchen, 1E, 2E, 3E, 1W, 2W & 3W",LTCH,Respiratory,55
N,,,COVID-19,,2022-02-10,2021-12-26,155 Millwood Rd - 4N,"Isabel and Arthur Meighen Manor (Salvation Army) - 2S, 3S &-",LTCH,Respiratory,56
N,,,COVID-19,,2022-02-04,2021-12-26,1400 Kennedy Rd,"Kennedy Lodge - Main North, 2 North, 3 South & 3 North",LTCH,Respiratory,57
N,,,COVID-19,,2022-02-14,2021-12-26,866 Sheppard Ave W,Kensington Place Retirement Residence,Retirement Home,Respiratory,58
N,,,COVID-19,,2022-01-31,2021-12-26,2701 St Clair Avenue East,St. Clair O'Connor Community Nursing Home,LTCH,Respiratory,59
N,,,COVID-19,,2022-01-31,2021-12-26,77 Dunfield Ave,"The Dunfield Retirement Residence - 3rd, 4th & 10th Fl",Retirement Home,Respiratory,60
N,,,COVID-19,,2022-01-16,2021-12-26,82 Buttonwood Avenue,West Park Healthcare Centre - 3EC (Neuro Rehab),Hospital-Chronic Care,Respiratory,61
N,,,COVID-19,,2022-03-07,2021-12-25,351 Christie St,Castleview Wychwood Tower - Unit 4C,LTCH,Respiratory,62
N,,,COVID-19,,2022-01-06,2021-12-25,1235 Wilson Avenue,Humber River Hospital - Wilson - Purchasing Department,Hospital-Acute Care,Respiratory,63
N,,,COVID-19,,2022-01-28,2021-12-25,2881 Eglinton Ave E,McCowan Retirement Residence - 6th Fl,Retirement Home,Respiratory,64
N,,,COVID-19,,2022-02-12,2021-12-25,22 Norfinch Dr,Norfinch Care Community,LTCH,Respiratory,65
N,,,COVID-19,,2022-02-07,2021-12-25,3015 Lawrence Ave E,Rockcliffe Care Community,LTCH,Respiratory,66
N,,,COVID-19,,2022-01-08,2021-12-24,3560 Bathurst Street,Baycrest Hospital - 7 West,Hospital-Chronic Care,Respiratory,67
N,,,COVID-19,,2022-01-25,2021-12-24,3560 Bathurst Street,Baycrest Hospital - H6 West Palliative,Hospital-Chronic Care,Respiratory,68
N,,,COVID-19,,2022-02-25,2021-12-24,2920 Lawrence Ave E,Bendale Acres,LTCH,Respiratory,69
N,,,COVID-19,,2022-02-01,2021-12-24,111 Avenue Rd,Hazelton Place Retirement Residence,Retirement Home,Respiratory,70
N,,,COVID-19,,2022-02-24,2021-12-24,130 Midland Ave,Midland Gardens Care Community - 3rd Fl,LTCH,Respiratory,71
N,,,COVID-19,,2022-02-01,2021-12-24,740 Pape Ave,"Nisbet Lodge - Dietary, Laundry Department & 7th Fl",LTCH,Respiratory,72
N,,,COVID-19,,2022-01-13,2021-12-24,14 St. Matthews Road,Sinai Health System - Hennick Bridgepoint Hospital - 4N,Hospital-Chronic Care,Respiratory,73
N,,,COVID-19,,2022-02-10,2021-12-24,700 & 720 Mount Pleasant Rd,The Briton House - 9th Fl,Retirement Home,Respiratory,74
N,,,COVID-19,,2022-02-07,2021-12-24,60 Richview Rd,"Ukrainian Canadian Care Centre - 1st, 2nd, 3rd & 4th Fl",LTCH,Respiratory,75
N,,,COVID-19,,2022-01-12,2021-12-24,30 Bond Street,Unity Health Toronto - St. Michael's - MSICU,Hospital-Acute Care,Respiratory,76
N,,,COVID-19,,2022-02-02,2021-12-24,200 Elizabeth Street - In-Centre Hemodialysis,University Health Network - Toronto General -,Hospital-Acute Care,Respiratory,77
N,,,COVID-19,,2022-02-06,2021-12-23,19 Rean Dr,Amica Bayview Gardens - 2nd Fl,Retirement Home,Respiratory,78
N,,,COVID-19,,2022-02-15,2021-12-23,1 Overland Dr,Better Living at Thompson House - 2nd Fl,LTCH,Respiratory,79
N,,,COVID-19,,2022-02-22,2021-12-23,2100 Bloor St W - & Main Kitchen,"Chartwell Grenadier Retirement Residence - B6, C6 -",LTCH,Respiratory,80
N,,,COVID-19,,2022-02-09,2021-12-23,495 The West Mall,Chartwell Westbury Long Term Care Residence,LTCH,Respiratory,81
N,,,COVID-19,,2022-03-08,2021-12-23,66 Roncesvalles Ave - Admin Area & Kitchen,"Copernicus Lodge - 3, 5 & 6 South, 1st, 2nd & 4th Fl -",LTCH,Respiratory,82
N,,,COVID-19,,2022-02-08,2021-12-23,14 Cross St,"Fairview Nursing Home - 1st, 2nd & 3rd Fl",LTCH,Respiratory,83
N,,,COVID-19,,2022-03-06,2021-12-23,1000 Ellesmere Rd,Fieldstone Commons Care Community,LTCH,Respiratory,84
N,,,COVID-19,,2022-01-25,2021-12-23,1800 O'Connor Dr,"Fountain View Care Community - 2B, 3A & 3B",LTCH,Respiratory,85
N,,,COVID-19,,2022-02-07,2021-12-23,1 Northwestern Ave,Harold and Grace Baker Centre,LTCH,Respiratory,86
N,,,COVID-19,,2022-02-10,2021-12-23,77 Main St,Main Street Terrace - 3rd Fl,LTCH,Respiratory,87
N,,,COVID-19,,2022-01-11,2021-12-23,200 Church St,Reactivation Care Centre - Sunnybrook Church Site - A3N,Hospital-Chronic Care,Respiratory,88
N,,,COVID-19,,2022-01-12,2021-12-23,3030 Lawrence Ave. E.,Scarborough Health Network - General Hospital - T9 Medicine,Hospital-Acute Care,Respiratory,89
N,,,COVID-19,,2022-02-09,2021-12-23,148 Markham Rd,Scarborough Retirement Residence,Retirement Home,Respiratory,90
N,,,COVID-19,,2022-02-03,2021-12-23,3760 Sheppard Ave E,Shepherd Lodge Nursing Home,LTCH,Respiratory,91
N,,,COVID-19,,2022-01-18,2021-12-23,55 Ameer Ave,Terraces of Baycrest,Retirement Home,Respiratory,92
N,,,COVID-19,,2022-01-12,2021-12-23,30 The Queensway,Unity Health Toronto - St. Joseph's  - 7M,Hospital-Acute Care,Respiratory,93
N,,,COVID-19,,2022-01-10,2021-12-23,200 Elizabeth Street,University Health Network- Toronto General - 2nd Fl Cath Lab,Hospital-Acute Care,Respiratory,94
N,,,COVID-19,,2022-02-15,2021-12-23,400 The West Mall - Main Fl & Laundry,"Wesburn Manor - 2S, 3S, 4S, 2N, 3N, 4N, -",LTCH,Respiratory,95
N,,,COVID-19,,2022-02-08,2021-12-22,429 Walmer Rd,Cedarvale Terrace,LTCH,Respiratory,96
N,,,COVID-19,,2022-02-15,2021-12-22,420 The East Mall,Eatonville Care Centre,LTCH,Respiratory,97
N,,,COVID-19,,2022-01-18,2021-12-22,40 Old Kingston Rd,Ehatare Nursing Home - 4th Fl,LTCH,Respiratory,98
N,,,COVID-19,,2022-02-10,2021-12-22,1800 O'Connor Dr,"Harmony Hills Care Community - 1A, 2A, 2B, 3A  & 3B unit",LTCH,Respiratory,99
N,,,COVID-19,,2022-01-28,2021-12-22,122 Tyndall Ave,"Norwood Nursing Home - Main, 1st & 2nd Fl",LTCH,Respiratory,100
N,,,COVID-19,,2022-02-01,2021-12-22,921 Millwood Rd,The Millwood - 4th Fl,LTCH,Respiratory,101
N,,,COVID-19,,2022-02-15,2021-12-22,59 Lawson Rd,Tony Stacey Centre for Veterans Care,LTCH,Respiratory,102
N,,,COVID-19,,2022-01-11,2021-12-22,200 Elizabeth St - ENT Laryngology - Administrative Offices,University Health Network - Toronto General - 8th Fl -,Hospital-Acute Care,Respiratory,103
N,,,COVID-19,,2022-02-14,2021-12-21,340 McCowan Rd,Chartwell Trilogy Long Term Care Residence - 5th & 7th Fl,LTCH,Respiratory,104
N,,,COVID-19,,2022-02-15,2021-12-21,3595 Keele St,Downsview Long Term Care Centre,LTCH,Respiratory,105
N,,,COVID-19,,2022-02-14,2021-12-21,3830 Lawrence Ave E,Extendicare Scarborough,LTCH,Respiratory,106
N,,,COVID-19,,2022-02-08,2021-12-21,95 Humber College Blvd,Humber Valley Terrace - 2nd & 3rd Fl,LTCH,Respiratory,107
N,,,COVID-19,,2022-01-05,2021-12-21,40 Bell Estate Rd,Ina Grafton Gage Home - 1st Fl,LTCH,Respiratory,108
N,,,COVID-19,,2022-02-05,2021-12-21,4251 Dundas St W,Kingsway,Retirement Home,Respiratory,109
N,,,COVID-19,,2022-01-27,2021-12-21,160 Wellesley St E,Rekai Centre - Wellesley Central Place,LTCH,Respiratory,110
N,,,COVID-19,,2022-01-27,2021-12-21,345 Sherbourne St,Sherbourne Place - Rekai Centre,LTCH,Respiratory,111
N,,,COVID-19,,2022-02-07,2021-12-21,"2245 Lawrence Ave W - Islington, Brule & Wadsworth","The Village of Humber Heights - Lambton, Alderwood, Weston -",LTCH,Respiratory,112
N,,,COVID-19,,2022-02-07,2021-12-21,200 Dawes Rd,True Davidson Acres,LTCH,Respiratory,113
N,,,COVID-19,,2022-02-24,2021-12-20,2411 Lawrence Ave E,Hellenic Home - 1st Fl & 3A,LTCH,Respiratory,114
N,,,COVID-19,,2022-01-26,2021-12-20,28 Halton St,Maynard Nursing Home,LTCH,Respiratory,115
N,,,COVID-19,,2022-01-17,2021-12-20,450 Rustic Rd,North Park Nursing Home,LTCH,Respiratory,116
N,,,COVID-19,,2022-02-25,2021-12-20,225 St. George St,St. George Care Community,LTCH,Respiratory,117
N,,,COVID-19,,2022-01-28,2021-12-20,795 Eglinton Ave E,Suomi Koti Nursing Home - 7th Fl,LTCH,Respiratory,118
N,,,COVID-19,,2022-02-08,2021-12-20,33 Christie St,The O'Neill Centre,LTCH,Respiratory,119
N,,,COVID-19,,2022-02-08,2021-12-20,2245 Lawrence Ave W - Emma & WIlliamsburg East,"The Village of Humber Heights - Becker 4th & 5th Fl, Egerton",LTCH,Respiratory,120
N,,,COVID-19,,2022-02-11,2021-12-19,2233 Kipling Ave,Kipling Acres,LTCH,Respiratory,121
N,,,COVID-19,,2022-02-05,2021-12-19,3758 Sheppard Ave E,Shepherd Terrace Retirement Residence,Retirement Home,Respiratory,122
N,,,COVID-19,,2022-02-23,2021-12-19,40 Playfair Ave,Villa Colombo Home for the Aged,LTCH,Respiratory,123
N,,,COVID-19,,2022-02-07,2021-12-18,55 Belmont St,Belmont House,LTCH,Respiratory,124
N,,,COVID-19,,2022-02-10,2021-12-18,1195 Queen St E,The Heritage Nursing Home,LTCH,Respiratory,125
N,,,COVID-19,,2022-01-06,2021-12-18,30 The Queensway,Unity Health Toronto - St. Joseph's - 6CG,Hospital-Acute Care,Respiratory,126
N,,,COVID-19,,2022-02-07,2021-12-17,92 Island Rd,Altamont Care Community,LTCH,Respiratory,127
N,,,Coronavirus*,,2021-12-24,2021-12-17,351 Christie St,Castleview Wychwood Towers - 7th C Fl,LTCH,Respiratory,128
N,,,COVID-19,,2022-01-20,2021-12-17,600 Melita Cres,Christie Gardens - Seaton Unit,Retirement Home,Respiratory,129
N,,,COVID-19,,2022-02-13,2021-12-17,215 Tyrrel Avenue,Hellenic Care for Seniors - Ground Fl,LTCH,Respiratory,130
N,,,Coronavirus*,,2022-01-12,2021-12-17,28 Halton St,Maynard Nursing Home,LTCH,Respiratory,131
N,,,COVID-19,,2022-02-04,2021-12-17,262 St. Clair Avenue W,The Russell Hill Retirement Residence,Retirement Home,Respiratory,132
N,,,COVID-19,,2022-02-18,2021-12-17,1145 Albion Rd,Westside Long Term Care Home,LTCH,Respiratory,133
N,,,COVID-19,,2022-02-07,2021-12-15,9 Neilson Rd,Seven Oaks - SCU,LTCH,Respiratory,134
N,,,COVID-19,,2022-02-14,2021-12-14,2045 Finch Ave W,"Hawthorne Place Care Centre - 1st, 2nd, & 3rd Fl",LTCH,Respiratory,135
N,,,COVID-19,,2022-02-16,2021-12-13,70 Humberline Dr,Deerwood Creek Care Community,LTCH,Respiratory,136
N,,,Coronavirus*,,2021-12-25,2021-12-13,700 Mount Pleasant Rd,The Briton House,Retirement Home,Respiratory,137
N,,,Unable to identify,,2021-12-31,2021-12-13,1860 Lawrence Ave E,The Wexford - 4th Fl,LTCH,Respiratory,138
N,,,COVID-19,,2022-01-31,2021-12-10,1925 Steeles Ave E,Chartwell Gibson Long Term Care Residence - 2nd Fl,LTCH,Respiratory,139
N,,,COVID-19,,2022-02-08,2021-12-10,2005 Lawrence Ave W,Weston Terrace Care Community,LTCH,Respiratory,140
N,,,COVID-19,,2022-01-31,2021-12-08,150 Dunn Ave,Lakeside Long Term Care Centre,LTCH,Respiratory,141
N,,,COVID-19,,2022-01-26,2021-12-07,3555 Danforth Ave,Chester Village,LTCH,Respiratory,142
N,,,COVID-19,,2021-12-22,2021-12-07,1235 Wilson Avenue,Humber River Hospital - Wilson - 14 East,Hospital-Acute Care,Respiratory,143
N,,,COVID-19,,2022-02-08,2021-12-05,205 Cummer Ave,"Cummer Lodge - SCU, 3N, 3S, 4N, & 4S",LTCH,Respiratory,144
N,,,COVID-19,,2021-12-29,2021-12-05,1800 O'Connor Dr,Fountain View Care Community - 1st Fl,LTCH,Respiratory,145
N,,,Unable to identify,,2021-12-09,2021-12-05,160 Wellesley St E,Rekai Centre - 4 West,LTCH,Enteric,146
N,,,Respiratory syncytial virus,,2021-12-12,2021-12-05,495 The West Mall,The Westbury - 9th Fl,LTCH,Respiratory,147
N,,,Respiratory syncytial virus,,2021-12-15,2021-12-03,3595 Keele St,Downsview Long Term Care Centre,LTCH,Respiratory,148
N,,,COVID-19,,2021-12-18,2021-12-03,3595 Keele St,Downsview Long Term Care Centre - Unit 2,LTCH,Respiratory,149
N,,,COVID-19,,2021-12-22,2021-12-03,101 Humber College Boulevard,William Osler Health System - 7E Cardiology,Hospital-Acute Care,Respiratory,150
N,,,Rhinovirus,,2021-12-20,2021-12-01,155 Millwood Rd,Isabel & Arthur Meighen Manor - Moore Fl,LTCH,Respiratory,151
N,,,Rhinovirus,,2021-12-14,2021-11-29,40 Old Kingston Rd,Ehatare Nursing Home - 4th Fl,LTCH,Respiratory,152
N,,,COVID-19,,2021-12-14,2021-11-28,38 Major St,Kensington Hospice,Hospital-Acute Care,Respiratory,153
N,,,Rhinovirus,,2021-12-12,2021-11-26,150 Kilgour Rd,Holland Bloorview Kids Rehabilitation Hospital - 3 West BIRT,Hospital-Chronic Care,Respiratory,154
N,,,Rhinovirus,,2021-12-09,2021-11-24,600 Melita Cres,Christie Gardens - Courtyard,Retirement Home,Respiratory,155
N,,,Coronavirus*,,2021-12-20,2021-11-23,1145 Albion Rd,Westside Long Term Care Home,LTCH,Respiratory,156
N,,,COVID-19,,2021-12-04,2021-11-20,3030 Birchmount Rd,Scarborough Health Network - G3D-Medicine,Hospital-Acute Care,Respiratory,157
N,,,Rhinovirus,,2021-11-24,2021-11-12,2005 Lawrence Ave W,Weston Terrace Care Community - Main Fl,LTCH,Respiratory,158
N,,,Rhinovirus,,2021-12-07,2021-11-08,3830 Lawrence Ave E,Extendicare Scarborough,LTCH,Respiratory,159
N,,,Metapneumovirus,,2021-11-16,2021-11-04,1800 O'Connor Dr,Fountain View Care Community - 1st Fl,LTCH,Respiratory,160
N,,,COVID-19,,2021-11-16,2021-11-02,4001 Leslie Street,North York General Hospital -8W,Hospital-Acute Care,Respiratory,161
N,,,Enterovirus/Rhinovirus,,2021-11-10,2021-10-31,795 Eglinton Ave E,Suomi Koti - 7th Fl,LTCH,Respiratory,162
N,,,Rhinovirus,,2021-11-03,2021-10-21,550 Cummer Ave,"Extendicare Bayview - East Center, West Center & Northwest",LTCH,Respiratory,163
N,,,Rhinovirus,,2021-10-28,2021-10-19,707 Ellesmere Rd,Alexis Lodge Retirement Home,Retirement Home,Respiratory,164
N,,,Unable to identify,,2021-11-10,2021-10-18,420 The East Mall,Eatonville Care Centre - 5th Fl,LTCH,Respiratory,165
N,,,Pending,,2021-10-26,2021-10-18,1955 Steeles Ave E,Gibson Retirement Residence,Retirement Home,Respiratory,166
N,,,Coronavirus*,,2021-10-22,2021-10-12,2339 Dufferin St,"St. Hilda's Towers - 6th, 9th, 10th & 14th Fl",Retirement Home,Respiratory,167
N,,,COVID-19,,2021-10-23,2021-10-07,3705 Bathurst St,Terrace Gardens - 2nd Fl,Retirement Home,Respiratory,168
N,,,Coronavirus*,,2021-10-16,2021-10-05,95 Humber College Blvd,Humber Valley Terrace Long Term Care - 1st Fl,LTCH,Respiratory,169
N,,,Enterovirus/Rhinovirus,,2021-09-29,2021-09-28,2920 Lawrence Ave E,Bendale Acres Long Term Care Home - 2 West,LTCH,Respiratory,170
N,,,COVID-19,,2021-10-09,2021-09-23,15 Barberry Pl,Amica Bayview Village,Retirement Home,Respiratory,171
N,,,Parainfluenza UNSPECIFIED,,2021-10-05,2021-09-20,495 The West Mall,The Westbury Long Term Care Residence - 3rd Fl,LTCH,Respiratory,172
N,,,COVID-19,,2021-10-15,2021-09-15,767 Royal York Rd,Ivan Franko Home - 3 West,LTCH,Respiratory,173
N,,,COVID-19,,2021-10-09,2021-09-15,2005 Lawrence Ave W,Weston Terrace Care Community - B3,LTCH,Respiratory,174
N,,,COVID-19,,2021-09-27,2021-09-13,2 Buchan Crt,NYGH Seniors Health Centre - 4th Fl,LTCH,Respiratory,175
N,,,COVID-19,,2021-09-26,2021-09-11,111 Avenue Rd,Hazelton Place Retirement Residence - 3rd Fl,Retirement Home,Respiratory,176
N,,,COVID-19,,2021-10-07,2021-09-09,66 Roncesvalles Ave,Copernicus Lodge - 1 North,LTCH,Respiratory,177
N,,,Rhinovirus,,2021-09-21,2021-09-08,345 Sherbourne St,The Rekai Centre at Sherbourne Place - 2nd Fl,LTCH,Respiratory,178
N,,,Rhinovirus,,2021-09-24,2021-09-07,551 Conlins Rd,"Extendicare Rouge Valley - 2nd Fl, Cedar Ridge Unit",LTCH,Respiratory,179
N,,,COVID-19,,2021-09-22,2021-09-04,30 The Queensway,Unity Health Toronto - St. Joseph's Health Centre - 3M Unit,Hospital-Acute Care,Respiratory,180
N,,,Unable to identify,,2021-09-02,2021-09-01,420 The West Mall,Eatonville Care Centre - 2nd Fl,LTCH,Enteric,181
N,,,Rhinovirus,,2021-08-28,2021-08-22,2920 Lawrence Ave E,Bendale Acres - 4th Fl,LTCH,Respiratory,182
N,,,Unable to identify,,2021-09-10,2021-08-22,1000 Ellesmere Rd,"Fieldstone Commons - 1A, 2B, 3B Lilac Lane",LTCH,Enteric,183
N,,,Rhinovirus,,2021-09-02,2021-08-20,150 Kilgour Rd,Holland Bloorview Kids Rehabilitation Hospital - 3 East,Hospital-Chronic Care,Respiratory,184
N,,,Enterovirus,Rhinovirus,2021-08-26,2021-08-16,40 Old Kingston Rd,Ehatare Retirement Home,Retirement Home,Respiratory,185
N,,,Rhinovirus,,2021-09-08,2021-08-12,60 Guildwood Pky,Extendicare Guildwood,LTCH,Respiratory,186
N,,,Rhinovirus,,2021-08-26,2021-08-09,795 Eglinton Ave E,Suomi Koti - 7th Fl,LTCH,Respiratory,187
N,,,COVID-19,,2021-08-19,2021-08-05,495 The West Mall,Chartwell Westbury Long Term Care Residence - 7th Fl,LTCH,Respiratory,188
N,,,Enterovirus/Rhinovirus,,2021-08-16,2021-08-05,5935 Bathurst St,Cheltenham Community Care - 3rd Fl,LTCH,Respiratory,189
N,,,COVID-19,,2021-08-18,2021-08-05,600 Melita Crescent,Christie Gardens Apartments & Care - 2nd Fl,Retirement Home,Respiratory,190
N,,,COVID-19,,2021-08-11,2021-08-04,30 The Queensway,Unity Health Toronto - St. Joseph's Health Centre - 2E,Hospital-Acute Care,Respiratory,191
N,,,Rhinovirus,,2021-08-16,2021-07-27,9 Neilson Rd,Seven Oaks Long Term Care Home - 1st Fl,LTCH,Respiratory,192
N,,,Campylobacter unspecified,,2021-08-03,2021-07-26,160 Wellesley St E,The Rekai Centre - 4th Fl,LTCH,Enteric,193
N,,,COVID-19,,2021-08-31,2021-07-23,5 Resurrection Road,Labdara Lithuanian Nursing Home - 1st Fl,LTCH,Respiratory,194
N,,,COVID-19,,2021-07-27,2021-07-13,3030 Lawrence Ave E,Scarborough Health Network - General Hospital - H4C Medicine,Hospital-Acute Care,Respiratory,195
N,,,COVID-19,,2021-07-28,2021-07-12,625 Runnymede Road,Runnymede Healthcare Centre - 3rd Fl,Hospital-Chronic Care,Respiratory,196
N,,,Unable to identify,,2021-07-10,2021-07-07,22 Norfinch Dr,Norfinch Care Community - 2nd Fl,LTCH,Enteric,197
N,,,COVID-19,,2021-07-19,2021-07-02,1235 Wilson Avenue,Humber River Hospital - Wilson - 12 East,Hospital-Acute Care,Respiratory,198
N,,,COVID-19,,2021-07-13,2021-06-30,3030 Lawrence Ave E - Medicine Unit,Scarborough Health Network - General Hospital - CP4 -,Hospital-Acute Care,Respiratory,199
N,,,COVID-19,,2021-07-07,2021-06-17,399 Bathurst Street,University Health Network - Toronto Western Hospital - 6A,Hospital-Acute Care,Respiratory,200
N,,,COVID-19,,2021-05-30,2021-05-21,2867 Ellesmere Road,Scarborough Health Network-Centenary Hospital - YC9E,Hospital-Acute Care,Respiratory,201
N,,,COVID-19,,2021-06-04,2021-05-20,555 University Avenue,Hospital for Sick Children - Unit 7C,Hospital-Acute Care,Respiratory,202
N,,,COVID-19,,2021-06-01,2021-05-18,22 Norfinch Drive,Norfinch Care Community - 3A,LTCH,Respiratory,203
N,,,COVID-19,,2021-06-01,2021-05-17,200 Elizabeth Street,University Health Network - Toronto General Hospital - 8ES,Hospital-Acute Care,Respiratory,204
N,,,COVID-19,,2021-06-01,2021-05-15,205 Cummer Ave,1321 - Cummer Lodge - 205 Cummer Avenue - Toronto,LTCH,Respiratory,205
N,,,COVID-19,,2021-06-02,2021-05-15,200 Elizabeth Street - Transportation & Linen Services,University Health Network - Toronto General Hospital -,Hospital-Acute Care,Respiratory,206
N,,,COVID-19,,2021-06-06,2021-05-14,47 Austin Terr,Hillcrest Reactivation Centre - 4th Fl,Hospital-Chronic Care,Respiratory,207
N,,,COVID-19,,2021-06-10,2021-05-11,340 McCowan Road,Chartwell Trilogy- 4th Fl,LTCH,Respiratory,208
N,,,COVID-19,,2021-05-29,2021-05-11,600 Melita Crescent,Christie Gardens - Annex Unit,Retirement Home,Respiratory,209
N,,,COVID-19,,2021-05-27,2021-05-08,200 Elizabeth Street,University Health Network - Toronto General Hospital - 7B,Hospital-Acute Care,Respiratory,210
N,,,COVID-19,,2021-05-18,2021-05-07,200 Elizabeth Street - 5B Cardiology,University Health Network - Toronto General Hospital -,Hospital-Acute Care,Respiratory,211
N,,,COVID-19,,2021-05-20,2021-05-06,520 Sutherland Drive,University Health Network - Lyndhurst - Special rehab - 1B,Hospital-Chronic Care,Respiratory,212
N,,,COVID-19,,2021-05-19,2021-05-04,3560 Bathurst Street,Baycrest Hospital - 6E,Hospital-Chronic Care,Respiratory,213
N,,,COVID-19,,2021-06-01,2021-05-04,1235 Wilson Avenue,Humber River Hospital - Wilson - 9E Nephrology,Hospital-Acute Care,Respiratory,214
N,,,COVID-19,,2021-05-28,2021-05-03,500 Kingston Rd.,Toronto East Health Network-Atrium at Kew Beach - 2nd Fl,Hospital-Acute Care,Respiratory,215
N,,,COVID-19,,2021-05-17,2021-05-02,625 Runnymede Road,Runnymede Healthcare Centre - 3rd Fl,Hospital-Chronic Care,Respiratory,216
N,,,COVID-19,,2021-05-18,2021-04-30,1235 Wilson Avenue,Humber River Hospital - Wilson - 7W Cardiology,Hospital-Acute Care,Respiratory,217
N,,,Norovirus-like,,2021-05-16,2021-04-30,4251 Dundas Street St W,Kingsway,Retirement Home,Enteric,218
N,,,COVID-19,,2021-06-25,2021-04-29,495 The West Mall,Chartwell Westbury Long Term Care Residence - 6th Fl,LTCH,Respiratory,219
N,,,COVID-19,,2021-06-02,2021-04-28,3560 Bathurst St,Baycrest Apotex Centre - Jewish Home for the Aged -7GS & 7EI,LTCH,Respiratory,220
N,,,COVID-19,,2021-06-07,2021-04-28,2245 Lawrence Ave W,The Village of Humber Heights - Alderwood Unit,LTCH,Respiratory,221
N,,,COVID-19,,2021-05-12,2021-04-28,30 The Queensway,Unity Health Toronto-St. Joseph's Health Centre - 4LM,Hospital-Acute Care,Respiratory,222
N,,,COVID-19,,2021-05-17,2021-04-27,66 Roncesvalles Avenue,Copernicus Lodge - Kitchen,LTCH,Respiratory,223
N,,,COVID-19,,2021-05-11,2021-04-27,285 Cummer Avenue,Sunnybrook Health Sciences Centre -St. John's Rehabilitation,Hospital-Chronic Care,Respiratory,224
N,,,COVID-19,,2021-05-16,2021-04-26,3276 St. Clair Avenue East,Unity Health Toronto - Providence Healthcare - A5,Hospital-Chronic Care,Respiratory,225
N,,,COVID-19,,2021-05-12,2021-04-26,30 The Queensway,Unity Health Toronto-St. Joseph's Health Centre - 4M,Hospital-Acute Care,Respiratory,226
N,,,COVID-19,,2021-05-16,2021-04-25,3030 Lawrence Ave E,Scarborough Health Network - General Hospital - T9,Hospital-Acute Care,Respiratory,227
N,,,COVID-19,,2021-05-12,2021-04-25,225 St. George Street,St. George Care Community - 3rd Fl & Basement,LTCH,Respiratory,228
N,,,COVID-19,,2021-05-12,2021-04-23,4180 Dundas Street,Delmanor Prince Edward - 7th Fl,LTCH,Respiratory,229
N,,,COVID-19,,2021-05-17,2021-04-22,399 Bathurst Street,University Health Network - Toronto Western Hospital - 8A,Hospital-Acute Care,Respiratory,230
N,,,COVID-19,,2021-06-02,2021-04-21,70 Humberline Drive,Deerwood Creek Care Community - Main kitchen,LTCH,Respiratory,231
N,,,COVID-19,,2021-05-02,2021-04-21,2075 Bayview Avenue,Sunnybrook Health Sciences Centre - Bayview Campus - F2,Hospital-Acute Care,Respiratory,232
N,,,COVID-19,,2021-05-01,2021-04-21,200 Church Street,Trillium Health Partners - Church Site - 1C,Hospital-Chronic Care,Respiratory,233
N,,,COVID-19,,2021-05-04,2021-04-20,3560 Bathurst St,Baycrest Apotex Centre - Jewish Home for the Aged - 6RF,LTCH,Respiratory,234
N,,,COVID-19,,2021-05-13,2021-04-20,2233 Kipling Ave,Kipling Acres - Alders & Thisletown,LTCH,Respiratory,235
N,,,COVID-19,,2021-05-28,2021-04-20,33 Christie St,"The O'Neill Centre Long Term Care - 2nd, 4th & 5th Fl",LTCH,Respiratory,236
N,,,COVID-19,,2021-05-04,2021-04-20,30 The Queensway,Unity Health Toronto-St. Joseph's Health Centre - 2LM,Hospital-Acute Care,Respiratory,237
N,,,COVID-19,,2021-05-24,2021-04-20,101 Humber College Boulevard - 7E Cardiology,William Osler Health System - Etobicoke General Hospital -,Hospital-Acute Care,Respiratory,238
N,,,COVID-19,,2021-05-11,2021-04-19,3595 Keele St,Downsview Long Term Care - 2nd Fl,LTCH,Respiratory,239
N,,,COVID-19,,2021-05-06,2021-04-19,2045 Finch Ave West,Hawthorne Place Care Centre - 2nd Fl,LTCH,Respiratory,240
N,,,COVID-19,,2021-05-13,2021-04-19,95 Humber College Blvd,Humber Valley Terrace - 3A Fl,LTCH,Respiratory,241
N,,,COVID-19,,2021-06-01,2021-04-18,205 Cummer Avenue,Cummer Lodge - 3 North,LTCH,Respiratory,242
N,,,COVID-19,,2021-04-30,2021-04-18,685 Finch Ave West,St Bernards Retirement Residence,LTCH,Respiratory,243
N,,,COVID-19,,2021-05-10,2021-04-18,3276 St. Clair Avenue East,Unity Health Toronto - Providence Healthcare - D3,Hospital-Chronic Care,Respiratory,244
N,,,COVID-19,,2021-05-03,2021-04-18,200 Elizabeth Street - Hemodialysis Centre,University Health Network - Toronto General Hospital -,Hospital-Acute Care,Respiratory,245
N,,,COVID-19,,2021-04-25,2021-04-17,2867 Ellesmere Road,Scarborough Health Network-Centenary Hospital - YC9W,Hospital-Acute Care,Respiratory,246
N,,,COVID-19,,2021-05-04,2021-04-16,2867 Ellesmere Road,Scarborough Health Network-Centenary Hospital - YC9E,Hospital-Acute Care,Respiratory,247
N,,,COVID-19,,2021-05-17,2021-04-15,420 The East Mall,Eatonville Care Centre - Unit 5,LTCH,Respiratory,248
N,,,COVID-19,,2021-05-08,2021-04-15,2867 Ellesmere Road,Scarborough Health Network-Centenary Hospital - YC3MB W,Hospital-Acute Care,Respiratory,249
N,,,COVID-19,,2021-05-10,2021-04-14,2005 Lawrence Avenue West,Weston Terrace Care Community - admin-area,LTCH,Respiratory,250
N,,,COVID-19,,2021-05-03,2021-04-13,439 Sherbourne St,Fudger House - 2W,LTCH,Respiratory,251
N,,,COVID-19,,2021-04-29,2021-04-13,200 Elizabeth Street,University Health Network - Toronto General Hospital - 13ES,Hospital-Acute Care,Respiratory,252
N,,,COVID-19,,2021-04-27,2021-04-12,52 Neilson Drive,Dom Lipa,LTCH,Respiratory,253
N,,,COVID-19,,2021-04-21,2021-04-09,3560 Bathurst Street,Baycrest Hospital - Security Dept.,Hospital-Chronic Care,Respiratory,254
N,,,COVID-19,,2021-05-11,2021-04-09,2920 Lawrence Avenue East,Bendale Acres -3rd Fl,LTCH,Respiratory,255
N,,,COVID-19,,2021-05-04,2021-04-08,200 Church Street,William Osler Health System - Church Site - 5th Fl,Hospital-Chronic Care,Respiratory,256
N,,,COVID-19,,2021-04-27,2021-04-06,3276 St. Clair Avenue East,Unity Health Toronto - Providence Healthcare - B3,Hospital-Chronic Care,Respiratory,257
N,,,COVID-19,,2021-04-20,2021-04-06,3276 St. Clair Avenue East,Unity Health Toronto - Providence Healthcare - B4,Hospital-Chronic Care,Respiratory,258
N,,,COVID-19,,2021-04-15,2021-04-06,30 The Queensway,Unity Health Toronto-St. Joseph's Health Centre - 4M,Hospital-Acute Care,Respiratory,259
N,,,COVID-19,,2021-04-12,2021-04-05,825 Coxwell Avenue,Toronto East Health Network- Michael Garron Hospital- J5,Hospital-Acute Care,Respiratory,260
N,,,COVID-19,,2021-04-20,2021-04-05,3830 Lawrence Avenue East,Extendicare Scarborough - Laundry Department,LTCH,Respiratory,261
N,,,COVID-19,,2021-05-02,2021-04-04,22 Norfinch Drive,Norfinch Care Community - Fl 2A,LTCH,Respiratory,262
N,,,COVID-19,,2021-04-26,2021-04-04,101 Humber College Boulevard - 8 Medflex,William Osler Health System - Etobicoke General Hospital -,Hospital-Acute Care,Respiratory,263
N,,,COVID-19,,2021-04-18,2021-04-03,625 Runnymede Road,Runnymede Healthcare Centre - 2nd Fl,Hospital-Chronic Care,Respiratory,264
N,,,COVID-19,,2021-05-19,2021-04-03,1195 Queen Street East,The Heritage Nursing Home - 4th Fl,LTCH,Respiratory,265
N,,,COVID-19,,2021-04-13,2021-04-03,825 Coxwell Avenue,Toronto East Health Network-Michael Garron Hospital - B2,Hospital-Acute Care,Respiratory,266
N,,,COVID-19,,2021-04-17,2021-04-02,66 Roncesvalles Avenue,Copernicus Lodge - 3rd & 6th Fl,LTCH,Respiratory,267
N,,,COVID-19,,2021-05-04,2021-04-02,101 Humber College Boulevard,William Osler Health System - Etobicoke General Hospital -8W,Hospital-Acute Care,Respiratory,268
N,,,COVID-19,,2021-04-16,2021-04-01,2 O'Connor Dr,Sisters of St. Joseph - 3rd Fl,LTCH,Respiratory,269
N,,,COVID-19,,2021-04-27,2021-03-31,866 Sheppard Avenue,Kensington Place Retirement Residence - 2nd Fl,LTCH,Respiratory,270
N,,,COVID-19,,2021-04-18,2021-03-30,30 Bond Street,St. Michael's Hospital - Unity Health Toronto - 8CS,Hospital-Acute Care,Respiratory,271
N,,,COVID-19,,2021-04-08,2021-03-26,1235 Wilson Avenue,Humber River Hospital - Wilson Site - 9 East,Hospital-Acute Care,Respiratory,272
N,,,COVID-19,,2021-04-04,2021-03-23,3030 Lawrence Ave E,Scarborough Health Network - General Hospital - 4C,Hospital-Acute Care,Respiratory,273
N,,,COVID-19,,2021-04-07,2021-03-23,160 Wellesley Street East,The Rekai Centres at Wellesley Street - TCU,LTCH,Respiratory,274
N,,,COVID-19,,2021-04-12,2021-03-22,399 Bathurst St - 6B,University Health Network - Toronto Western Hospital-,Hospital-Acute Care,Respiratory,275
N,,,Unable to identify,,2021-03-27,2021-03-22,66 Roncesvalles Ave,Copernicus Lodge - 3 North,LTCH,Enteric,276
N,,,COVID-19,,2021-04-07,2021-03-19,30 The Queensway,Unity Health Toronto - St. Joseph's Health Centre- 3M,Hospital-Acute Care,Respiratory,277
N,,,COVID-19,,2021-03-27,2021-03-17,200 Elizabeth Street - OR Staff areas,University Health Network - Toronto General Hospital -,Hospital-Acute Care,Respiratory,278
N,,,COVID-19,,2021-04-15,2021-03-16,1145 Albion Rd,Revera Westside Long Term Care - 2nd Fl,LTCH,Respiratory,279
N,,,COVID-19,,2021-04-15,2021-03-13,33 Christie St,The O'Neill Centre Long Term Care - 2nd and 5th Floor,LTCH,Respiratory,280
N,,,COVID-19,,2021-04-04,2021-03-12,200 Elizabeth Street - Hemodialysis Unit,University Health Network -Toronto General Hospital,Hospital-Acute Care,Respiratory,281
N,,,COVID-19,,2021-05-13,2021-03-11,1000 Ellesmere Road,Fieldstone Commons Care Community - 3A Fl,LTCH,Respiratory,282
N,,,COVID-19,,2021-03-19,2021-03-05,2233 Kipling Ave,Kipling Acres - Claireville & Highfield Unit,LTCH,Respiratory,283
N,,,COVID-19,,2021-03-22,2021-03-02,30 The Queensway,Unity Health Toronto-St. Joseph's Health Centre - 2M,Hospital-Acute Care,Respiratory,284
N,,,COVID-19,,2021-03-15,2021-02-26,150 Dunn Avenue,Lakeside Long Term Care Centre - 1st & 3rd Fl,LTCH,Respiratory,285
N,,,COVID-19,,2021-03-09,2021-02-23,1001 Queen Street West,Centre for Addiction & Mental Health - Unit 1-4,Hospital-Psychiatric,Respiratory,286
N,,,COVID-19,,2021-03-06,2021-02-23,399 Bathrust Street,University Health Network - Toronto Western Hospital - 3B,Hospital-Acute Care,Respiratory,287
N,,,COVID-19,,2021-03-12,2021-02-22,14 Cross St,Fairview Nursing Home,LTCH,Respiratory,288
N,,,COVID-19,,2021-03-08,2021-02-22,1860 Lawrence Ave E,The Wexford Residence - 2nd Fl,LTCH,Respiratory,289
N,,,Unable to identify,,2021-02-26,2021-02-22,59 Lawson Rd,Tony Stacey Centre for Veteran's Care,LTCH,Enteric,290
N,,,COVID-19,,2021-04-16,2021-02-21,77 Main Street,Main Street Terrace - 2nd & 3rd Fl,LTCH,Respiratory,291
N,,,COVID-19,,2021-03-06,2021-02-20,1001 Queen Street West,Centre for Addiction & Mental Health - Unit 1-3,Hospital-Psychiatric,Respiratory,292
N,,,COVID-19,,2021-02-27,2021-02-16,1235 Wilson Avenue,Humber River Hospital - Wilson - 12 West,Hospital-Acute Care,Respiratory,293
N,,,COVID-19,,2021-03-06,2021-02-16,3030 Birchmount Rd.,Scarborough Health Network - Birchmount Hospital - G4C,Hospital-Acute Care,Respiratory,294
N,,,COVID-19,,2021-02-26,2021-02-12,600 University Avenue,Sinai Health System - Mount Sinai - 10N,Hospital-Acute Care,Respiratory,295
N,,,COVID-19,,2021-04-19,2021-02-12,2005 Lawrence Ave W,"Weston Terrace Care Community  - 1A , 2A, 3B & 4B",LTCH,Respiratory,296
N,,,COVID-19,,2021-03-09,2021-02-11,625 Runnymede Road,Runnymede Healthcare Centre - 3rd Fl,Hospital-Chronic Care,Respiratory,297
N,,,COVID-19,,2021-02-28,2021-02-11,30 The Queensway,Unity Health Toronto-St. Joseph's Health Centre - 6G,Hospital-Acute Care,Respiratory,298
N,,,COVID-19,,2021-03-05,2021-02-10,4001 Leslie Street,North York General Hospital - General Site - 5 West,Hospital-Acute Care,Respiratory,299
N,,,COVID-19,,2021-02-17,2021-02-10,4001 Leslie Street,North York General Hospital - General Site - 6 North,Hospital-Acute Care,Respiratory,300
N,,,COVID-19,,2021-02-19,2021-02-10,600 University Avenue,Sinai Health System - Mount Sinai - 10S,Hospital-Acute Care,Respiratory,301
N,,,COVID-19,,2021-03-01,2021-02-08,4001 Leslie Street,North York General Hospital - General Site - 4W,Hospital-Acute Care,Respiratory,302
N,,,COVID-19,,2021-03-03,2021-02-05,30 The Queensway,Unity Health Toronto-St. Joseph's Health Centre - 3M,Hospital-Acute Care,Respiratory,303
N,,,COVID-19,,2021-02-20,2021-02-04,40 Old Kingston Road,Ehatare Retirement Home - Scarborough,LTCH,Respiratory,304
N,,,COVID-19,,2021-02-19,2021-02-04,600 University Avenue,Sinai Health System - Mount Sinai - 12 South,Hospital-Acute Care,Respiratory,305
N,,,COVID-19,,2021-02-24,2021-02-04,2339 Dufferin Street,"St. Hilda's Towers Retirement Home - 2nd, 3rd & 4th Fl",Retirement Home,Respiratory,306
N,,,COVID-19,,2021-02-18,2021-02-04,399 Bathrust Street,University Health Network - Toronto Western Hospital - 9A,Hospital-Acute Care,Respiratory,307
N,,,COVID-19,,2021-02-25,2021-02-04,303 Queens Drive,Weston Gardens Retirement Residence,Retirement Home,Respiratory,308
N,,,COVID-19,,2021-02-25,2021-02-03,52 Neilson Drive,Dom Lipa,LTCH,Respiratory,309
N,,,COVID-19,,2021-02-22,2021-02-03,285 Cummer Avenue,Sunnybrook Health Sciences Centre- St. John's Rehab - A1&A2,Hospital-Chronic Care,Respiratory,310
N,,,COVID-19,,2021-02-18,2021-02-03,825 Coxwell Avenue - palliative care,Toronto East Health Network-Michael Garron Hospital-G5-med-,Hospital-Acute Care,Respiratory,311
N,,,COVID-19,,2021-02-22,2021-02-03,30 The Queensway,Unity Health Toronto-St. Joseph's Health Centre - 6M,Hospital-Acute Care,Respiratory,312
N,,,COVID-19,,2021-02-20,2021-02-02,306 Finch Avenue East,Carefree Lodge - Main Fl,LTCH,Respiratory,313
N,,,COVID-19,,2021-02-20,2021-02-02,45 Brunswick Ave,Kensington Gardens North Building - 3 West,LTCH,Respiratory,314
N,,,COVID-19,,2021-02-18,2021-02-01,111 Avenue Rd,Hazelton Place Retirement Residence - 3rd Fl,Retirement Home,Respiratory,315
N,,,COVID-19,,2021-02-19,2021-02-01,82 Buttonwood Avenue,West Park Healthcare Centre - 3EC,Hospital-Chronic Care,Respiratory,316
N,,,COVID-19,,2021-02-20,2021-01-31,45 Brunswick Avenue,Kensington Gardens North Building  1 West & 1 East,LTCH,Respiratory,317
N,,,COVID-19,,2021-02-12,2021-01-29,1066 Avenue Road,Amica on the Avenue - Toronto,Retirement Home,Respiratory,318
N,,,COVID-19,,2021-02-23,2021-01-29,3050 Lawrence Ave E,Scarborough Health Network - General Hospital - T6,Hospital-Acute Care,Respiratory,319
N,,,COVID-19,,2021-02-19,2021-01-28,914 Bathurst Street,Vermont Square - 3rd Fl,LTCH,Respiratory,320
N,,,COVID-19,,2021-02-13,2021-01-28,82 Buttonwood Avenue,West Park Healthcare Centre - 3WE,Hospital-Chronic Care,Respiratory,321
N,,,COVID-19,,2021-03-03,2021-01-26,4001 Leslie Street,North York General Hospital - General Site - 3 West,Hospital-Acute Care,Respiratory,322
N,,,Campylobacter jejuni,,2021-02-16,2021-01-25,55 Ameer Ave,Terraces of Baycrest,Retirement Home,Enteric,323
N,,,COVID-19,,2021-02-24,2021-01-24,866 Sheppard Avenue,Kensington Place Retirement Residence,Retirement Home,Respiratory,324
N,,,COVID-19,,2021-02-14,2021-01-23,550 University Ave,Toronto Rehabilitation Institute - 7S,Hospital-Chronic Care,Respiratory,325
N,,,COVID-19,,2021-01-29,2021-01-22,825 Coxwell Avenue,Toronto East Health Network-Michael Garron Hospital - A2,Hospital-Acute Care,Respiratory,326
N,,,COVID-19,,2021-02-07,2021-01-22,200 Elizabeth Street - EVS,University Health Network - Toronto General Hospital-10th Fl,Hospital-Acute Care,Respiratory,327
N,,,COVID-19,,2021-02-12,2021-01-21,3560 Bathurst Street,Baycrest Hospital - 6W,Hospital-Chronic Care,Respiratory,328
N,,,COVID-19,,2021-02-05,2021-01-21,2111 Finch Avenue West,MacKenzie Health-RCC - 3E & 3W,Hospital-Chronic Care,Respiratory,329
N,,,COVID-19,,2021-02-05,2021-01-21,2867 Ellesmere Road,Scarborough Health Network-Centenary Hospital - Y9E,Hospital-Acute Care,Respiratory,330
N,,,COVID-19,,2021-02-06,2021-01-21,200 Elizabeth Street,University Health Network - Toronto General Hospital - 12 Fl,Hospital-Acute Care,Respiratory,331
N,,,COVID-19,,2021-02-05,2021-01-20,4005 Eglinton Avenue,Chartwell Scarlett Heights Retirement Residence - 9th Fl,Retirement Home,Respiratory,332
N,,,COVID-19,,2021-02-20,2021-01-20,4001 Leslie Street,North York General Hospital - General Site - 3 North,Hospital-Acute Care,Respiratory,333
N,,,COVID-19,,2021-02-03,2021-01-20,2867 Ellesmere Road,Scarborough Health Network-Centenary Hospital - YC3ME,Hospital-Acute Care,Respiratory,334
N,,,COVID-19,,2021-02-02,2021-01-19,3276 St. Clair Avenue East,Unity Health Toronto - Providence Healthcare - B3,Hospital-Chronic Care,Respiratory,335
N,,,COVID-19,,2021-02-01,2021-01-19,101 Humber College Boulevard,William Osler Health System - 9E,Hospital-Acute Care,Respiratory,336
N,,,COVID-19,,2021-02-13,2021-01-18,205 Cummer Ave,"Cummer Lodge - 2, 3 & 4 North",LTCH,Respiratory,337
N,,,COVID-19,,2021-02-26,2021-01-18,1000 Ellesmere Rd,Fieldstone Commons Care Community,LTCH,Respiratory,338
N,,,COVID-19,,2021-02-04,2021-01-18,825 Coxwell Avenue,Toronto East Health Network-Michael Garron Hospital - F3,Hospital-Acute Care,Respiratory,339
N,,,COVID-19,,2021-02-08,2021-01-16,2045 Finch Ave W,"Hawthorne Place Care Centre - 1st, 2nd & 3rd Fl",LTCH,Respiratory,340
N,,,COVID-19,,2021-02-18,2021-01-15,40 Bell Estate Road,Ina Grafton Gage Home,LTCH,Respiratory,341
N,,,COVID-19,,2021-03-18,2021-01-15,22 Norfinch Drive,"Norfinch Care Community - 1A, 2A & 3B",LTCH,Respiratory,342
N,,,COVID-19,,2021-02-19,2021-01-15,60 Richview Rd,Ukrainian Canadian Care Centre - Basement & 1st Fl,LTCH,Respiratory,343
N,,,COVID-19,,2021-01-29,2021-01-15,200 Church Street,William Osler Health System-RCC Church - 5B,Hospital-Chronic Care,Respiratory,344
N,,,COVID-19,,2021-02-05,2021-01-14,82 Buttonwood Avenue,West Park Healthcare Centre - 2EC,Hospital-Acute Care,Respiratory,345
N,,,COVID-19,,2021-02-02,2021-01-14,82 Buttonwood Avenue,West Park Healthcare Centre - 3EB,Hospital-Chronic Care,Respiratory,346
N,,,COVID-19,,2021-02-27,2021-01-14,101 Humber College Boulevard,William Osler Health System - 10th Fl,Hospital-Acute Care,Respiratory,347
N,,,COVID-19,,2021-01-25,2021-01-13,399 Bathrust Street,University Health Network - Toronto Western Hospital - 6B,Hospital-Acute Care,Respiratory,348
N,,,COVID-19,,2021-01-25,2021-01-12,1235 Wilson Avenue,Humber River Hospital - Wilson - 13 East,Hospital-Acute Care,Respiratory,349
N,,,COVID-19,,2021-02-18,2021-01-12,2030 McNicoll Avenue,Mon Sheong Scarborough,LTCH,Respiratory,350
N,,,COVID-19,,2021-02-10,2021-01-12,4001 Leslie Street,North York General Hospital - General Site - 6 West,Hospital-Acute Care,Respiratory,351
N,,,COVID-19,,2021-02-21,2021-01-11,707 Ellesmere Rd,Alexis Lodge Retirement Home,LTCH,Respiratory,352
N,,,COVID-19,,2021-02-05,2021-01-11,3560 Bathurst Street,Baycrest Hospital - Toronto - 5E,Hospital-Chronic Care,Respiratory,353
N,,,COVID-19,,2021-01-28,2021-01-11,4001 Leslie Street,North York General Hospital - General Site - 8 West,Hospital-Acute Care,Respiratory,354
N,,,COVID-19,,2021-01-27,2021-01-11,2867 Ellesmere Road,Scarborough Health Network-Centenary Hospital - 5E,Hospital-Acute Care,Respiratory,355
N,,,COVID-19,,2021-01-22,2021-01-11,825 Coxwell Avenue,Toronto East Health Network-Michael Garron Hospital - J5,Hospital-Acute Care,Respiratory,356
N,,,COVID-19,,2021-02-17,2021-01-10,102 Craiglee Drive,"Extendicare Craiglee - Dietary, Housekeeping & 1W",LTCH,Respiratory,357
N,,,COVID-19,,2021-02-02,2021-01-10,3030 Birchmount Rd.,Scarborough Health Network - Birchmount Hospital - G3D,Hospital-Acute Care,Respiratory,358
N,,,COVID-19,,2021-01-25,2021-01-09,40 Old Kingston Rd,Ehatare Nursing Home - 4th Fl,LTCH,Respiratory,359
N,,,COVID-19,,2021-02-05,2021-01-09,2121 Kingston Road,Retirement Suites by the Lake,Retirement Home,Respiratory,360
N,,,COVID-19,,2021-02-06,2021-01-09,200 Elizabeth Street,University Health Network - Toronto General Hospital - 6ES,Hospital-Acute Care,Respiratory,361
N,,,COVID-19,,2021-02-01,2021-01-08,52 Neilson Drive,Dom Lipa - 1 West & K-Wing,LTCH,Respiratory,362
N,,,COVID-19,,2021-01-28,2021-01-08,25 Brunswick Avenue,Kensington Gardens - 1 East,LTCH,Respiratory,363
N,,,COVID-19,,2021-01-20,2021-01-08,3050 Lawrence Ave E,Scarborough Health Network - General Hospital - 3C,Hospital-Acute Care,Respiratory,364
N,,,COVID-19,,2021-01-30,2021-01-08,77 Dunfield Avenue,The Dunfield Retirement Residence - 3rd Fl,Retirement Home,Respiratory,365
N,,,COVID-19,,2021-01-22,2021-01-07,5 Resurrection Road,"Labdara Lithuanian Nursing Home - Kitchen, 3rd Fl",LTCH,Respiratory,366
N,,,COVID-19,,2021-02-12,2021-01-07,148 Markham Road,Scarborough Retirement Residence,Retirement Home,Respiratory,367
N,,,COVID-19,,2021-01-15,2021-01-07,3276 St. Clair Avenue East,Unity Health Toronto - Providence Healthcare - A4,Hospital-Chronic Care,Respiratory,368
N,,,COVID-19,,2021-01-27,2021-01-07,200 Church Street,Unity Health Toronto - St. Joseph's Health Centre - 4th Fl,Hospital-Chronic Care,Respiratory,369
N,,,COVID-19,,2021-01-20,2021-01-07,130 Dunn Avenue,University Health Network - Bickle Centre - 3South,Hospital-Acute Care,Respiratory,370
N,,,COVID-19,,2021-02-01,2021-01-07,101 Humber College Boulevard,William Osler Health System - 7 West,Hospital-Acute Care,Respiratory,371
N,,,COVID-19,,2021-01-29,2021-01-06,740 Pape Avenue,Nisbet Lodge,LTCH,Respiratory,372
N,,,COVID-19,,2021-02-03,2021-01-06,500 Kingston Road - 3rd Fl,Toronto East Health Network-Atrium at Kew Beach -,Hospital-Chronic Care,Respiratory,373
N,,,COVID-19,,2021-01-25,2021-01-06,3276 St. Clair Avenue East,Unity Health Toronto - Providence Healthcare - B4,Hospital-Chronic Care,Respiratory,374
N,,,COVID-19,,2021-01-22,2021-01-06,30 The Queensway,Unity Health Toronto-St. Joseph's Health Centre - 3M,Hospital-Acute Care,Respiratory,375
N,,,COVID-19,,2021-02-16,2021-01-05,429 Walmer Road,Cedarvale Terrace,LTCH,Respiratory,376
N,,,COVID-19,,2021-02-22,2021-01-05,5935 Bathurst Street,Cheltenham Care Community,LTCH,Respiratory,377
N,,,COVID-19,,2021-01-19,2021-01-05,30 The Queensway,Unity Health Toronto-St. Joseph's Health Centre - 4LM,Hospital-Acute Care,Respiratory,378
N,,,COVID-19,,2021-02-11,2021-01-05,82 Buttonwood Avenue,West Park Healthcare Centre - 2WD & 2WE,Hospital-Chronic Care,Respiratory,379
N,,,COVID-19,,2021-01-22,2021-01-04,205 Cummer,Cummer Lodge - 4 South,LTCH,Respiratory,380
N,,,COVID-19,,2021-01-29,2021-01-04,2111 Finch Avenue West,Humber River Hospital - RCC Finch Site - 6 East,Hospital-Chronic Care,Respiratory,381
N,,,COVID-19,,2021-02-17,2021-01-04,3197 Lakeshore Blvd,Lakeshore Lodge,LTCH,Respiratory,382
N,,,COVID-19,,2021-01-30,2021-01-04,3030 Lawrence Ave E,Scarborough Health Network - General Hospital - 4C,Hospital-Acute Care,Respiratory,383
N,,,COVID-19,,2021-02-10,2021-01-04,2005 Lawrence Avenue West,"Weston Terrace Care Community - 1A, 2A, 2B, 3B, 4A",LTCH,Respiratory,384
N,,,COVID-19,,2021-02-16,2021-01-03,500 Kingston Road,Atrium at Kew Beach,LTCH,Respiratory,385
N,,,COVID-19,,2021-02-22,2021-01-03,3560 Bathurst Street,Baycrest Hospital - H7E,Hospital-Chronic Care,Respiratory,386
N,,,COVID-19,,2021-01-28,2021-01-03,2075 Bayview Avenue,Sunnybrook Health Sciences Centre - Bayview Campus - K3E,Hospital-Acute Care,Respiratory,387
N,,,COVID-19,,2021-02-08,2021-01-03,200 Church Street,Trillium Health Partners-RCC Church Site - 6B,Hospital-Chronic Care,Respiratory,388
N,,,COVID-19,,2021-01-07,2021-01-02,4001 Leslie St,North York General Hospital - 4 West,Hospital-Acute Care,Respiratory,389
N,,,COVID-19,,2021-02-16,2021-01-02,33 Christie Street,O'Neill Centre - 2nd & 3rd Fl,LTCH,Respiratory,390
N,,,COVID-19,,2021-02-14,2021-01-01,4180 Dundas Street,Delmanor Prince Edward,Retirement Home,Respiratory,391
N,,,COVID-19,,2021-02-14,2021-01-01,45 Brunswick Avenue,Kensington Gardens South Building - 4E,LTCH,Respiratory,392
N,,,COVID-19,,2021-02-02,2021-01-01,2111 Finch Avenue West,North York General Hospital-RCC Finch - 6 West,Hospital-Chronic Care,Respiratory,393
N,,,COVID-19,,2021-02-19,2021-01-01,59 Lawson Road,Tony Stacy Centre,LTCH,Respiratory,394
N,COVID-19,,,,2021-01-15,2020-12-31,130 Dunn Avenue,University Health Network - Bickle Centre - N5B-TCU,Hospital-Chronic Care,Respiratory,1
N,COVID-19,,,,2021-01-16,2020-12-31,30 The Queensway,Unity Health Toronto-St. Joseph's Health Centre - 4E,Hospital-Acute Care,Respiratory,2
N,COVID-19,,,,2021-02-01,2020-12-31,14 Cross Street,Fairview Nursing Home - Schlegel Villages - 1st Fl,LTCH,Respiratory,3
N,COVID-19,,,,2021-02-23,2020-12-31,1400 Kennedy Road,Kennedy Lodge Nursing Home - Main North & South,LTCH,Respiratory,4
N,COVID-19,,,,2021-01-11,2020-12-30,30 Bond Street,Unity Health Toronto - St. Michael's Hospital - OR,Hospital-Acute Care,Respiratory,5
N,COVID-19,,,,2021-01-14,2020-12-30,221 Milner Ave,Sts. Peter and Paul Residence - 6th Fl,Retirement Home,Respiratory,6
N,COVID-19,,,,2021-01-19,2020-12-30,66 Roncesvalles Ave,Copernicus Lodge - Dining Area,LTCH,Respiratory,7
N,COVID-19,,,,2021-01-19,2020-12-30,60 Guildwood Parkway,Extendicare Guildwood - West Wing,LTCH,Respiratory,8
N,COVID-19,,,,2021-01-22,2020-12-30,10 Senlac Road,Chartwell Lansing Retirement Residence,Retirement Home,Respiratory,9
N,COVID-19,,,,2021-02-13,2020-12-30,1 Northwestern Ave,Harold & Grace Baker Centre,LTCH,Respiratory,10
N,COVID-19,,,,2021-01-12,2020-12-29,200 Elizabeth Street,University Health Network - Toronto General Hospital - 4MB,Hospital-Acute Care,Respiratory,11
N,COVID-19,,,,2021-02-10,2020-12-29,35 Elm Grove Avenue,Elm Grove Living Centre - 1st & 2nd Fl,LTCH,Respiratory,12
N,COVID-19,,,,2021-02-14,2020-12-29,2100 Bloor Street - & 5th Fl Assisted Living,"Chartwell Grenadier Retirement Residence - 2nd, 3rd, 4th -",Retirement Home,Respiratory,13
N,COVID-19,,,,2021-02-24,2020-12-29,2920 Lawrence Avenue East,Bendale Acres,LTCH,Respiratory,14
N,COVID-19,,,,2021-01-30,2020-12-27,200 Church Street,Southlake Regional Health Centre - RCC Church Site-3B,Hospital-Chronic Care,Respiratory,15
N,COVID-19,,,,2021-02-14,2020-12-27,215 Tyrrel Avenue,Hellenic Care for Seniors - 1st Fl,LTCH,Respiratory,16
N,COVID-19,,,,2021-02-21,2020-12-27,1925 Steeles Avenue East,Chartwell Gibson Long Term Care Residence,LTCH,Respiratory,17
N,COVID-19,,,,2021-01-22,2020-12-26,40 Old Kingston Road,Ehatare Retirement Home,Retirement Home,Respiratory,18
N,COVID-19,,,,2021-02-06,2020-12-26,520 Markham Road,"Cedarbrook Lodge Retirement Residence - 2nd, 4th & 6th Fl",Retirement Home,Respiratory,19
N,COVID-19,,,,2021-01-13,2020-12-25,25 Brunswick Avenue,Kensington Gardens North Building - 3 East,LTCH,Respiratory,20
N,COVID-19,,,,2021-02-02,2020-12-25,550 Cummer Avenue,Extendicare Bayview,LTCH,Respiratory,21
N,COVID-19,,,,2021-02-11,2020-12-25,1800 O'Connor Drive,Fountain View Care Community,LTCH,Respiratory,22
N,COVID-19,,,,2021-01-15,2020-12-24,150 Dunn Avenue,Lakeside Long Term Care Centre - 1st Fl,LTCH,Respiratory,23
N,COVID-19,,,,2021-01-18,2020-12-24,914 Bathurst Street,Vermont Square - 3rd Fl,LTCH,Respiratory,24
N,COVID-19,,,,2021-01-19,2020-12-24,3050 Lawrence Ave E,Scarborough Health Network - General Hospital - T9,Hospital-Acute Care,Respiratory,25
N,COVID-19,,,,2021-02-08,2020-12-24,3030 Birchmount Rd.,Scarborough Health Network - Birchmount Hospital - G4C,Hospital-Acute Care,Respiratory,26
N,COVID-19,,,,2021-01-20,2020-12-23,2075 Bayview Avenue,Sunnybrook Health Sciences Centre - Bayview Campus - C4,Hospital-Acute Care,Respiratory,27
N,COVID-19,,,,2021-01-22,2020-12-23,82 Buttonwood Avenue,West Park Healthcare Centre - 3EA,Hospital-Chronic Care,Respiratory,28
N,COVID-19,,,,2021-03-12,2020-12-23,28 Halton Street,Maynard Nursing Home,LTCH,Respiratory,29
N,COVID-19,,,,2021-01-05,2020-12-22,101 Humber College Boulevard,William Osler Health System - 8th Fl,Hospital-Acute Care,Respiratory,30
N,COVID-19,,,,2021-01-20,2020-12-22,82 Buttonwood Ave,West Park Long Term Care - Weston-Mulholland,LTCH,Respiratory,31
N,COVID-19,,,,2021-02-22,2020-12-22,2245 Lawrence Ave W,"Village of Humber Heights - 6 units - 1st, 2nd & 3rd Fl",LTCH,Respiratory,32
N,Unable to identify,,,,2021-01-04,2020-12-22,60 Guildwood Pky,Extendicare Guildwood - West,LTCH,Respiratory,33
N,COVID-19,,,,2021-01-05,2020-12-21,3030 Birchmount Rd.,Scarborough Health Network-Birchmount - G4A,Hospital-Acute Care,Respiratory,34
N,COVID-19,,,,2021-01-07,2020-12-21,3560 Bathurst Street,Baycrest Hospital - 5E,Hospital-Chronic Care,Respiratory,35
N,COVID-19,,,,2021-01-16,2020-12-21,1-3 Kenton Road,"One Kenton Place - 1st, 2nd, 3rd Fl",LTCH,Respiratory,36
N,COVID-19,,,,2021-01-21,2020-12-21,265 Queens Dr,Queens Estate Retirement Residence,Retirement Home,Respiratory,37
N,COVID-19,,,,2021-01-26,2020-12-21,130 Dunn Avenue,University Health Network - Bickle Centre - 4South,Hospital-Chronic Care,Respiratory,38
N,COVID-19,,,,2021-01-16,2020-12-20,2075 Bayview Ave,Sunnybrook Health Sciences Centre - Veterans Centre - LDMH,LTCH,Respiratory,39
N,COVID-19,,,,2021-02-16,2020-12-20,55 Ameer Avenue,Terraces of Baycrest- Retirement Home,Retirement Home,Respiratory,40
N,COVID-19,,,,2021-02-01,2020-12-18,"2 Buchan Court - 2nd, 3rd & 4th Fl",North York General Hospital - Seniors Health Centre - 1st,LTCH,Respiratory,41
N,COVID-19,,,,2021-03-23,2020-12-18,3560 Bathurst St,Baycrest Apotex Centre - Jewish Home for the Aged,LTCH,Respiratory,42
N,COVID-19,,,,2020-12-29,2020-12-17,200 Elizabeth Street - Cath Lab,University Health Network - Toronto General Hospital,Hospital-Acute Care,Respiratory,43
N,COVID-19,,,,2020-12-30,2020-12-17,825 Coxwell Avenue - CIU-A,Toronto East Health Network-Michael Garron Hospital -,Hospital-Acute Care,Respiratory,44
N,COVID-19,,,,2021-01-07,2020-12-17,200 Church Street,Trillium Health Partners - RCC Church Site - 1C,Hospital-Chronic Care,Respiratory,45
N,COVID-19,,,,2021-01-27,2020-12-17,285 Cummer Ave - A2,Sunnybrook Health Sciences Centre - St. John's Rehab -,Hospital-Chronic Care,Respiratory,46
N,COVID-19,,,,2021-02-22,2020-12-17,10-14 William Morgan Drive,Leaside Retirement Living - Building 10 4th Fl,Retirement Home,Respiratory,47
N,COVID-19,,,,2020-12-17,2020-12-16,3758 Sheppard Ave E,Shepherd Terrace Retirement Home - Kitchen,LTCH,Respiratory,48
N,COVID-19,,,,2021-01-04,2020-12-16,2121 Kingston Road,Retirement Suites By the Lake,Retirement Home,Respiratory,49
N,COVID-19,,,,2020-12-28,2020-12-15,3030 Birchmount Rd,Scarborough Health Network-Birchmount - 4D Medicine,Hospital-Acute Care,Respiratory,50
N,COVID-19,,,,2021-01-04,2020-12-15,9 Neilson Rd,Seven Oaks - 3rd & 5th Fl,LTCH,Respiratory,51
N,COVID-19,,,,2021-01-21,2020-12-15,200 Dawes Rd,"True Davidson Acres - 1st, 4th & 5th Fl",LTCH,Respiratory,52
N,COVID-19,,,,2021-02-04,2020-12-15,1020 McNicoll Avenue,McNicoll Manor - 4th & 5th Fl,LTCH,Respiratory,53
N,COVID-19,,,,2021-01-05,2020-12-14,60 Scottfield Drive,Scarborough Health Network - Yee Hong Dialysis,LTCH,Respiratory,54
N,COVID-19,,,,2020-12-26,2020-12-13,82 Buttonwood Ave,West Park Healthcare Centre - 2EC,Hospital-Chronic Care,Respiratory,55
N,COVID-19,,,,2021-01-29,2020-12-13,767 Royal York Rd,"Ivan Franko Retirement Home - 2nd Fl, 2S, 2W",LTCH,Respiratory,56
N,COVID-19,,,,2021-02-05,2020-12-13,8 The Donway   E,Donway Place Retirement Home,Retirement Home,Respiratory,57
N,COVID-19,,,,2021-02-19,2020-12-13,2411 Lawrence Ave E,Hellenic Home for the Aged,LTCH,Respiratory,58
N,COVID-19,,,,2021-01-01,2020-12-10,30 The Queensway,Unity Health Toronto - St. Joseph's Health Centre - 6M,Hospital-Acute Care,Respiratory,59
N,COVID-19,,,,2020-12-25,2020-12-09,19 Rean Dr,Amica Bayview Gardens - 10th Fl,Retirement Home,Respiratory,60
N,COVID-19,,,,2021-02-26,2020-12-09,66 Roncesvalles Ave,Copernicus Lodge,LTCH,Respiratory,61
N,COVID-19,,,,2020-12-17,2020-12-08,3050 Lawrence Ave E,Scarborough Health Network - General Hospital - T6,Hospital-Acute Care,Respiratory,62
N,COVID-19,,,,2021-01-14,2020-12-08,541 Finch Ave W,Advent Valleyview Residence - 4 East,LTCH,Respiratory,63
N,COVID-19,,,,2021-02-19,2020-12-08,420 The East Mall,"Eatonville Care Centre - 2nd, 3rd & 5th Fl",LTCH,Respiratory,64
N,COVID-19,,,,2020-12-22,2020-12-07,718 Sheppard Ave W,L'Chaim Retirement Home,Retirement Home,Respiratory,65
N,COVID-19,,,,2021-01-07,2020-12-07,4251 Dundas St W,Revera Kingsway,Retirement Home,Respiratory,66
N,COVID-19,,,,2021-01-21,2020-12-07,625 Runnymede Rd,Runnymede Healthcare Centre - 4th Fl,Hospital-Chronic Care,Respiratory,67
N,COVID-19,,,,2021-03-01,2020-12-07,4650 Eglinton Ave W,Parkland on Eglinton,Retirement Home,Respiratory,68
N,COVID-19,,,,2020-12-24,2020-12-06,205 Cummer Ave,Cummer Lodge - 2nd Fl,LTCH,Respiratory,69
N,COVID-19,,,,2020-12-24,2020-12-06,1140 Bloor St W,New Horizons Tower - Kitchen,Retirement Home,Respiratory,70
N,COVID-19,,,,2020-12-22,2020-12-05,30 The Queensway,Unity Health Toronto - St. Joseph's Health Centre - ED,Hospital-Acute Care,Respiratory,71
N,COVID-19,,,,2020-12-26,2020-12-05,3050 Lawrence Ave E,Scarborough Health Network - General Hospital - 4C,Hospital-Acute Care,Respiratory,72
N,COVID-19,,,,2020-12-29,2020-12-05,400 The West Mall,Wesburn Manor - 2 North,LTCH,Respiratory,73
N,COVID-19,,,,2021-01-03,2020-12-05,3560 Bathurst St,Baycrest Hospital - 4W,Hospital-Chronic Care,Respiratory,74
N,COVID-19,,,,2021-01-27,2020-12-05,111 Avenue Rd,Hazelton Place Retirement Residence,Retirement Home,Respiratory,75
N,COVID-19,,,,2020-12-22,2020-12-04,555 University Ave,The Hospital For Sick Children - Clinical Core Lab,Hospital-Acute Care,Respiratory,76
N,COVID-19,,,,2021-02-01,2020-12-04,1020 McNicoll Ave,Tendercare Living Centre,LTCH,Respiratory,77
N,COVID-19,,,,2021-02-07,2020-12-04,225 St George St,St George Care Community - 1st & 3rd Fl,LTCH,Respiratory,78
N,COVID-19,,,,2021-01-21,2020-12-03,138 Dowling Ave,White Eagle Nursing Home,LTCH,Respiratory,79
N,COVID-19,,,,2020-12-16,2020-12-02,1001 Queen St W,Centre for Addiction & Mental Health - Queen Site - GPU B,Hospital-Psychiatric,Respiratory,80
N,COVID-19,,,,2020-12-13,2020-11-30,1 Bridgepoint Dr,Bridgepoint Active Healthcare - 4S,Hospital-Chronic Care,Respiratory,81
N,COVID-19,,,,2020-12-16,2020-11-30,101 Humber College Blvd,William Osler Health System - 10th Level,Hospital-Acute Care,Respiratory,82
N,COVID-19,,,,2021-01-02,2020-11-30,600 University Avenue,Mount Sinai Hospital - 12 South,Hospital-Acute Care,Respiratory,83
N,COVID-19,,,,2020-12-04,2020-11-28,2075 Bayview Ave,Sunnybrook Health Sciences Centre - F2,Hospital-Acute Care,Respiratory,84
N,COVID-19,,,,2020-12-14,2020-11-28,429 Walmer Rd E,"Cedarvale Terrace - 2nd, 3rd, 5th & 6th Fl",LTCH,Respiratory,85
N,COVID-19,,,,2020-12-14,2020-11-28,30  The Queensway,Unity Health Toronto - St. Joseph Health Care Centre - 3M,Hospital-Acute Care,Respiratory,86
N,COVID-19,,,,2020-12-08,2020-11-27,3030 Birchmount Rd,Scarborough Health Network - Birchmount Hospital - G4C,Hospital-Acute Care,Respiratory,87
N,COVID-19,,,,2020-12-08,2020-11-27,200 Dawes Rd,True Davidson Acres - 3rd floor,Retirement Home,Respiratory,88
N,COVID-19,,,,2020-12-20,2020-11-27,2867 Ellesmere Rd,Scarborough Health Network - Centenary Hospital - YC9WE,Hospital-Acute Care,Respiratory,89
N,COVID-19,,,,2021-01-18,2020-11-27,1195 Queen St E,The Heritage Nursing Home,LTCH,Respiratory,90
N,COVID-19,,,,2021-02-10,2020-11-27,2233 Kipling Ave,"Kipling Acres - 2S, Claireville & Highfield Unit",LTCH,Respiratory,91
N,COVID-19,,,,2020-12-29,2020-11-26,124 Dowling Ave,Dowling Residence,Retirement Home,Respiratory,92
N,COVID-19,,,,2021-01-29,2020-11-26,720 Mount Pleasant Rd,"The Briton House - 6th, 7th & 9th Fl",Retirement Home,Respiratory,93
N,Unable to identify,,,,2020-11-30,2020-11-26,30 Bond St,Unity Health Toronto - St. Michael's Hospital - 7CCV South,Hospital-Acute Care,Enteric,94
N,COVID-19,,,,2020-12-08,2020-11-25,3050 Lawrence Ave E,Scarborough Health Network - General Hospital - 4E,Hospital-Acute Care,Respiratory,95
N,COVID-19,,,,2020-12-11,2020-11-25,15 Barberry Place,Amica Bayview Village - 2nd Fl,Retirement Home,Respiratory,96
N,COVID-19,,,,2020-12-29,2020-11-25,30 The Queensway,Unity Health Toronto - St. Joseph's Health Centre - 4M,Hospital-Acute Care,Respiratory,97
N,COVID-19,,,,2020-12-08,2020-11-24,1001 Queen Street West,Centre for Addiction & Mental Health - Queen Site - MAUI,Hospital-Psychiatric,Respiratory,98
N,COVID-19,,,,2020-12-19,2020-11-24,3050 Lawrence Ave E,Scarborough Health Network - General Hospital - CP4,Hospital-Acute Care,Respiratory,99
N,COVID-19,,,,2020-11-26,2020-11-23,155 Balmoral Ave,Amica Balmoral Club Retirement Home,Retirement Home,Respiratory,100
N,COVID-19,,,,2020-12-17,2020-11-23,140 Sherway Dr,McCall Centre for Continuing Care - West Wing Interim Unit,LTCH,Respiratory,101
N,COVID-19,,,,2020-12-24,2020-11-23,140 Sherway Dr,"McCall Centre for Continuing Care - 2nd, 3rd & 4th Fl",Hospital-Chronic Care,Respiratory,102
N,COVID-19,,,,2021-02-10,2020-11-23,1860 Lawrence Ave E,The Wexford,LTCH,Respiratory,103
N,COVID-19,,,,2021-02-17,2020-11-23,351 Christie St,Castleview Wychwood Towers - 2nd to 7th Fl,LTCH,Respiratory,104
N,COVID-19,,,,2020-12-04,2020-11-20,3050 Lawrence Ave E,Scarborough Health Network - General Hospital - 3C,Hospital-Acute Care,Respiratory,105
N,COVID-19,,,,2020-12-17,2020-11-20,55 Ameer Ave,Terraces of Baycrest Retirement Residence,Retirement Home,Respiratory,106
N,COVID-19,,,,2021-01-04,2020-11-20,2245 Lawrence Ave W - & Becker's Unit,Village Of Humber Height Retirement Home - Williamsburg,LTCH,Respiratory,107
N,COVID-19,,,,2021-02-16,2020-11-20,340 McCowan Rd E,Chartwell Trilogy,LTCH,Respiratory,108
N,COVID-19,,,,2020-11-27,2020-11-19,30 Bond St,Unity Health Toronto - St. Michael's Hospital - TNICU,Hospital-Acute Care,Respiratory,109
N,COVID-19,,,,2020-12-02,2020-11-19,3560 Bathurst St,Baycrest Apotex Centre - Jewish Home for the Aged - A2GS,LTCH,Respiratory,110
N,COVID-19,,,,2021-01-16,2020-11-19,1 Kenton Dr,One Kenton Place - 2nd & 3rd Fl,LTCH,Respiratory,111
N,COVID-19,,,,2021-02-26,2020-11-19,130 Midland Ave,Midland Gardens Care Community - 2nd Fl,LTCH,Respiratory,112
N,COVID-19,,,,2020-12-04,2020-11-17,3560 Bathurst St,Baycrest Apotex Centre - Jewish Home for the Aged - A7EI,LTCH,Respiratory,113
N,COVID-19,,,,2020-12-10,2020-11-16,8 Snowy Owl Way,Arul Oli Senior Centre,Retirement Home,Respiratory,114
N,COVID-19,,,,2020-12-11,2020-11-14,10 William Morgan Dr,Leaside Retirement Residence - Building 10,Retirement Home,Respiratory,115
N,COVID-19,,,,2020-11-25,2020-11-13,1235 Wilson Ave,Humber River Regional Hospital - 8 West,Hospital-Acute Care,Respiratory,116
N,COVID-19,,,,2020-11-25,2020-11-13,265 Queens Dr,Queens Estate Retirement Residence - 4th Fl,Retirement Home,Respiratory,117
N,COVID-19,,,,2020-12-14,2020-11-13,1 Northwestern Ave,Harold and Grace Baker Centre,Retirement Home,Respiratory,118
N,COVID-19,,,,2020-11-26,2020-11-12,1001 Queen St W,Centre for Addiction & Mental Health - Queen Site - Unit 2-5,Hospital-Psychiatric,Respiratory,119
N,COVID-19,,,,2020-12-28,2020-11-12,200 Dawes Rd E,True Davidson Acres - 4th Fl,LTCH,Respiratory,120
N,COVID-19,,,,2021-02-06,2020-11-12,1145 Albion Rd,Westside,LTCH,Respiratory,121
N,COVID-19,,,,2020-11-27,2020-11-11,625 Runnymede Rd,Runnymede Healthcare Centre - 3E,Hospital-Chronic Care,Respiratory,122
N,COVID-19,,,,2020-11-25,2020-11-10,3050 Lawrence Ave E,Scarborough Health Network - General Hospital - T9,Hospital-Acute Care,Respiratory,123
N,COVID-19,,,,2020-11-29,2020-11-09,3560 Bathurst St,Baycrest Hospital - 6E,Hospital-Chronic Care,Respiratory,124
N,COVID-19,,,,2020-12-24,2020-11-09,795 Eglinton Ave E,Suomi Koti Nursing Home,LTCH,Respiratory,125
N,COVID-19,,,,2020-11-28,2020-11-07,3595 Keele St - East Unit,Downsview Long Term Care Centre - 1st Fl North & -,LTCH,Respiratory,126
N,COVID-19,,,,2020-11-09,2020-11-06,1235 Wilson Ave,Humber River Regional Hospital - 12 East,Hospital-Acute Care,Respiratory,127
N,COVID-19,,,,2020-12-02,2020-11-06,3050 Lawrence Ave E,Scarborough Health Network - General Hospital - 4C,Hospital-Acute Care,Respiratory,128
N,COVID-19,,,,2020-11-20,2020-11-05,250 College St - GPU-A,Centre for Addiction & Mental Health - College Site -,Hospital-Psychiatric,Respiratory,129
N,COVID-19,,,,2020-12-02,2020-11-05,3276 St. Clair Ave E,Providence Healthcare - D3 Palliative Unit,Hospital-Chronic Care,Respiratory,130
N,COVID-19,Rhinovirus,,,2020-11-18,2020-11-04,4 Teddington Ave,The Teddington,Retirement Home,Respiratory,131
N,COVID-19,,,,2020-11-16,2020-11-04,30 Bond St,Unity Health Toronto - St. Michael's Hospital - 7 CCV North,Hospital-Acute Care,Respiratory,132
N,COVID-19,,,,2020-11-24,2020-11-04,225 St.George St,St. George Care Community,LTCH,Respiratory,133
N,COVID-19,,,,2020-12-30,2020-11-04,1800 O'Connor Dr,Harmony Hills Care Community,LTCH,Respiratory,134
N,COVID-19,,,,2021-01-14,2020-11-04,645 Castlefield Ave,Forest Hill Place,Retirement Home,Respiratory,135
N,COVID-19,,,,2020-11-17,2020-11-03,82 Buttonwood Ave,West Park Healthcare Centre - 3EA,Hospital-Chronic Care,Respiratory,136
N,COVID-19,,,,2020-12-03,2020-11-03,2005 Lawrence Ave W,Weston Terrace Care Community - 3A/1A,LTCH,Respiratory,137
N,COVID-19,,,,2020-12-21,2020-11-03,2245 Lawrence Ave W - Weston & Islington,"Village of Humber Heights - 1st Fl Wedworth, Brule -",LTCH,Respiratory,138
N,COVID-19,,,,2021-02-17,2020-11-03,70 Humberline Dr,Deerwood Creek Care Community,LTCH,Respiratory,139
N,Unable to identify,,,,2020-11-11,2020-11-03,33 Christie St,The O'Neill Centre - 4th & 5th Fl,LTCH,Enteric,140
N,COVID-19,,,,2020-11-23,2020-11-02,60 Guildwood Pky,Extendicare Guildwood - East,LTCH,Respiratory,141
N,COVID-19,,,,2020-12-15,2020-11-02,2920 Lawrence Ave E,Bendale Acres - 2 East,LTCH,Respiratory,142
N,COVID-19,,,,2020-11-16,2020-11-01,40 Bell Estates Rd,Ina Grafton Gage Home - 2nd Fl,LTCH,Respiratory,143
N,COVID-19,,,,2020-11-26,2020-11-01,101 Humber College Blvd,William Osler Health System - 8 West,Hospital-Acute Care,Respiratory,144
N,COVID-19,,,,2020-12-26,2020-11-01,4005 Eglinton Ave W,Chartwell Scarlett Heights Retirement Home,Retirement Home,Respiratory,145
N,COVID-19,,,,2020-11-14,2020-10-30,600 University Ave,Mount Sinai Hospital - 9 South,Hospital-Acute Care,Respiratory,146
N,COVID-19,,,,2020-11-15,2020-10-30,77 Dunfield Ave,"The Dunfield Retirement Residence - 5th, 7th & 18th Fl",Retirement Home,Respiratory,147
N,COVID-19,,,,2020-12-24,2020-10-30,3015 Lawrence Ave E,Rockcliffe Care Community,LTCH,Respiratory,148
N,COVID-19,,,,2020-12-10,2020-10-29,475 Rustic Rd,North Park Nursing Home - 2nd Fl,LTCH,Respiratory,149
N,COVID-19,,,,2020-11-12,2020-10-27,3030 Birchmount Rd - 4A Medicine,Scarborough Health Network - Birchmount Hospital -,Hospital-Acute Care,Respiratory,150
N,COVID-19,,,,2020-11-27,2020-10-27,3050 Lawrence Ave E,Scarborough Health Network - General Hospital - T7,Hospital-Acute Care,Respiratory,151
N,COVID-19,,,,2020-11-15,2020-10-26,25 Bruinswick Ave,Kensington Gardens - 3 West,LTCH,Respiratory,152
N,COVID-19,,,,2020-11-19,2020-10-26,82 Buttonwood Ave,West Park Healthcare Centre - 3WE,Hospital-Chronic Care,Respiratory,153
N,COVID-19,,,,2020-11-07,2020-10-25,720 Mount Pleasant Rd,"Briton House Retirement Centre - 3rd, 4th, 7th & 9th Fl",Retirement Home,Respiratory,154
N,COVID-19,,,,2020-11-09,2020-10-25,4001 Leslie St,North York General Hospital - OR,Hospital-Acute Care,Respiratory,155
N,COVID-19,,,,2020-11-10,2020-10-25,351 Christie St,Castleview Wychwood Towers,LTCH,Respiratory,156
N,COVID-19,,,,2021-01-22,2020-10-25,102 Craiglee Dr,Extendicare Craiglee,LTCH,Respiratory,157
N,COVID-19,,,,2020-11-06,2020-10-23,3050 Lawrence Ave E,Scarborough Health Network - General Hospital - T6,Hospital-Acute Care,Respiratory,158
N,COVID-19,,,,2020-11-09,2020-10-23,1001 Queen St W,Centre for Addiction & Mental Health - Queen Site - Unit 2-3,Hospital-Psychiatric,Respiratory,159
N,COVID-19,,,,2020-11-14,2020-10-23,200 Dawes Rd,True Davidson Acres - 3rd Fl,LTCH,Respiratory,160
N,COVID-19,,,,2020-12-07,2020-10-23,147 Elder St,Sage Care,Retirement Home,Respiratory,161
N,COVID-19,,,,2021-02-26,2020-10-23,3760 Sheppard Ave E,Shepherd Lodge Nursing Home - 4th & 6th Fl,LTCH,Respiratory,162
N,COVID-19,,,,2020-11-08,2020-10-22,2075 Bayview Ave,Sunnybrook Health Sciences Centre - C5,Hospital-Acute Care,Respiratory,163
N,COVID-19,,,,2020-11-16,2020-10-22,1020 McNicoll Ave,Tendercare Living Centre - Kitchen/Dietary,LTCH,Respiratory,164
N,COVID-19,,,,2020-11-20,2020-10-22,52 Neilson Dr,Dom Lipa Nursing Home,LTCH,Respiratory,165
N,COVID-19,,,,2020-12-17,2020-10-22,880 Lawrence Ave E,Greenview Lodge - 2nd Fl,LTCH,Respiratory,166
N,COVID-19,,,,2020-11-04,2020-10-21,3560 Bathurst St,Baycrest Apotex Centre - A5RF,LTCH,Respiratory,167
N,COVID-19,,,,2020-11-06,2020-10-21,550 University Ave - 7 South,UHN - Toronto Rehabilitation Institute - University Centre -,Hospital-Chronic Care,Respiratory,168
N,COVID-19,,,,2020-11-14,2020-10-21,400 The West Mall,Wesburn Manor - 2nd Fl,LTCH,Respiratory,169
N,COVID-19,,,,2020-11-02,2020-10-20,30 Bond St,Unity Health Toronto - St. Michael's Hospital - Emergency Ro,Hospital-Acute Care,Respiratory,170
N,COVID-19,,,,2020-11-06,2020-10-20,3050 Lawrence Ave E,Scarborough Health Network - General Hospital - CP4,Hospital-Acute Care,Respiratory,171
N,COVID-19,,,,2020-11-15,2020-10-20,600 Melita Cres,Christie Gardens Apartments & Care,Retirement Home,Respiratory,172
N,COVID-19,,,,2020-12-24,2020-10-20,551 Conlins Rd,Extendicare Rouge Valley,LTCH,Respiratory,173
N,COVID-19,,,,2020-11-09,2020-10-19,2045 Finch Ave W,Hawthorne Place Care Centre - 3rd Fl,LTCH,Respiratory,174
N,COVID-19,,,,2020-11-23,2020-10-19,"2100 Bloor St W - C, D","Chartwell Grenadier Retirement Residence - Main Building B,",Retirement Home,Respiratory,175
N,COVID-19,,,,2020-11-18,2020-10-18,1001 Queen St W,Centre for Addiction & Mental Health - Queen Site - 1-4 /1-5,Hospital-Psychiatric,Respiratory,176
N,COVID-19,,,,2020-11-20,2020-10-18,2 Buchan Crt,North York General Hospital - Seniors' Health Centre,LTCH,Respiratory,177
N,COVID-19,,,,2020-10-28,2020-10-16,30 The Queensway,Unity Health Toronto - St. Joseph's Health Centre - 3M,Hospital-Acute Care,Respiratory,178
N,COVID-19,,,,2020-10-31,2020-10-15,399 Bathurst St,UHN- Toronto Western Hospital - 8 A & B,Hospital-Acute Care,Respiratory,179
N,COVID-19,,,,2020-11-01,2020-10-15,30 The Queensway,Unity Health Toronto - St. Joseph's Health Centre - 4e - 4e,Hospital-Acute Care,Respiratory,180
N,COVID-19,,,,2021-01-19,2020-10-15,1000 Ellesmere Rd,Fieldstone Commons Care Community - 1A,LTCH,Respiratory,181
N,COVID-19,,,,2020-10-23,2020-10-14,30 The Queensway,Unity Health Toronto - St. Joseph's Health Centre - 2LM,Hospital-Acute Care,Respiratory,182
N,COVID-19,,,,2020-11-19,2020-10-14,340 McCowan Rd,Chartwell Trilogy Long Term Care - 3rd Fl,LTCH,Respiratory,183
N,COVID-19,,,,2020-10-21,2020-10-13,2111 Finch Ave W,Reactivation Care Centre - Markham Stouville Hospital - 5w -,Hospital-Chronic Care,Respiratory,184
N,COVID-19,,,,2020-10-30,2020-10-13,500 Kingston Rd,Atrium at Kew Beach,Retirement Home,Respiratory,185
N,COVID-19,,,,2020-10-30,2020-10-13,2601 Bayview Ave,Cedarhurst Home - 1st Fl,Retirement Home,Respiratory,186
N,COVID-19,,,,2020-10-31,2020-10-13,3560 Bathurst St,Baycrest Apotex Centre - Ltch - Apotex 4rf,LTCH,Respiratory,187
N,COVID-19,,,,2020-11-03,2020-10-13,3830 Lawrence Ave E,Extendicare Scarborough,LTCH,Respiratory,188
N,COVID-19,,,,2020-11-11,2020-10-13,1925 Steeles Ave E,Chartwell Gibson Long Term Care Residence - 1st Fl,LTCH,Respiratory,189
N,COVID-19,,,,2020-12-04,2020-10-13,77 Main St,Main Street Terrace - 2nd & 3rd Fl,LTCH,Respiratory,190
N,COVID-19,,,,2020-11-01,2020-10-12,1145 Albion Rd,Westside Ltc,LTCH,Respiratory,191
N,COVID-19,,,,2020-12-26,2020-10-12,439 Sherbourne St,Fudger House - 2W,LTCH,Respiratory,192
N,COVID-19,,,,2020-10-24,2020-10-10,429 Walmer Rd,Cedarvale Terrace Long Term Care - 6th Fl,LTCH,Respiratory,193
N,COVID-19,,,,2020-11-27,2020-10-10,150 Dunn Ave,Lakeside Long Term Care - 2nd Fl,LTCH,Respiratory,194
N,COVID-19,,,,2020-10-24,2020-10-09,70 Humberline Dr,Deerwood Creek Care Community,LTCH,Respiratory,195
N,COVID-19,,,,2020-10-19,2020-10-06,4001 Leslie St,North York General Hospital - 8 West,Hospital-Acute Care,Respiratory,196
N,Unable to identify,,,,2020-10-14,2020-10-06,130 Midland Ave,Midland Gardens Care Community Ltch - 4th Fl,LTCH,Respiratory,197
N,COVID-19,,,,2020-10-30,2020-10-04,520 Markham Rd,Cedarbrook Lodge - 2nd Fl,Retirement Home,Respiratory,198
N,COVID-19,,,,2020-10-16,2020-10-02,22 Norfinch Ave,Norfinch Care Community,LTCH,Respiratory,199
N,COVID-19,,,,2020-10-23,2020-10-02,30 The Queensway,Unity Health Toronto - St. Joseph's Health Centre - 2E,Hospital-Acute Care,Respiratory,200
N,COVID-19,,,,2020-12-16,2020-10-02,1400 Kennedy Rd,Kennedy Lodge - 2 North,LTCH,Respiratory,201
N,COVID-19,,,,2020-10-16,2020-10-01,205 Cummer Ave,City Of Toronto ? Cummer Lodge - 3 North,LTCH,Respiratory,202
N,COVID-19,,,,2020-10-10,2020-09-28,77 Dunfield Ave,The Dunfield Retirement Residence - 3rd Fl,Retirement Home,Respiratory,203
N,COVID-19,,,,2020-10-21,2020-09-28,40 Playfair Ave,"Villa Colombo - 1 & 2 Fidani, 2 Fusco, 4 Fidani",LTCH,Respiratory,204
N,COVID-19,,,,2020-11-21,2020-09-27,914 Bathurst St,Vermont Square,LTCH,Respiratory,205
N,Unable to identify,,,,2020-10-15,2020-09-27,541 Finch Ave W,Valley View Residence,LTCH,Respiratory,206
N,COVID-19,,,,2020-10-20,2020-09-26,4005 Eglinton Ave W,Scarlett Heights Retirement Home,Retirement Home,Respiratory,207
N,Rhinovirus,Enterovirus,,,2020-11-12,2020-09-25,5395 Bathurst St,Cheltenham Care Community,LTCH,Respiratory,208
N,COVID-19,,,,2020-10-02,2020-09-25,1 Kenton Dr,One Kenton Place - Ground Fl,Retirement Home,Respiratory,209
N,COVID-19,,,,2020-10-16,2020-09-24,3015 Lawrence Ave E,Rockcliffe Care Community - 2nd Fl,LTCH,Respiratory,210
N,COVID-19,,,,2020-10-20,2020-09-21,225 St George St,St. George Care Community,LTCH,Respiratory,211
N,Clostridium difficile,,,,2020-10-05,2020-09-19,399 Bathurst St,Uhn - Toronto Western Hospital - Msn Icu,Hospital-Acute Care,Enteric,212
N,COVID-19,,,,2020-10-07,2020-09-17,95 Humber College Blvd,Humber Valley Terrace - 3rd Fl,LTCH,Respiratory,213
N,COVID-19,,,,2020-12-04,2020-09-17,122 Tyndall Ave,Norwood Nursing Home,LTCH,Respiratory,214
N,COVID-19,,,,2020-10-30,2020-09-15,14 Cross St,Fairview Nursing Home,LTCH,Respiratory,215
N,Unable to identify,,,,2020-09-18,2020-09-13,70 Humberline Dr,Deerwood Creek Care Community - 2nf Fl LaRose Unit,LTCH,Enteric,216
N,COVID-19,,,,2020-09-21,2020-09-06,1035 Eglinton Ave W,Pine Villa Transitional Care - 2nd Fl,LTCH,Respiratory,217
N,COVID-19,,,,2020-09-23,2020-09-03,8 The Don Way E,Donway Place Retirement Home,Retirement Home,Respiratory,218
N,COVID-19,,,,2020-10-07,2020-08-27,1000 Ellesmere Rd,Fieldstone Commons Care Community - 3rd Fl,LTCH,Respiratory,219
N,COVID-19,,,,2020-09-11,2020-08-25,28 Halton St,Maynard Nursing Home,LTCH,Respiratory,220
N,COVID-19,,,,2020-09-06,2020-08-23,2075 Bayview Ave,Sunnybrook Health Sciences Centre - C5,Hospital-Acute Care,Respiratory,221
N,Unable to identify,,,,2020-08-18,2020-08-15,285 Cummer Ave E,St. John's Rehabilitation Hospital - A2,Hospital-Chronic Care,Respiratory,222
N,Unable to identify,,,,2020-08-12,2020-08-05,33 Christie St,The O'Neill Centre - 2nd & 4th Fl,LTCH,Enteric,223
N,COVID-19,,,,2020-08-17,2020-08-02,351 Christie St,Castleview Wychwood Towers - 5th Fl,LTCH,Respiratory,224
N,COVID-19,,,,2020-08-15,2020-07-25,2233 Kipling Ave,Kipling Acres - Kitchen,LTCH,Respiratory,225
N,Unable to identify,,,,2020-08-21,2020-07-25,59 Lawson Rd,Tony Stacey Centre for Veterans Care,LTCH,Enteric,226
N,Unable to identify,,,,2020-07-29,2020-07-15,60 Scottfield Dr,Yee Hong Centre - Scarborough Finch,LTCH,Respiratory,227
N,Unable to identify,,,,2020-07-28,2020-07-12,102 Craiglee Dr,Craiglee Nursing Home,LTCH,Enteric,228
N,COVID-19,,,,2020-07-13,2020-07-01,625 Runnymede Rd,Runnymede Healthcare Centre - 3rd Fl,Hospital-Chronic Care,Respiratory,229
N,COVID-19,,,,2020-07-03,2020-06-30,61 Fairfax Cres,Presentation Manor,Retirement Home,Respiratory,230
N,COVID-19,,,,2020-07-17,2020-06-30,82 Buttonwood Ave,"West Park Healthcare Centre - Ccc - 2w-D, 2w-E, 2w-F (Cavc U",Hospital-Chronic Care,Respiratory,231
N,COVID-19,,,,2020-08-14,2020-06-30,30 The Queensway,St. Joseph's Health Centre - 6G,Hospital-Acute Care,Respiratory,232
N,Unable to identify,,,,2020-07-07,2020-06-30,35 Elm Grove Ave,Elm Grove Living Centre,LTCH,Enteric,233
N,COVID-19,,,,2020-07-11,2020-06-27,25 Brunswick Ave,Kensington Gardens - South Bldg - 4 East & West,LTCH,Respiratory,234
N,COVID-19,,,,2020-07-10,2020-06-26,3560 Bathurst St,Baycrest Apotex Centre - Jewish Home for the Aged - 7GS,LTCH,Respiratory,235
N,COVID-19,,,,2020-07-09,2020-06-25,1020 McNicoll Ave,"Tendercare Living Centre - 2nd, 3rd, 4th, 5th  Fl",LTCH,Respiratory,236
N,Unable to identify,,,,2020-07-07,2020-06-25,95 Humber College Blvd,Humber Valley Terrace,LTCH,Enteric,237
N,COVID-19,,,,2020-07-11,2020-06-24,1800 O'Connor Dr,Harmony Hills Care Community - 2A,LTCH,Respiratory,238
N,COVID-19,,,,2020-07-20,2020-06-23,30 The Queensway,Unity Health Toronto - St. Joseph's Health Centre - 6m,Hospital-Acute Care,Respiratory,239
N,COVID-19,,,,2020-06-30,2020-06-18,400 The West Mall,Wesburn Manor - 400 The West Mall - 2020-06-18,LTCH,Respiratory,240
N,COVID-19,,,,2020-07-13,2020-06-17,101 Humber College Blvd,William Osler Health System - 6 Med Flex,Hospital-Acute Care,Respiratory,241
N,COVID-19,,,,2020-06-28,2020-06-16,345 Sherbourne St,The Rekai Centres At Sherbourne Place - 4th Fl,LTCH,Respiratory,242
N,COVID-19,,,,2020-06-30,2020-06-16,14 Cross St,Fairview Nursing Home,LTCH,Respiratory,243
N,COVID-19,,,,2020-06-27,2020-06-15,70 Humberline Dr,Deerwood Creek Care Community - 2nd Fl,LTCH,Respiratory,244
N,COVID-19,,,,2020-06-27,2020-06-13,439 Sherbourne St,Fudger House - 2 East,LTCH,Respiratory,245
N,COVID-19,,,,2020-06-26,2020-06-12,340 McCowan Rd,Chartwell Trilogy Ltc - 1st Fl,LTCH,Respiratory,246
N,COVID-19,,,,2020-07-03,2020-06-10,3555 Danforth Ave,Chester Village - 3rd Fl East Wing,LTCH,Respiratory,247
N,COVID-19,,,,2020-07-13,2020-06-10,200 Dawes Rd,True Davidson Acres - 2nd Fl E,LTCH,Respiratory,248
N,COVID-19,,,,2020-08-07,2020-06-10,740 Pape Ave,Nisbet Lodge,LTCH,Respiratory,249
N,COVID-19,,,,2020-06-20,2020-06-05,1035 Eglinton Ave W,Pine Villa Transitional Care - 2nd Fl,LTCH,Respiratory,250
N,COVID-19,,,,2020-06-23,2020-06-05,9 Neilson Rd,Seven Oaks - Entire Faciility,LTCH,Respiratory,251
N,COVID-19,,,,2020-06-22,2020-06-03,4005 Eglinton Ave W,Chartwell Scartlett Heights,Retirement Home,Respiratory,252
N,COVID-19,,,,2020-07-03,2020-06-02,10/14 Willian Morgan Dr,Leaside Retirement Residence - Bldg 10 - 2nd & 3rd Fl,Retirement Home,Respiratory,253
N,COVID-19,,,,2020-06-12,2020-06-01,3560 Bathurst St,Baycrest Apotex Centre - Jewish Home for the Aged - POD 6EI,LTCH,Respiratory,254
N,COVID-19,,,,2020-06-13,2020-06-01,3560 Bathurst St,Baycrest Apotex Centre - Jewish Home for the Aged - Apotex 3,LTCH,Respiratory,255
N,Unable to identify,,,,2020-06-22,2020-06-01,59 Lawson Rd,Tony Stacey Centre for Veteran's Care,LTCH,Respiratory,256
N,COVID-19,,,,2020-06-06,2020-05-28,124 Dowling Ave,Dowling Retirement Home,Retirement Home,Respiratory,257
N,COVID-19,,,,2020-06-07,2020-05-28,70 Humberline Dr,Deerwood Creek Care Community - 3rd Fl A Side,LTCH,Respiratory,258
N,COVID-19,,,,2020-06-10,2020-05-28,429 Walmer Rd,Cedarvale Terrace,LTCH,Respiratory,259
N,COVID-19,,,,2020-07-04,2020-05-28,82 Buttonwood Ave,West Park Long Term Care Centre - 2nd & 3rd Fl,LTCH,Respiratory,260
N,COVID-19,,,,2020-07-17,2020-05-27,1 Sand Beach Rd,Garden Court Nursing Home,LTCH,Respiratory,261
N,COVID-19,,,,2020-06-10,2020-05-26,2121 Kingston Rd,Retirement Suites By The Lake,Retirement Home,Respiratory,262
N,COVID-19,,,,2020-06-15,2020-05-26,25 Brunswick Ave,Kensington Gardens - 3rd Fl,LTCH,Respiratory,263
N,COVID-19,,,,2020-06-12,2020-05-22,61 Fairfax Cres,Presentation Manor - 1st & 2nd Fl,LTCH,Respiratory,264
N,COVID-19,,,,2020-06-12,2020-05-22,285 Cummer Ave,St. John's Rehabilitation Hospital - A3,Hospital-Chronic Care,Respiratory,265
N,COVID-19,,,,2020-06-04,2020-05-21,19 Rean Dr,Amica at Bayview Gardens - 3rd to 8th Fl,Retirement Home,Respiratory,266
N,COVID-19,,,,2020-06-06,2020-05-19,101 Humber College Blvd - 7 East,William Osler Health System - Etobicoke General Hospital -,Hospital-Acute Care,Respiratory,267
N,COVID-19,,,,2020-06-07,2020-05-18,52 Neilson Dr,Dom Lipa Nursing Home - K Wing & Retirement Home,LTCH,Respiratory,268
N,COVID-19,,,,2020-07-01,2020-05-17,351 Christie St,Castleview Wychwood Towers - 7th Fl,LTCH,Respiratory,269
N,COVID-19,,,,2020-05-18,2020-05-15,60 Scottfield Dr,Yee Hong Centre (Scarborough Finch) - 6th Fl,LTCH,Respiratory,270
N,COVID-19,,,,2020-05-27,2020-05-15,5935 Bathurst St,Cheltenham Care Community - 1st Fl,LTCH,Respiratory,271
N,COVID-19,,,,2020-06-14,2020-05-14,1145 Albion Rd,Westside - 4th Fl,LTCH,Respiratory,272
N,COVID-19,,,,2020-05-18,2020-05-13,1400 Kennedy Rd,Kennedy Lodge Nursing Home - Convalescent Unit,LTCH,Respiratory,273
N,COVID-19,,,,2020-05-22,2020-05-13,399 Bathurst St,Toronto Western Hospital - Emergency Dept,Hospital-Acute Care,Respiratory,274
N,COVID-19,,,,2020-05-25,2020-05-13,3560 Bathurst St,Baycrest Hospital - 7 West,Hospital-Chronic Care,Respiratory,275
N,COVID-19,,,,2020-06-18,2020-05-13,215 Tyrrel Ave,Hellenic Care for Seniors,LTCH,Respiratory,276
N,COVID-19,,,,2020-06-22,2020-05-13,1000 Ellesmere Rd,Fieldstone Commons Care Community,LTCH,Respiratory,277
N,COVID-19,,,,2020-07-03,2020-05-13,303 Queens Dr,Weston Gardens Retirement Residence,Retirement Home,Respiratory,278
N,COVID-19,,,,2020-05-23,2020-05-12,2030 McNicoll Ave,Mon Sheong Scarborough,LTCH,Respiratory,279
N,COVID-19,,,,2020-05-25,2020-05-12,340 McCowen Rd - & 7th Fl,"Chartwell Trilogy Long Term Care Residence - 2nd, 3rd, 5th -",LTCH,Respiratory,280
N,COVID-19,,,,2020-05-26,2020-05-12,720 Mount Pleasant Rd - 12th Fl,"The Briton House Retirement Home - Rm 300, 5th, 10th, 11th &",Retirement Home,Respiratory,281
N,COVID-19,,,,2020-05-31,2020-05-12,1 Overland Dr,Better Living at Thompson House,LTCH,Respiratory,282
N,COVID-19,,,,2020-05-20,2020-05-09,77 Dunfield Ave,The Dunfield Retirement Residence,Retirement Home,Respiratory,283
N,COVID-19,,,,2020-05-28,2020-05-09,200 Church St,Reactivation Care Centre - Southlake Regional Health Centre,Hospital-Chronic Care,Respiratory,284
N,COVID-19,,,,2020-05-23,2020-05-08,129 Spadina Rd,The Annex Retirement Residence,Retirement Home,Respiratory,285
N,COVID-19,,,,2020-06-01,2020-05-08,399 Bathurst St,Toronto Western Hospital - 9A,Hospital-Acute Care,Respiratory,286
N,COVID-19,,,,2020-05-31,2020-05-07,2100 Bloor St W - Section - 4 Fls,Chartwell Grenadier Retirement Residence - Assisted Living,Retirement Home,Respiratory,287
N,COVID-19,,,,2020-05-19,2020-05-06,767 Royal York Rd,Ivan Franko Home,LTCH,Respiratory,288
N,COVID-19,,,,2020-05-26,2020-05-06,10 William Morgan Dr - Bldg 10,"Leaside Retirement Residence - 2nd, 3rd, 4th & 7th Fl",Retirement Home,Respiratory,289
N,COVID-19,,,,2020-05-13,2020-05-05,1195 Queen St E,The Heritage Nursing Home - 1st Fl,LTCH,Respiratory,290
N,COVID-19,,,,2020-05-19,2020-05-05,1238 Queen St E,Chartwell Avondale Retirement Residence,Retirement Home,Respiratory,291
N,COVID-19,,,,2020-05-19,2020-05-05,4001 Leslie St,North York General Hospital - 8 West,Hospital-Acute Care,Respiratory,292
N,COVID-19,,,,2020-05-24,2020-05-04,2111 Finch Ave - 5 East,Reactivation Care Centre - Southlake Regional Health Centre,Hospital-Chronic Care,Respiratory,293
N,COVID-19,,,,2020-05-25,2020-05-04,1020 McNicoll Ave,Tendercare Living Centre - 2nd Fl,LTCH,Respiratory,294
N,COVID-19,,,,2020-05-18,2020-05-03,450 Rustic Rd,North Park Nursing Home - 2nd Fl,LTCH,Respiratory,295
N,COVID-19,,,,2020-05-21,2020-05-03,3050 Lawrence Ave E,Scarborough Health Network - General Hospital - H3CP,Hospital-Acute Care,Respiratory,296
N,COVID-19,,,,2020-05-15,2020-05-01,59 Lawson Rd,Tony Stacey Centre for Veteran's Care,LTCH,Respiratory,297
N,COVID-19,,,,2020-05-21,2020-05-01,439 Sherbourne St,Fudger House,LTCH,Respiratory,298
N,COVID-19,,,,2020-06-04,2020-05-01,914 Bathurst St,Vermont Square - 7th Fl,LTCH,Respiratory,299
N,COVID-19,,,,2020-05-08,2020-04-30,262 St. Clair Ave W,The Russell Hill Retirement Residence - 6th Fl,Retirement Home,Respiratory,300
N,COVID-19,,,,2020-05-15,2020-04-30,306 Finch Ave E,Carefree Lodge - Garden Level,LTCH,Respiratory,301
N,COVID-19,,,,2020-05-16,2020-04-30,399 Bathurst St,Toronto Western Hospital - Uhn - 8a / 8b,Hospital-Acute Care,Respiratory,302
N,COVID-19,,,,2020-05-20,2020-04-30,399 Bathurst St,Toronto Western Hospital - 3B,Hospital-Acute Care,Respiratory,303
N,COVID-19,,,,2020-06-06,2020-04-30,4251 Dundas St W,Kingsway Retirement Residence,Retirement Home,Respiratory,304
N,COVID-19,,,,2020-06-06,2020-04-30,3015 Lawrence Ave E,Rockcliffe Care Community,LTCH,Respiratory,305
N,COVID-19,,,,2020-05-15,2020-04-29,4005 Eglinton Ave W,Scarlett Heights Retirement Home,Retirement Home,Respiratory,306
N,COVID-19,,,,2020-05-19,2020-04-29,205 Cummer Ave,Cummer Lodge,LTCH,Respiratory,307
N,Clostridium difficile,,,,2020-05-11,2020-04-28,200 Elizabeth St,Toronto General Hospital - Uhn - 6es,Hospital-Acute Care,Enteric,308
N,COVID-19,,,,2020-06-02,2020-04-28,200 Church St,Reactivation Care Centre - William Osler - 5th Fl,Hospital-Chronic Care,Respiratory,309
N,COVID-19,,,,2020-05-11,2020-04-27,555 University Ave,The Hospital for Sick Children - 8B,Hospital-Acute Care,Respiratory,310
N,COVID-19,,,,2020-05-27,2020-04-27,4001 Leslie St,North York General Hospital - 5 West,Hospital-Acute Care,Respiratory,311
N,COVID-19,,,,2020-05-12,2020-04-26,1800 O'Connor Dr,Fountain View Care Community - 1st Fl - Terrace Unit,LTCH,Respiratory,312
N,COVID-19,,,,2020-05-17,2020-04-26,2111 Finch Ave W,Reactivation Care Centre - Mackenzie Health - 3 East,Hospital-Chronic Care,Respiratory,313
N,COVID-19,,,,2020-05-08,2020-04-25,1860 Lawrence Ave E,The Wexford Residence - 2nd Fl,LTCH,Respiratory,314
N,COVID-19,,,,2020-05-14,2020-04-24,15 Barberry Pl,Amica at Bayview Village,Retirement Home,Respiratory,315
N,COVID-19,,,,2020-06-23,2020-04-24,225 St George St,"St George Care Community - Entire Facility As Of May 2, 2020",LTCH,Respiratory,316
N,COVID-19,,,,2020-07-05,2020-04-24,60 Guildwood Pky,Extendicare Guildwood,LTCH,Respiratory,317
N,COVID-19,,,,2020-05-08,2020-04-23,551 Conlins Rd,Extendicare Rouge Valley - Cedar Ridge,LTCH,Respiratory,318
N,COVID-19,,,,2020-05-11,2020-04-23,55 Belmont St,Belmont House,LTCH,Respiratory,319
N,COVID-19,,,,2020-05-11,2020-04-23,101 Humber College Blvd,William Osler Health System - Etobicoke General Hospital - 9,Hospital-Acute Care,Respiratory,320
N,COVID-19,,,,2020-05-17,2020-04-21,429 Walmer Rd,"Cedarvale Terrace - Mainfl, 2nd,3rd,5th, 6th",LTCH,Respiratory,321
N,COVID-19,,,,2020-08-07,2020-04-21,40 Playfair Ave,Villa Colombo,LTCH,Respiratory,322
N,COVID-19,,,,2020-05-03,2020-04-20,3050 Lawrence Ave E,Scarborough Health Network - General Hospital - H2C,Hospital-Acute Care,Respiratory,323
N,COVID-19,,,,2020-05-12,2020-04-20,351 Christie St,Castleview Wychwood Towers - 6th Fl,LTCH,Respiratory,324
N,COVID-19,,,,2020-05-27,2020-04-20,400 The West Mall,Wesburn Manor - 2nd Fl,LTCH,Respiratory,325
N,COVID-19,,,,2020-05-11,2020-04-18,399 Bathurst St,Toronto Western Hospital - 4B,Hospital-Acute Care,Respiratory,326
N,COVID-19,,,,2020-05-22,2020-04-18,625 Runnymede Rd,Runnymede Healthcare Centre - 2nd Fl,Hospital-Chronic Care,Respiratory,327
N,COVID-19,,,,2020-06-18,2020-04-17,3595 Keele St,Downsview Long Term Care Centre,LTCH,Respiratory,328
N,COVID-19,,,,2020-05-01,2020-04-16,3760 Sheppard Ave E,Shepherd Lodge - 5th Fl,LTCH,Respiratory,329
N,COVID-19,,,,2020-06-02,2020-04-16,537 Finch Ave W,Forestview Retirement Residence - 2nd Fl,Retirement Home,Respiratory,330
N,COVID-19,,,,2020-04-30,2020-04-15,2075 Bayview Ave,Sunnybrook Health Sciences Centre - C5,Hospital-Acute Care,Respiratory,331
N,COVID-19,,,,2020-06-09,2020-04-15,102 Craiglee Dr,Craiglee Nursing Home,LTCH,Respiratory,332
N,COVID-19,,,,2020-05-16,2020-04-14,200 Church St,Reactivation Care Centre - Sunnybrook - A3S,Hospital-Chronic Care,Respiratory,333
N,COVID-19,,,,2020-05-27,2020-04-14,28 Halton St,Maynard Nursing Home,LTCH,Respiratory,334
N,COVID-19,,,,2020-06-15,2020-04-14,3830 Lawrence Ave E,Extendicare Scarborough,LTCH,Respiratory,335
N,COVID-19,,,,2020-05-11,2020-04-13,30 Bond St,St. Michael's Hospital (Unity Health Toronto) - In-Centre Di,Hospital-Acute Care,Respiratory,336
N,COVID-19,,,,2020-05-19,2020-04-13,140 Sherway Dr,McCall Centre for Continuing Care - 3 & 4 West,Hospital-Chronic Care,Respiratory,337
N,COVID-19,,,,2020-05-20,2020-04-13,22 O'Connor Dr,Sisters of St. Joseph,LTCH,Respiratory,338
N,COVID-19,,,,2020-05-29,2020-04-13,718 Sheppard Ave W,L'Chaim Retirement Home - 3rd Fl,Retirement Home,Respiratory,339
N,Coronavirus*,,,,2020-05-07,2020-04-12,147 Elder St,Sagecare Retirement Home - Entire Facility,Retirement Home,Respiratory,340
N,COVID-19,,,,2020-04-15,2020-04-12,66 Roncesvalles Ave,Copernicus Lodge - 2 South,LTCH,Respiratory,341
N,COVID-19,,,,2020-04-22,2020-04-12,3555 Danforth Ave,Chester Village - 4th Fl,LTCH,Respiratory,342
N,COVID-19,,,,2020-04-26,2020-04-12,30 The Queensway,St. Joseph's Health Centre - ICU,Hospital-Acute Care,Respiratory,343
N,COVID-19,,,,2020-05-04,2020-04-12,2311 McNicoll Ave,Yee Hong Centre - Scarborough McNicoll - 1st Fl,LTCH,Respiratory,344
N,COVID-19,,,,2020-05-07,2020-04-12,111 Avenue Rd,Hazelton Place Retirement Residence - 6th Fl,Retirement Home,Respiratory,345
N,COVID-19,,,,2020-05-07,2020-04-12,305 Balliol St,The Claremont Retirement Residence - Entire Faciility,Retirement Home,Respiratory,346
N,COVID-19,,,,2020-05-15,2020-04-11,77 Main St,Main Street Terrace,LTCH,Respiratory,347
N,COVID-19,,,,2020-05-24,2020-04-11,1 Northwestern Ave,Harold and Grace Baker Centre,Retirement Home,Respiratory,348
N,COVID-19,,,,2020-05-11,2020-04-10,650 Church St,The Salvation Army - Toronto Grace Health Centre - 5th Fl,Hospital-Chronic Care,Respiratory,349
N,COVID-19,,,,2020-05-20,2020-04-10,1 Canterbury Pl,Canterbury Place Retirement Residence,Retirement Home,Respiratory,350
N,COVID-19,,,,2020-05-20,2020-04-10,33 Christie St,The O'Neill Centre,LTCH,Respiratory,351
N,COVID-19,,,,2020-05-31,2020-04-10,54 Foxbar Ave,Bradgate Arms,Retirement Home,Respiratory,352
N,COVID-19,,,,2020-06-23,2020-04-10,2411 Lawrence Ave E,Hellenic Home,LTCH,Respiratory,353
N,COVID-19,,,,2020-05-14,2020-04-09,541 Finch Ave W,Valleyview Residence,LTCH,Respiratory,354
N,COVID-19,,,,2020-06-01,2020-04-09,1140 Bloor St W,New Horizons Tower,Retirement Home,Respiratory,355
N,COVID-19,,,,2020-07-08,2020-04-09,40 Bell Estate Rd,Ina Grafton Gage Home,LTCH,Respiratory,356
N,COVID-19,,,,2020-04-21,2020-04-07,40 Old Kingston Rd,Ehatare Nursing Home - 4th Fl,LTCH,Respiratory,357
N,COVID-19,,,,2020-05-01,2020-04-07,8 Ressurection Rd,Labdara Lithuanian Nursing Home,LTCH,Respiratory,358
N,COVID-19,,,,2020-05-12,2020-04-07,1066 Avenue Rd,Amica on the Avenue,Retirement Home,Respiratory,359
N,COVID-19,,,,2020-05-14,2020-04-07,2920 Lawrence Ave E,Bendale Acres,LTCH,Respiratory,360
N,COVID-19,,,,2020-06-16,2020-04-07,95 Humber College Blvd,Humber Valley Terrace,LTCH,Respiratory,361
N,COVID-19,,,,2020-07-11,2020-04-07,60 Richview Rd,Ukrainian Canadian Care Centre,LTCH,Respiratory,362
N,COVID-19,,,,2020-04-23,2020-04-06,265 Queens Dr,Queens Estates Retirement Community - Transitional Care  Reh,Retirement Home,Respiratory,363
N,COVID-19,,,,2020-04-30,2020-04-06,262 St. Clair Ave W,The Russell Hill Retirement Residence,Retirement Home,Respiratory,364
N,COVID-19,,,,2020-07-12,2020-04-06,2005 Lawrence Ave W,Weston Terrace Care Community,LTCH,Respiratory,365
N,COVID-19,,,,2020-07-17,2020-04-06,130 Midland Ave,Midland Gardens Care Community,LTCH,Respiratory,366
N,Rhinovirus,,,,2020-04-26,2020-04-06,400 The West Mall,Wesburn Manor - 3N & 4th Fl,LTCH,Respiratory,367
N,Unable to identify,,,,2020-04-15,2020-04-06,1860 Lawrence Ave E,The Wexford - 7th Fl,LTCH,Respiratory,368
N,Coronavirus*,,,,2020-04-13,2020-04-05,82 Buttonwood Ave,West Park Healthcare Centre - 3WF,Hospital-Chronic Care,Respiratory,369
N,COVID-19,,,,2020-06-05,2020-04-04,160 Wellesley St E,The Rekai Centre at Wellesley,LTCH,Respiratory,370
N,COVID-19,,,,2020-06-08,2020-04-04,155 Millwood Rd,Isabel and Arthur Meighen Manor,LTCH,Respiratory,371
N,COVID-19,,,,2020-04-23,2020-04-03,645 Castlefield Ave,Forest Hill Place - 8th Fl & Lower Level,Retirement Home,Respiratory,372
N,COVID-19,,,,2020-05-05,2020-04-03,80 Workman Way,Centre For Addiction And Mental Health - Queen Site - Gau-A,Hospital-Psychiatric,Respiratory,373
N,COVID-19,,,,2020-05-07,2020-04-03,1001 Queen St W,Centre For Addiction And Mental Health - Queen Site - Unit 3,Hospital-Psychiatric,Respiratory,374
N,COVID-19,,,,2020-05-18,2020-04-03,2075 Bayview Ave,Sunnybrook,Hospital-Acute Care,Respiratory,375
N,COVID-19,,,,2020-05-21,2020-04-03,122 Tyndall Ave,Norwood Long Term Care,LTCH,Respiratory,376
N,COVID-19,,,,2020-06-05,2020-04-03,36 D'Arcy St,Mon Sheong Home for the Aged,LTCH,Respiratory,377
N,Metapneumovirus,,,,2020-04-12,2020-04-03,541 Finch Ave W,Valley View Residence,LTCH,Respiratory,378
N,COVID-19,,,,2020-05-06,2020-04-02,52 Neilson Dr,Dom Lipa - 2 West,LTCH,Respiratory,379
N,COVID-19,,,,2020-06-02,2020-04-02,495 The West Mall,The Westbury,LTCH,Respiratory,380
N,COVID-19,,,,2020-06-04,2020-04-02,138 Dowling Ave,Chartwell White Eagle Long Term Residence,LTCH,Respiratory,381
N,COVID-19,,,,2020-04-16,2020-04-01,10 Senlac Rd,Chartwell Lansing Retirement Residence - 2nd Fl,Retirement Home,Respiratory,382
N,COVID-19,,,,2020-04-16,2020-04-01,43 Wellesley St E,Sunnybrook Holland Orthopaedic And Arthritic Centre - Hoac -,Hospital-Chronic Care,Respiratory,383
N,COVID-19,,,,2020-05-19,2020-04-01,600 Melita Cres,"Christie Gardens Apartments & Care - 1st, 5th & 8th Fl",Retirement Home,Respiratory,384
N,COVID-19,,,,2020-05-19,2020-04-01,265 Queens Dr,Queens Estate Retirement Residence,Retirement Home,Respiratory,385
N,COVID-19,,,,2020-05-24,2020-04-01,1 Northwestern Ave,Harold and Grace Baker Centre - A & C Wing,LTCH,Respiratory,386
N,COVID-19,,,,2020-06-03,2020-04-01,3197 Lakeshore Blvd W,Lakeshore Lodge Nursing Home,LTCH,Respiratory,387
N,Metapneumovirus,,,,2020-04-14,2020-04-01,1195 Queen St E,"The Heritage Nursing Home - 1st, 2nd & 3rd Fls",LTCH,Respiratory,388
N,Unable to identify,,,,2020-04-10,2020-04-01,265 Queens Dr,Queens Estate Retirement Residence,Retirement Home,Enteric,389
N,COVID-19,,,,2020-04-17,2020-03-31,140 Sherway Ave,Mccall Centre Interim Ltch - 2nd Fl,LTCH,Respiratory,390
N,COVID-19,,,,2020-05-06,2020-03-31,3276 St. Clair Ave E,Unity Health Toronto -Houses Of Providence - Hop 1 West / 1,LTCH,Respiratory,391
N,COVID-19,,,,2020-05-25,2020-03-31,47 Austin Terr,Hillcrest Reactivation Centre,Hospital-Chronic Care,Respiratory,392
N,COVID-19,,,,2020-05-27,2020-03-31,3560 Bathurst St,Baycrest Apotex Centre - Jewish Home for the Aged,LTCH,Respiratory,393
N,COVID-19,,,,2020-06-16,2020-03-31,2045 Finch Ave W,Hawthorne Place Care Centre,LTCH,Respiratory,394
N,Metapneumovirus,,,,2020-04-08,2020-03-31,130 Midland Ave,Midland Gardens Care Community - 5th Fl,LTCH,Respiratory,395
N,COVID-19,,,,2020-04-13,2020-03-30,1145 Albion Rd,Westside,LTCH,Respiratory,396
N,COVID-19,,,,2020-05-21,2020-03-30,35 Elm Grove Ave,Elm Grove Living Centre,LTCH,Respiratory,397
N,COVID-19,,,,2020-06-04,2020-03-30,2233 Kipling Ave,Kipling Acres,LTCH,Respiratory,398
N,Unable to identify,,,,2020-04-15,2020-03-30,5935 Bathurst St,Chelenham Care Communty - 3rd Fl,LTCH,Respiratory,399
N,COVID-19,,,,2020-07-06,2020-03-29,420 The East Mall,Eatonville Care Centre,LTCH,Respiratory,400
N,COVID-19,,,,2020-05-04,2020-03-27,1001 Queen St W,- Unit 3-1,Hospital-Acute Care,Respiratory,401
N,COVID-19,,,,2020-05-27,2020-03-27,82 Buttonwood Ave,West Park Long Term Care Centre,LTCH,Respiratory,402
N,COVID-19,,,,2020-06-05,2020-03-27,345 Sherbourne St,The Rekai Centre at Sherbourne Place,LTCH,Respiratory,403
N,Unable to identify,,,,2020-04-11,2020-03-27,1800 O'Connor Dr,Fountain View Care Community,LTCH,Respiratory,404
N,Rhinovirus,,,,2020-06-11,2020-03-25,92 Island Rd,Altamont Care Community,LTCH,Respiratory,405
N,COVID-19,,,,2020-05-15,2020-03-25,45 Brunswick Ave,Kensington Gardens North Building - 1 East,LTCH,Respiratory,406
N,COVID-19,,,,2020-05-25,2020-03-25,1925 Steeles Ave E,Chartwell Gibson Long Term Care Residence,LTCH,Respiratory,407
N,COVID-19,,,,2020-06-11,2020-03-25,2245 Lawrence Ave W,Village of Humber Heights Long Term Care,Retirement Home,Respiratory,408
N,Metapneumovirus,,,,2020-04-06,2020-03-25,1195 Queen St E,The Heritage Nursing Home - 1st Fl,LTCH,Respiratory,409
N,COVID-19,,,,2020-05-18,2020-03-24,2111 Finch Ave W,Mackenzie Health Rcc - 2111 Finch Ave. W. - 4 East,Hospital-Acute Care,Respiratory,410
N,COVID-19,Metapneumovirus,,,2020-04-09,2020-03-23,345 Sherbourne St,The Rekai Centre at Sherbourne Place,LTCH,Respiratory,411
N,COVID-19,Coronavirus*,,,2020-04-09,2020-03-23,3015 Lawrence Ave E,Rockcliffe Care Community - 3rd(Covid19) Other Fls (Resp. Ob,LTCH,Respiratory,412
N,Coronavirus*,,,,2020-04-07,2020-03-23,60 Scottfield Dr,Yee Hong Centre (Scarborough Finch) - Entitre Facility,LTCH,Respiratory,413
N,COVID-19,,,,2020-04-03,2020-03-23,2111 Finch Ave W,Humber River Hospital - Reactivation Care Centre - 6E,Hospital-Chronic Care,Respiratory,414
N,Rhinovirus,,,,2020-04-02,2020-03-23,60 Guildwood Pky,Extendicare Guildwood,LTCH,Respiratory,415
N,COVID-19,,,,2020-04-15,2020-03-22,82 Buttonwood Ave - 2EC,West Park Healthcare Centre - Functional Enhancement Unit,LTCH,Respiratory,416
N,COVID-19,Metapneumovirus,,,2020-06-11,2020-03-21,550 Cummer Ave,Extendicare Bayview,LTCH,Respiratory,417
N,Coronavirus*,,,,2020-03-30,2020-03-20,25 Brunswick Ave,Kensington Gardens - South Building - 2 East & 4 East,LTCH,Respiratory,418
N,COVID-19,,,,2020-04-08,2020-03-20,35 Elm Grove Ave,Elm Grove Living Centre,LTCH,Respiratory,419
N,COVID-19,,,,2020-05-15,2020-03-20,2701 St Clair Ave E,St Clair O'Connor Nursing Home - 3rd Fl,LTCH,Respiratory,420
N,Metapneumovirus,,,,2020-03-31,2020-03-20,102 Craiglee Dr,Extendicare - Craiglee - 1E & 1W,LTCH,Respiratory,421
N,Metapneumovirus,,,,2020-03-31,2020-03-20,111 Avenue Rd,Hazelton Place,Retirement Home,Respiratory,422
N,Metapneumovirus,,,,2020-04-13,2020-03-20,1145 Albion Rd,Westside,LTCH,Respiratory,423
N,Parainfluenza,,,,2020-03-31,2020-03-20,3276 St Clair Ave E,Providence Healthcare - B4 North & South,Hospital-Chronic Care,Respiratory,424
N,Parainfluenza,,,,2020-04-12,2020-03-20,60 Richview Rd,Ukrainian Canadian Care Centre,LTCH,Respiratory,425
N,COVID-19,,,,2020-06-24,2020-03-19,2245 Lawrence Ave W,Village Of Humber Heights Ltc,LTCH,Respiratory,426
N,Coronavirus*,,,,2020-04-08,2020-03-19,15 Barberry Pl,Amica At Bayview Village,Retirement Home,Respiratory,427
N,COVID-19,,,,2020-06-01,2020-03-19,9 Neilson Rd,Seven Oaks,LTCH,Respiratory,428
N,Unable to identify,,,,2020-03-25,2020-03-19,30 The Queensway,St. Joseph's Health Centre - 6M,Hospital-Acute Care,Respiratory,429
N,Unable to identify,,,,2020-03-29,2020-03-19,10 Senlac Rd,Chartwell Lansing Retirement Residence,Retirement Home,Respiratory,430
N,Respiratory syncytial virus,,,,2020-04-01,2020-03-18,439 Sherbourne St,Fudger House,LTCH,Respiratory,431
N,Coronavirus*,,,,2020-03-31,2020-03-17,795 Eglinton Ave E,Suomi Koti Nursing Home,LTCH,Respiratory,432
N,COVID-19,,,,2020-05-23,2020-03-17,3705 Bathurst St,Terrace Gardens Retirement Residence,Retirement Home,Respiratory,433
N,Respiratory syncytial virus,,,,2020-03-24,2020-03-17,200 Dawes Rd,True Davidson - 2nd & 4th Fl,LTCH,Respiratory,434
N,Respiratory syncytial virus,,,,2020-03-30,2020-03-17,14 William Morgan Dr,Leaside Retirement Residence - 5th Fl,Retirement Home,Respiratory,435
N,Unable to identify,,,,2020-03-27,2020-03-17,14 Willaim Morgan Dr,Leaside Retirement Residence,Retirement Home,Respiratory,436
N,Unable to identify,,,,2020-03-30,2020-03-17,551 Conlins Rd,Extendicare Rouge Valley - Meadowvale,LTCH,Respiratory,437
N,Influenza B,Coronavirus*,,,2020-04-01,2020-03-16,541 Finch Ave W,Valleyview Residence - 2 & 4 West,LTCH,Respiratory,438
N,Parainfluenza,,,,2020-04-01,2020-03-16,28 Halton St,Maynard Nursing Home - 1st Fl,LTCH,Respiratory,439
N,Respiratory syncytial virus,,,,2020-03-31,2020-03-16,420 The East Mall,Eatonville Care Centre,LTCH,Respiratory,440
N,Rhinovirus,,,,2020-03-29,2020-03-15,495 The West Mall,Chartwell Westbury Long Term Care Residence - 3rd & 4th Fl,LTCH,Respiratory,441
N,Coronavirus*,,,,2020-03-21,2020-03-13,306 Finch Ave E,Carefree Lodge - Garden Level,LTCH,Respiratory,442
N,Unable to identify,,,,2020-03-26,2020-03-13,3560 Bathurst St,Baycrest Hospital - 7 East,Hospital-Chronic Care,Respiratory,443
N,Metapneumovirus,,,,2020-03-25,2020-03-12,1195 Queen St E,The Heritage Nursing Home - 1st & 2nd Fl,LTCH,Respiratory,444
N,Norovirus-like,,,,2020-03-27,2020-03-10,4180 Dundas St W,Delmanor Prince Edward,Retirement Home,Enteric,445
N,Influenza B,,,,2020-03-16,2020-03-09,3560 Bathurst St,Baycrest Apotex Centre - Jewish Home for the Aged - L6GS,LTCH,Respiratory,446
N,Metapneumovirus,,,,2020-03-25,2020-03-09,550 Cummer Ave,Extendicare Bayview,LTCH,Respiratory,447
N,Rhinovirus,,,,2020-03-30,2020-03-09,66 Roncesvalles Ave,Copernicus Lodge - 4 South 3rd Fl,LTCH,Respiratory,448
N,Unable to identify,,,,2020-03-17,2020-03-09,1145 Albion Rd,Westside - 3rd Fl,LTCH,Enteric,449
N,Parainfluenza,,,,2020-03-31,2020-03-07,3276 St Clair Ave E,Providence Healthcare - Houses of Providence - 3 West,LTCH,Respiratory,450
N,Rotavirus,,,,2020-03-11,2020-03-05,122 Tyndall Ave,Norwood Long Term Care,LTCH,Enteric,451
N,Coronavirus*,,,,2020-03-16,2020-03-03,70 Humberline Dr,Deerwood Creek Care Community - 2A,LTCH,Respiratory,452
N,Norovirus-like,,,,2020-03-09,2020-03-03,30 The Queensway,St Josephs Health Centre - 7M,Hospital-Acute Care,Enteric,453
N,Coronavirus*,,,,2020-03-13,2020-03-02,205 Cummer Ave,Cummer Lodge - 4 North,LTCH,Respiratory,454
N,Coronavirus*,,,,2020-03-09,2020-02-28,82 Buttonwood Ave,West Park Healthcare Centre - 3EC,Hospital-Chronic Care,Respiratory,455
N,Unable to identify,,,,2020-03-03,2020-02-27,825 Coxwell Ave,Michael Garron Hospital - H6,Hospital-Acute Care,Enteric,456
N,Respiratory syncytial virus,,,,2020-03-09,2020-02-26,2 Buchan Crt,North York General Hospital - Seniors' Health Centre -4th Fl,LTCH,Respiratory,457
N,Unable to identify,,,,2020-03-09,2020-02-25,40 Playfair Ave,Villa Colombo - 4th & 5th Fusco,LTCH,Enteric,458
N,Influenza A ((H1N1)pdm09),,,,2020-03-07,2020-02-24,9 Neilson Rd,Seven Oaks - 1st Fl,LTCH,Respiratory,459
N,Metapneumovirus,,,,2020-03-05,2020-02-24,551 Conlins Rd,Extendicare Rouge Valley - Highland Creek,LTCH,Respiratory,460
N,Norovirus-like,,,,2020-03-09,2020-02-24,205 Cummer Ave,Cummer Lodge - 2 South,LTCH,Enteric,461
N,Unable to identify,,,,2020-03-09,2020-02-24,3015 Lawrence Ave E,Rockcliffe Care Community - 2nd Fl,LTCH,Respiratory,462
N,Influenza A ((H1N1)pdm09),,,,2020-03-03,2020-02-23,1400 Kennedy Rd,Kennedy Lodge Nursing Home - Ground Fl,LTCH,Respiratory,463
N,Respiratory syncytial virus,"Metapneumovirus, Rhinovirus",,,2020-03-16,2020-02-21,1 Overland Dr,Better Living at Thompson House - 4th  Fl,LTCH,Respiratory,464
N,Influenza B,,,,2020-03-05,2020-02-18,40 Playfair Ave,Villa Colombo - 3rd Fusco,LTCH,Respiratory,465
N,Respiratory syncytial virus,,,,2020-02-25,2020-02-18,720 Mount Pleasant Rd,The Briton House - 7th Fl,Retirement Home,Respiratory,466
N,Norovirus-like,,,,2020-03-06,2020-02-17,305 Balliol St,Claremont Retirement Residence,Retirement Home,Enteric,467
N,Influenza A (H1N1),,,,2020-02-24,2020-02-15,4251 Dundas St W,Kingsway Retirement Residence,Retirement Home,Respiratory,468
N,Norovirus-like,,,,2020-02-27,2020-02-14,2920 Lawrence Ave E,Bendale Acres - 5th & 6th Fl,LTCH,Enteric,469
N,Norovirus-like,,,,2020-02-24,2020-02-12,59 Lawson Rd,Tony Stacey Centre for Veterans Care,LTCH,Enteric,470
N,Rhinovirus,Respiratory syncytial virus,,,2020-02-26,2020-02-10,95 Humber College Blvd,Humber Valley Terrace,LTCH,Respiratory,471
N,Respiratory syncytial virus,,,,2020-02-17,2020-02-09,82 Buttonwood Ave,West Park Healthcare Centre - 3WF,Hospital-Chronic Care,Respiratory,472
N,(CPE) - Infection - (KPC),,,,2020-03-06,2020-02-08,3050 Lawrence Ave E,Scarborough Health Network - General Site - ICU,Hospital-Acute Care,Other,473
N,Norovirus-like,,,,2020-02-18,2020-02-07,30 The Queensway,St. Joseph's Health Centre - 7M,Hospital-Acute Care,Enteric,474
N,Influenza A (Not subtyped),,,,2020-02-13,2020-02-05,2111 Finch Ave W,Southlake Regional Health Centre - RCC - 5 East,Hospital-Chronic Care,Respiratory,475
N,Unable to identify,,,,2020-02-16,2020-02-05,3760 Sheppard Ave E,Shepherd Lodge Nursing Home - 3rd Fl,LTCH,Respiratory,476
N,Influenza A (H1N1),Rhinovirus,,,2020-02-15,2020-02-04,82 Buttonwood Ave,West Park Healthcare Centre - 2WF,Hospital-Chronic Care,Respiratory,477
N,Norovirus-like,Adenovirus,,,2020-02-20,2020-02-04,205 Cummer Ave,Cummer Lodge - Main Fl Unit (Special Care) & 2nd Fl,LTCH,Enteric,478
N,Respiratory syncytial virus,,,,2020-02-12,2020-02-03,1 Bridgepoint Dr,Bridgepoint Active Healthcare - 4S,Hospital-Chronic Care,Respiratory,479
N,Coronavirus*,Metapneumovirus,,,2020-02-15,2020-01-31,2045 Finch Ave W,Hawthorne Place Care Centre - 1st Fl,LTCH,Respiratory,480
N,Coronavirus*,,,,2020-02-18,2020-01-31,1000 Ellesmere Rd,Fieldstone Commons Care Community,LTCH,Respiratory,481
N,Influenza A (Not subtyped),,,,2020-02-06,2020-01-31,3030 Birchmount Rd,Scarborough Health Network - Birchmount Site - 4A,Hospital-Acute Care,Respiratory,482
N,Norovirus-like,,,,2020-02-18,2020-01-30,40 Playfair Ave,Villa Colombo - 3 Fusco,LTCH,Enteric,483
N,Coronavirus*,,,,2020-02-10,2020-01-28,35 Elm Grove Ave,Elm Grove Living Centre - 2nd Fl,LTCH,Respiratory,484
N,Coronavirus*,,,,2020-02-14,2020-01-28,60 Scottfield Dr,Yee Hong Centre for Geriatric Care - 2nd Fl,LTCH,Respiratory,485
N,Influenza A (H3),,,,2020-02-05,2020-01-28,2701 St. Clair Ave E,St. Clair O'Connor Nursing Home  - 3rd Fl,LTCH,Respiratory,486
N,Respiratory syncytial virus,,,,2020-02-07,2020-01-28,2075 Bayview Ave,Sunnybrook Health Sciences Centre - K2C,LTCH,Respiratory,487
N,Unable to identify,,,,2020-02-04,2020-01-28,102 Craiglee Dr,Extendicare - Craiglee - 1st & 2nd Fl,LTCH,Enteric,488
N,Metapneumovirus,,,,2020-02-17,2020-01-27,3555 Danforth Ave - &  2 West (Topaz),"Chester Village - 4 West (Emerald), 2 East (Sapphire)",LTCH,Respiratory,489
N,Respiratory syncytial virus,,,,2020-02-05,2020-01-27,14 Cross St,Fairview Nursing Home - 1st Fl,LTCH,Respiratory,490
N,Unable to identify,,,,2020-02-15,2020-01-26,15 Barberry Pl,Amica Bayview Village,Retirement Home,Enteric,491
N,Influenza A ((H1N1)pdm09),,,,2020-02-08,2020-01-24,1800 O'Connor Dr,Fountain View Care Community - 2B Lakeside & 2A Breezeway,LTCH,Respiratory,492
N,Influenza A ((H1N1)pdm09),"Parainfluenza, Coronavirus*",,,2020-02-07,2020-01-23,1400 Kennedy Rd,Kennedy Lodge Nursing Home,LTCH,Respiratory,493
N,Influenza A ((H1N1)pdm09),,,,2020-02-06,2020-01-23,1145 Albion Rd,Westside - 3rd Fl,LTCH,Respiratory,494
N,Influenza A ((H1N1)pdm09),,,,2020-01-30,2020-01-22,1001 Queen St W -  Unit 1-5 LGUD,Centre For Addiction & Mental Health - Queen Site,Hospital-Psychiatric,Respiratory,495
N,Influenza A (H1),,,,2020-01-28,2020-01-21,30 The Queensway,St. Joseph's Health Centre - 4L,Hospital-Acute Care,Respiratory,496
N,Parainfluenza,Influenza A (H1),,,2020-01-28,2020-01-20,200 Church St - C2N,Reactivation Care Centre Church Site - Humber River Hospital,Hospital-Chronic Care,Respiratory,497
N,Influenza A ((H1N1)pdm09),,,,2020-02-04,2020-01-20,429 Walmer Rd,Cedarvale Terrace,LTCH,Respiratory,498
N,Influenza A (Not subtyped),Respiratory syncytial virus,,,2020-02-04,2020-01-19,5935 Bathurst St,Cheltenham Care Community,LTCH,Respiratory,499
N,Influenza A (Not subtyped),,,,2020-01-27,2020-01-17,101 Humber College Blvd,William Osler Health System - 10th Fl,Hospital-Acute Care,Respiratory,500
N,Metapneumovirus,"Influenza B, Coronavirus*",,,2020-02-03,2020-01-16,59 Lawson Rd,Tony Stacey Centre For Veterans Care,LTCH,Respiratory,501
N,Influenza A ((H1N1)pdm09),,,,2020-01-23,2020-01-16,200 Church St,William Osler Health System -Reactivation Care Centre-5th Fl,Hospital-Chronic Care,Respiratory,502
N,Respiratory syncytial virus,,,,2020-01-23,2020-01-16,3560 Bathurst St,Baycrest Apotex Centre - Jewish Home for the Aged - 5EI,LTCH,Respiratory,503
N,Influenza A (Not subtyped),,,,2020-01-21,2020-01-15,17 Maplewood Ave,Rose of Sharon Korean Long Term Care - 6th Fl,LTCH,Respiratory,504
N,Influenza A ((H1N1)pdm09),,,,2020-01-25,2020-01-14,66 Guildwood Ave,Extendicare Guildwood,LTCH,Respiratory,505
N,Influenza A (Not subtyped),,,,2020-01-22,2020-01-14,3560 Bathurst St,Baycrest Apotex Centre - Jewish Home for the Aged - 7RF,LTCH,Respiratory,506
N,Respiratory syncytial virus,,,,2020-01-22,2020-01-14,25 Brunswick Ave,Kensington Gardens - South Building - 3 East,LTCH,Respiratory,507
N,Metapneumovirus,,,,2020-01-22,2020-01-13,150 Dunn Ave,Lakeside Long Term Care Centre,LTCH,Respiratory,508
N,Influenza A ((H1N1)pdm09),,,,2020-01-26,2020-01-13,122 Tyndall Ave,Norwood Long Term Care,LTCH,Respiratory,509
N,Influenza A (Not subtyped),,,,2020-01-18,2020-01-13,3560 Bathurst St,Baycrest Hospital - 5 West,Hospital-Chronic Care,Respiratory,510
N,Respiratory syncytial virus,,,,2020-01-27,2020-01-13,200 Dawes Rd,True Davidson Acres,LTCH,Respiratory,511
N,Respiratory syncytial virus,,,,2020-01-31,2020-01-13,1860 Lawrence Ave E,"The Wexford - 2nd, 3rd & 7th Fl",LTCH,Respiratory,512
N,Respiratory syncytial virus,,,,2020-02-07,2020-01-13,2 Buchan Crt,North York General Hospital - Seniors' Health Centre -4th Fl,LTCH,Respiratory,513
N,Unable to identify,,,,2020-01-27,2020-01-13,52 Neilson Dr,Dom Lipa Nursing Home - 1 West,LTCH,Respiratory,514
N,Metapneumovirus,Influenza A (H1),,,2020-01-19,2020-01-10,1020 McNicoll Ave,Tendercare Living Centre - 3 East,LTCH,Respiratory,515
N,Enterovirus/Rhinovirus,,,,2020-01-15,2020-01-10,140 Sherway Dr,McCall Centre Interim LTC Unit - 2nd Fl LTC Unit,LTCH,Respiratory,516
N,Coronavirus*,,,,2020-01-18,2020-01-09,55 Belmont St,Belmont House - 2WW,LTCH,Respiratory,517
N,Influenza A (H1),,,,2020-01-17,2020-01-09,1000 Ellesmere Rd,Fieldstone Commons Care Community - 4B,LTCH,Respiratory,518
N,Influenza A (Not subtyped),,,,2020-01-14,2020-01-09,720 Mount Pleasant Rd,The Briton House Retirement Centre - 9th Fl North Tower,Retirement Home,Respiratory,519
N,Influenza A (Not subtyped),,,,2020-01-18,2020-01-09,3560 Bathurst St,Baycrest Hospital - 7 West,Hospital-Chronic Care,Respiratory,520
N,Norovirus-like,,,,2020-01-16,2020-01-09,140 Sherway Dr,McCall Centre for Continuing Care - 4th Fl East,Hospital-Chronic Care,Enteric,521
N,Unable to identify,,,,2020-01-17,2020-01-09,505 Kingston Rd,Beach Arms Retirement Residence,Retirement Home,Enteric,522
N,Metapneumovirus,Coronavirus*,,,2020-01-21,2020-01-08,92 Island Rd,Altamont Care Community,LTCH,Respiratory,523
N,Influenza A (H1N1),,,,2020-01-18,2020-01-08,1925 Steeles Ave E,Gibson Long Term Care - 3rd Fl,LTCH,Respiratory,524
N,Respiratory syncytial virus,,,,2020-01-31,2020-01-08,303 Queens Dr,Weston Gardens Retirement Residence,Retirement Home,Respiratory,525
N,Influenza A (Not subtyped),,,,2020-01-13,2020-01-07,187 Wynford Dr,Delmanor Wynford - 2nd Fl,Retirement Home,Respiratory,526
N,Influenza A (Not subtyped),,,,2020-01-13,2020-01-07,2121 Kingston Rd,Retirement Suites by the Lake,Retirement Home,Respiratory,527
N,Influenza A (Not subtyped),,,,2020-01-15,2020-01-07,340 McCowan Rd,Chartwell Trilogy Long Term Care Residence - 6th Fl,LTCH,Respiratory,528
N,Metapneumovirus,,,,2020-01-19,2020-01-07,59 Lawson Rd,Tony Stacey Centre For Veterans Care,LTCH,Respiratory,529
N,Unable to identify,,,,2020-01-23,2020-01-07,500 Kingston Rd,Atrium at Kew Beach,Retirement Home,Enteric,530
N,Respiratory syncytial virus,Rhinovirus,,,2020-01-30,2020-01-06,28 Halton St,Maynard Nursing Home,LTCH,Respiratory,531
N,Metapneumovirus,Coronavirus*,,,2020-01-16,2020-01-06,2881 Eglinton Ave E,McCowan Retirement Residence,Retirement Home,Respiratory,532
N,Influenza A ((H1N1)pdm09),,,,2020-01-15,2020-01-06,886 Sheppard Ave E,Kensington Place Retirement Residence,LTCH,Respiratory,533
N,Influenza A ((H1N1)pdm09),,,,2020-01-15,2020-01-06,17 Maplewood Ave,Rose of Sharon Korean Long Term Care - 5th Fl,LTCH,Respiratory,534
N,Influenza A ((H1N1)pdm09),,,,2020-01-18,2020-01-06,3830 Lawrence Ave E,Extendicare Scarborough,LTCH,Respiratory,535
N,Influenza A (H1N1),,,,2020-01-14,2020-01-06,1035 Eglinton Ave W,Pine Villa Transitional Care - 3rd Fl,Retirement Home,Respiratory,536
N,Influenza A (Not subtyped),,,,2020-01-20,2020-01-06,33 Christie St,The O'Neill Centre - 2nd & 4th Fl,LTCH,Respiratory,537
N,Norovirus-like,,,,2020-01-15,2020-01-06,2075 Bayview Ave,Sunnybrook Health Sciences Centre - LFSE,LTCH,Enteric,538
N,Norovirus-like,,,,2020-01-16,2020-01-06,35 Elm Grove Ave,Elm Grove Rivera Centre - 2nd Fl,LTCH,Enteric,539
N,Coronavirus*,,,,2020-01-23,2020-01-05,205 Cummer Ave,Cummer Lodge - 2 South,LTCH,Respiratory,540
N,Parainfluenza,Influenza A (Not subtyped),,,2020-01-13,2020-01-04,880 Lawrence Ave E,Greenview Lodge Senior Care Residence - 3rd Fl,Retirement Home,Respiratory,541
N,Norovirus-like,,,,2020-01-20,2020-01-04,9 Neilson Rd,Seven Oaks - 4th Fl,LTCH,Enteric,542
N,Influenza A ((H1N1)pdm09),"Metapneumovirus, Coronavirus*",,,2020-01-23,2020-01-03,130 Midland Ave,Midland Gardens Care Community,LTCH,Respiratory,543
N,Influenza A ((H1N1)pdm09),,,,2020-01-10,2020-01-03,399 Bathurst St,Toronto Western Hospital - 8B,Hospital-Acute Care,Respiratory,544
N,Influenza A ((H1N1)pdm09),,,,2020-01-15,2020-01-03,1195 Queen St E,The Heritage Nursing Home,LTCH,Respiratory,545
N,Influenza A ((H1N1)pdm09),,,,2020-01-16,2020-01-03,102 Craiglee Dr,Extendicare Craiglee - 1st Fl,LTCH,Respiratory,546
N,Respiratory syncytial virus,,,,2020-01-12,2020-01-03,520 Sutherland Dr,Toronto Rehabilitation Institute - Lyndhurst Centre - 2B,Hospital-Chronic Care,Respiratory,547
N,Influenza A ((H1N1)pdm09),,,,2020-01-19,2020-01-02,1400 Kennedy Rd,"Kennedy Lodge Nursing Home - Main, 2nd & 3rd Fl",LTCH,Respiratory,548
N,Unable to identify,,,,2020-01-09,2020-01-02,77 Main St,Main Street Terrace,LTCH,Enteric,549
N,Unable to identify,,,,2020-01-09,2020-01-02,200 Dawes Rd,True Davidson Acres - 1st Fl E & 3rd Fl W,LTCH,Respiratory,550
N,Unable to identify,,,,2020-01-11,2020-01-02,921 Millwood Rd,The Millwood,Retirement Home,Respiratory,551
N,Unable to identify,,,,2020-01-13,2020-01-02,9 Neilson Rd,Seven Oaks - 5th Fl,LTCH,Respiratory,552
N,Influenza A (Not subtyped),,,,2020-01-07,2020-01-01,30 Bond St,St. Michael's Hospital - 14CU Step-Up Unit,Hospital-Acute Care,Respiratory,553
N,,,Coronavirus,,2020-01-10,2019-12-31,2701 St Clair Ave E,St. Clair O'Connor Nursing Home - 3rd Fl,LTCH,Respiratory,1
N,,,Influenza A (H1),,2020-01-13,2019-12-30,71 Humberline Dr,Deerwood Creek Care Community,LTCH,Respiratory,2
N,,,Influenza A (Not subtyped),,2020-01-07,2019-12-30,3050 Lawrence Ave E,Scarborough Health Network - General Site - Med Unit 4C,Hospital-Acute Care,Respiratory,3
N,,,Influenza A (H1),,2020-01-12,2019-12-29,225 St George St,St.George Care Community,LTCH,Respiratory,4
N,,,Influenza A (H1),,2020-01-03,2019-12-27,1195 Queen St E,The Heritage Nursing Home - 2nd Fl,LTCH,Respiratory,5
N,,,Influenza A (Not subtyped),,2020-01-04,2019-12-27,1145 Albion Rd,Westside - 4th Fl,LTCH,Respiratory,6
N,,,Influenza A (Not subtyped),"Metapneumovirus, RSV",2020-01-14,2019-12-24,351 Christie St,Castleview Wychwood Towers,LTCH,Respiratory,7
N,,,Influenza A ((H1N1)pdm09),,2020-01-09,2019-12-24,205 Cummer Ave,Cummer Lodge - 3rd Fl South,LTCH,Respiratory,8
N,,,Rhinovirus,,2020-01-13,2019-12-24,148 Markham Rd,Scarborough Retirement Residence,Retirement Home,Respiratory,9
N,,,Metapneumovirus,,2020-01-08,2019-12-24,2075 Bayview Ave,Sunnybrook Health Sciences Centre - B4,Hospital-Acute Care,Respiratory,10
N,,,Influenza A (H1),,2020-01-09,2019-12-23,52 Neilson Dr,Dom Lipa Nursing Home,LTCH,Respiratory,11
N,,,Metapneumovirus,Influenza A (H1),2020-01-06,2019-12-23,8 The Donway E,Donway Place Retirement Home,Retirement Home,Respiratory,12
N,,,Norovirus-like,,2020-01-06,2019-12-23,555 University Ave,Hospital for Sick Children - 6A,Hospital-Acute Care,Enteric,13
N,,,Influenza A (Not subtyped),,2019-12-31,2019-12-23,45 Brunswick Ave,Kensington Gardens - North Building - 3 East,LTCH,Respiratory,14
N,,,Rhinovirus,Parainfluenza,2020-01-03,2019-12-18,92 Island Rd,Altamont Care Community,LTCH,Respiratory,15
N,,,Metapneumovirus,,2020-01-08,2019-12-18,1000 Ellesmere Rd,Fieldstone Commons Care Community,LTCH,Respiratory,16
N,,,Norovirus-like,,2020-01-07,2019-12-17,40 Old Kingston Rd,Ehatare Nursing Home - 4th Fl,LTCH,Enteric,17
N,,,Unable to identify,,2020-01-09,2019-12-17,40 Old Kingston Rd,Ehatare Retirement Home,Retirement Home,Enteric,18
N,,,Influenza A (Not subtyped),,2019-12-30,2019-12-17,345 Sherbourne St,The Rekai Centre At Sherbourne Place - 2nd & 3rd Fl,LTCH,Respiratory,19
N,,,Respiratory syncytial virus,"Parainfluenza, Metapneumovirus",2020-01-10,2019-12-16,1020 McNicoll Ave,Tendercare Living Centre,LTCH,Respiratory,20
N,,,Norovirus-like,,2019-12-30,2019-12-11,2 Buchan Crt,North York General Hospital - Seniors' Health Centre,LTCH,Enteric,21
N,,,Influenza A (Not subtyped),,2019-12-17,2019-12-10,4001 Leslie St,North York General Hospital - 6 West,Hospital-Acute Care,Respiratory,22
N,,,Unable to identify,,2019-12-17,2019-12-07,2245 Lawrence Ave W,Village of Humber Heights - Islington Neighbourhood,LTCH,Respiratory,23
N,,,Norovirus-like,,2019-12-24,2019-12-05,551 Conlins Rd,Extendicare Rouge Valley,LTCH,Enteric,24
N,,,Coronavirus,,2019-12-20,2019-12-03,2030 McNicoll Ave,Mon Sheong Scarborough Long Term Care Centre - Ground Fl,LTCH,Respiratory,25
N,,,Norovirus-like,,2019-12-09,2019-12-02,825 Coxwell Ave,Michael Garron Hospital - MCU,Hospital-Acute Care,Enteric,26
N,,,Enterovirus/Rhinovirus,,2019-12-09,2019-12-02,82 Buttonwood Ave,West Park Healthcare Centre - 3EB,Hospital-Chronic Care,Respiratory,27
N,,,Parainfluenza virus,,2019-12-08,2019-12-02,82 Buttonwood Ave,West Park Healthcare Centre - 3EC,Hospital-Chronic Care,Respiratory,28
N,,,Influenza A (Not subtyped),,2019-12-06,2019-11-30,30 Bond St,Unity Health Toronto - St Michael's Hospital - 17th Fl,Hospital-Acute Care,Respiratory,29
N,,,Influenza A (H3),,2019-12-08,2019-11-27,60 Scottfield Dr,Yee Hong Centre Scarborough Finch - 4th Fl,LTCH,Respiratory,30
N,,,Norovirus-like,,2019-12-17,2019-11-25,420 The East Mall,Eatonville Care Centre,LTCH,Enteric,31
N,,,Respiratory syncytial virus,,2019-12-09,2019-11-25,3276 St Clair Ave E - 2nd Fl East (Spruce/Chestnut),Unity Health Toronto - Houses Of Providence - 1st Fl - Maple,LTCH,Respiratory,32
N,,,Unable to identify,,2019-11-27,2019-11-22,600 University Ave,Sinai Health System - Mount Sinai Hospital - 10 North,Hospital-Acute Care,Enteric,33
N,,,Unable to identify,,2019-12-09,2019-11-21,1800 O'Connor Dr,Fountain View Care Community - 1st & 2nd Fl,LTCH,Respiratory,34
N,,,Respiratory syncytial virus,Metapneumovirus,2019-12-11,2019-11-20,1020 McNicoll Ave,Tendercare Living Centre - 2nd Fl,LTCH,Respiratory,35
N,,,Enterovirus/Rhinovirus,,2019-11-22,2019-11-14,2075 Bayview Ave,Sunnybrook Health Sciences Centre - K1W,LTCH,Respiratory,36
N,,,Norovirus-like,,2019-11-16,2019-11-12,600 University Ave,Mount Sinai Hospital - 12 South / EAU,Hospital-Acute Care,Enteric,37
N,,,(CPE) - Infection - (KPC),,2019-12-09,2019-11-11,2075 Bayview Ave,Sunnybrook Health Sciences Centre - RTBC,Hospital-Acute Care,Other,38
N,,,Norovirus-like,,2019-11-18,2019-11-10,200 Elizabeth St,University Health Network -Toronto General Hospital-Unit 8ES,Hospital-Acute Care,Enteric,39
N,,,Rhinovirus,,2019-11-19,2019-11-06,1860 Lawrence Ave E,The Wexford - 7th Fl,LTCH,Respiratory,40
N,,,(CPE) - Infection - (VIM),,2019-11-14,2019-10-24,3030 Birchmount Rd,Scarborough Health Network -Birchmount Hospital -G3A Surgery,Hospital-Acute Care,Other,41
N,,,Unable to identify,,2019-10-29,2019-10-21,550 Cummer Ave,Extendicare Bayview,LTCH,Respiratory,42
N,,,Unable to identify,,2019-10-26,2019-10-15,1001 Queen St W,Centre for Addiction and Mental Health - GAU-A,Hospital-Psychiatric,Respiratory,43
N,,,Unable to identify,,2019-10-21,2019-10-09,36 D'Arcy St,Mon Sheong Home for the Aged - 4th & 5th Fl,LTCH,Respiratory,44
N,,,Unable to identify,,2019-10-30,2019-10-09,138 Dowling Ave,White Eagle,LTCH,Respiratory,45
N,,,Unable to identify,,2019-10-16,2019-10-08,14 Cross St,Fairview Nursing Home - 1st Fl,LTCH,Respiratory,46
N,,,Unable to identify,,2019-10-21,2019-10-08,59 Lawson Rd,Tony Stacey Centre for Veterans Care,LTCH,Respiratory,47
N,,,Unable to identify,,2019-10-22,2019-10-07,92 Island Rd,Altamont Care Community,LTCH,Respiratory,48
N,,,Rhinovirus,,2019-10-22,2019-10-07,1400 Kennedy Rd,Kennedy Lodge,LTCH,Respiratory,49
N,,,Unable to identify,,2019-10-17,2019-10-03,35 Elm Grove Ave,Elm Grove Living Centre,LTCH,Respiratory,50
N,,,Unable to identify,,2019-10-16,2019-10-02,122 Tyndall Ave,Norwood Long Term Care,LTCH,Respiratory,51
N,,,Enterovirus/Rhinovirus,,2019-10-10,2019-10-01,555 University Ave,Hospital for Sick Children - 5B,Hospital-Acute Care,Respiratory,52
N,,,Unable to identify,,2019-10-09,2019-09-29,82 Buttonwood Ave,West Park Healthcare Centre - 3WF,Hospital-Chronic Care,Respiratory,53
N,,,Unable to identify,,2019-10-10,2019-09-27,551 Conlins Rd,Extendicare Rouge Valley - Clark House,LTCH,Respiratory,54
N,,,(CPE) - Unspecified (NDM),,2019-10-14,2019-09-27,3050 Lawrence Ave E,Scarborough Health Network - General Hospital - 4C,Hospital-Acute Care,Other,55
N,,,Unable to identify,,2019-10-11,2019-09-26,19 Rean Dr,Amica at Bayview Gardens,Retirement Home,Respiratory,56
N,,,Unable to identify,,2019-10-21,2019-09-26,205 Cummer Ave,Cummer Lodge - 4th Fl,LTCH,Respiratory,57
N,,,Unable to identify,,2019-10-05,2019-09-24,40 Bell Estate Rd,Ina Grafton Gage Home - 2nd Fl,LTCH,Respiratory,58
N,,,Unable to identify,,2019-10-03,2019-09-24,2701 St Clair Ave E,St. Clair O'Connor Nursing Home,LTCH,Respiratory,59
N,,,Unable to identify,,2019-10-06,2019-09-23,9 Neilson Rd,Seven Oaks - 2nd Fl,LTCH,Respiratory,60
N,,,Unable to identify,,2019-10-03,2019-09-17,303 Queens Dr,Weston Gardens Retirement Residence,Retirement Home,Respiratory,61
N,,,Unable to identify,,2019-10-01,2019-09-16,1145 Albion Rd,Westside,LTCH,Respiratory,62
N,,,Unable to identify,,2019-10-10,2019-09-14,77 Main St,Main Street Terrace,LTCH,Respiratory,63
N,,,Unable to identify,,2019-09-18,2019-09-13,10 Senlac Rd,Chartwell Lansing Retirement Residence,Retirement Home,Enteric,64
N,,,(CPE) - Colonization (KPC),,2019-10-03,2019-09-12,2075 Bayview Ave,Sunnybrook Health Sciences Centre - D6,Hospital-Acute Care,Other,65
N,,,Unable to identify,,2019-09-24,2019-09-07,880 Lawrence Ave E,Greenview Lodge,Retirement Home,Respiratory,66
N,,,Unable to identify,,2019-09-18,2019-09-07,45 Brunswick Ave,Kinsington Gardens North - 1 West,LTCH,Respiratory,67
N,,,Unable to identify,,2019-09-05,2019-08-28,2411 Lawrence Ave E,Hellenic Home - 2 A Wing,LTCH,Respiratory,68
N,,,Unable to identify,,2019-09-18,2019-08-28,2 Buchan Crt,North York General Hospital - Seniors' Health Centre -1st Fl,LTCH,Respiratory,69
N,,,Clostridium difficile,,2019-09-23,2019-08-27,825 Coxwell Ave,Michael Garron Hospital - 2nd Fl - ICU,Hospital-Acute Care,Enteric,70
N,,,Unable to identify,,2019-09-09,2019-08-26,1860 Lawrence Ave E,The Wexford - 4th Fl,LTCH,Respiratory,71
N,,,Unable to identify,,2019-09-09,2019-08-20,2 Buchan Crt,North York General Hospital - Seniors' Health Centre -2nd Fl,LTCH,Enteric,72
N,,,Clostridium difficile,,2019-10-03,2019-08-20,2075 Bayview Ave,Sunnybrook Health Sciences Centre - D6,Hospital-Acute Care,Enteric,73
N,,,Clostridium difficile,,2019-08-23,2019-08-15,200 Elizabeth St,Toronto General Hospital - 6MA,Hospital-Acute Care,Enteric,74
N,,,Parainfluenza type 3,,2019-08-22,2019-08-14,200 Church St,Sunnybrook Health Sciences Centre - RCC-Church Site-Unit A3N,Hospital-Chronic Care,Respiratory,75
N,,,Unable to identify,,2019-08-26,2019-08-12,150 Dunn Ave,Lakeside Long Term Care Centre - 1st & 2nd Fl,LTCH,Respiratory,76
N,,,Unable to identify,,2019-08-19,2019-08-07,55 Belmont St,Belmont House - 2WW,LTCH,Respiratory,77
N,,,Unable to identify,,2019-08-09,2019-07-30,59 Lawson Rd,Tony Stacey Centre for Veterans Care,LTCH,Respiratory,78
N,,,Unable to identify,,2019-08-08,2019-07-25,2233 Kipling Ave,Kipling Acres - 2nd Fl North,LTCH,Respiratory,79
N,,,Unable to identify,,2019-08-03,2019-07-24,3760 Sheppard Ave E,Shepherd Lodge - 4th Fl,LTCH,Respiratory,80
N,,,Unable to identify,,2019-07-30,2019-07-22,2920 Lawrence Ave E,Bendale Acres - 4th Fl,LTCH,Respiratory,81
N,,,Unable to identify,,2019-07-26,2019-07-18,92 Island Rd,Altamont Care Community,LTCH,Respiratory,82
N,,,Unable to identify,,2019-07-27,2019-07-18,306 Finch Ave E,Carefree Lodge - 2nd Fl,LTCH,Respiratory,83
N,,,Unable to identify,,2019-07-27,2019-07-18,1001 Queen St W,Centre for Addiction & Mental Health - Queen Site - 1-4,Hospital-Psychiatric,Respiratory,84
N,,,Unable to identify,,2019-07-25,2019-07-16,2 Buchan Crt,North York General Hospital - Seniors' Health Centre -2nd Fl,LTCH,Enteric,85
N,,,Unable to identify,,2019-07-20,2019-07-15,420 The East Mall,Eatonville Care Centre - 2nd & 3rd Fl,LTCH,Respiratory,86
N,,,Unable to identify,,2019-07-22,2019-07-12,130 Midland Ave,Midland Gardens Care Community - 2nd & 4th Fl,LTCH,Enteric,87
N,,,Unable to identify,,2019-07-23,2019-07-10,1145 Albion Rd,Westside - 2nd Fl,LTCH,Respiratory,88
N,,,Unable to identify,,2019-07-23,2019-07-09,5935 Bathurst St,Cheltenham Care Community,LTCH,Respiratory,89
N,,,Unable to identify,,2019-07-29,2019-07-09,2 Buchan Crt,North York General Hospital - Seniors' Health Centre -2nd Fl,LTCH,Respiratory,90
N,,,Unable to identify,,2019-07-25,2019-07-08,1195 Queen St E,The Heritage Nursing Home,LTCH,Respiratory,91
N,,,Enterovirus/Rhinovirus,,2019-07-15,2019-07-07,2075 Bayview Ave,Sunnybrook Health Science Centre - Unit K-3 East,LTCH,Respiratory,92
N,,,Unable to identify,,2019-07-18,2019-07-02,9 Neilson Rd,Seven Oaks - 1st & 4th Fl Unit,LTCH,Respiratory,93
N,,,Unable to identify,,2019-07-18,2019-06-28,33 Christie St,The O'Neill Centre - 4th & 5th Fl,LTCH,Respiratory,94
N,,,Unable to identify,,2019-07-13,2019-06-25,205 Cummer Ave,Cummer Lodge - 3 North (Secure Unit),LTCH,Respiratory,95
N,,,Unable to identify,,2019-07-05,2019-06-20,52 Neilson Dr,Dom Lipa Nursing Home,LTCH,Respiratory,96
N,,,Unable to identify,,2019-07-04,2019-06-19,130 Midland Ave,Midland Gardens Care Community - 4th Fl,LTCH,Enteric,97
N,,,Unable to identify,,2019-07-15,2019-06-18,3015 Lawrence Ave E,Rockcliffe Care Community,LTCH,Respiratory,98
N,,,Unable to identify,,2019-06-27,2019-06-14,1800 O'Connor Dr,Harmony Hills Care Community - Melody Lane (Main Fl),LTCH,Respiratory,99
N,,,Unable to identify,,2019-07-07,2019-06-13,420 The East Mall,Eatonville Care Centre - 4th & 5th Fl,LTCH,Respiratory,100
N,,,Unable to identify,,2019-06-17,2019-06-09,5935 Bathurst St,Cheltenham Care Community,LTCH,Respiratory,101
N,,,Unable to identify,,2019-06-14,2019-06-06,1800 O'Connor Dr,Fountain View Care Community - Woodland/Skyview (3rd Fl),LTCH,Respiratory,102
N,,,Unable to identify,,2019-06-14,2019-06-06,3015 Lawrence Ave E,Rockcliffe Care Community - 3rd Fl,LTCH,Respiratory,103
N,,,Parainfluenza type 3,,2019-06-24,2019-06-05,2005 Lawrence Ave W,Weston Terrace Care Community - MacDonald Pathway (2A),LTCH,Respiratory,104
N,,,Metapneumovirus,Parainfluenza type 1,2019-06-19,2019-06-04,1020 McNicoll Ave,Tendercare Living Centre - 3 West,LTCH,Respiratory,105
N,,,Unable to identify,,2019-06-10,2019-06-01,3760 Sheppard Ave E,Shepherd Lodge Nursing Home - 4th Fl,LTCH,Respiratory,106
N,,,Unable to identify,,2019-06-11,2019-05-31,2045 Finch Ave W,Hawthorne Place Care Centre - 1st & 2nd Fl,LTCH,Respiratory,107
N,,,Unable to identify,,2019-06-09,2019-05-28,33 Christie St,The O'Neill Centre - 3rd & 4th Fl,LTCH,Respiratory,108
N,,,Parainfluenza type 1,,2019-06-03,2019-05-27,2075 Bayview Ave,Sunnybrook Health Sciences Centre - LSSE,LTCH,Respiratory,109
N,,,Metapneumovirus,,2019-06-04,2019-05-24,2920 Lawrence Ave E,Bendale Acres - 2 East,LTCH,Respiratory,110
N,,,Unable to identify,,2019-05-31,2019-05-21,877 Yonge St,Davenhill Senior Living - 4th Fl - Secure Unit,Retirement Home,Respiratory,111
N,,,Metapneumovirus,,2019-06-02,2019-05-21,2 Buchan Crt,North York General Hospital - Seniors' Health Centre -1st Fl,LTCH,Respiratory,112
N,,,Parainfluenza virus,,2019-06-01,2019-05-18,3276 St Clair Ave E,Providence Health Care - B3 North Wing,Hospital-Chronic Care,Respiratory,113
N,,,Parainfluenza type 3,,2019-05-27,2019-05-18,2075 Bayview Ave,Sunnybrook Health Sciences Centre - K2C,LTCH,Respiratory,114
N,,,Unable to identify,,2019-06-03,2019-05-17,429 Walmer Rd,Cedarvale Terrace - 2nd & 3rd Fl,LTCH,Enteric,115
N,,,Unable to identify,,2019-05-27,2019-05-17,102 Craiglee Dr,Craiglee Nursing Home,LTCH,Respiratory,116
N,,,Metapneumovirus,,2019-05-31,2019-05-16,1020 McNicoll Ave,Tendercare Living Centre - 3rd Fl,LTCH,Respiratory,117
N,,,Unable to identify,,2019-05-25,2019-05-14,767 Royal York Rd,Ivan Franko Ukrainian Home - 1st & 2nd Fl,LTCH,Enteric,118
N,,,Influenza A (H3),,2019-05-23,2019-05-11,82 Buttonwood Ave,"West Park Healthcare Centre - 3WD, 3WE & 3WF",Hospital-Chronic Care,Respiratory,119
N,,,Unable to identify,,2019-05-15,2019-05-07,82 Buttonwood Ave,West Park Long Term Care Centre - 3rd Fl Glenwyld/Raymore,LTCH,Respiratory,120
N,,,Metapneumovirus,,2019-05-11,2019-05-03,9 Neilson Rd,Seven Oaks - 4th Fl,LTCH,Respiratory,121
N,,,Parainfluenza type 3,,2019-05-08,2019-05-02,3050 Lawrence Ave E,Scarborough Health Network - General Site - Unit 4C,Hospital-Acute Care,Respiratory,122
N,,,Unable to identify,,2019-05-07,2019-05-01,2075 Bayview Ave,Sunnybrook Health Sciences Centre - Acute Unit F2,Hospital-Acute Care,Enteric,123
N,,,Unable to identify,,2019-05-07,2019-04-26,1800 O'Connor Dr,Fountain View Care Community - 1st Fl,LTCH,Respiratory,124
N,,,Influenza A (H3),,2019-05-15,2019-04-26,2030 McNicoll Ave,Mon Sheong Scarborough Long Term Care Centre - 4th Fl,LTCH,Respiratory,125
N,,,Unable to identify,,2019-05-03,2019-04-25,351 Christie St,Castleview Wychwood Towers - 2W & 4th Fl,LTCH,Respiratory,126
N,,,Clostridium difficile,,2019-05-09,2019-04-24,30 The Queensway,St. Joseph's Health Centre - Unit 4M,Hospital-Acute Care,Enteric,127
N,,,Influenza A (Not subtyped),,2019-05-03,2019-04-23,495 The West Mall,Chartwell Westbury Long Term Care Residence - 3rd & 7th Fl,LTCH,Respiratory,128
N,,,Unable to identify,,2019-04-27,2019-04-18,82 Buttonwood Ave,West Park Healthcare Centre - 2WF,Hospital-Chronic Care,Respiratory,129
N,,,Influenza A (Not subtyped),,2019-04-30,2019-04-17,866 Sheppard Ave W,Kensington Place Retirement Residence,Retirement Home,Respiratory,130
N,,,Influenza A (H3),,2019-04-27,2019-04-16,2100 Bloor St W - 2nd & 3rd Fl - Tower A,Chartwell Grenadier Retirement Residence -,Retirement Home,Respiratory,131
N,,,Unable to identify,,2019-05-01,2019-04-16,550 Cummer Ave,Extendicare Bayview,LTCH,Respiratory,132
N,,,Influenza A (H3N2),Metapneumovirus,2019-05-03,2019-04-16,9 Neilson Rd,Seven Oaks - 4th Fl,LTCH,Respiratory,133
N,,,Unable to identify,,2019-04-21,2019-04-12,1 Kenton Dr,One Kenton Place,Retirement Home,Respiratory,134
N,,,Influenza A (H3),,2019-04-23,2019-04-12,2311 McNicoll Ave,Yee Hong Centre for Geriatric Care (McNicoll) - 2nd Fl,LTCH,Respiratory,135
N,,,Influenza A (H3),,2019-04-18,2019-04-11,211 Finch Ave W,Mackenzie Health - RCC - 4 East & 4 West,Hospital-Chronic Care,Respiratory,136
N,,,Unable to identify,,2019-04-16,2019-04-10,4005 Eglinton Ave W,Chartwell Scarlett Heights Retirement Residence,Retirement Home,Enteric,137
N,,,Influenza A (Not subtyped),,2019-04-14,2019-04-09,3560 Bathurst St,Baycrest Hospital - 3 West,Hospital-Chronic Care,Respiratory,138
N,,,Influenza A (H3N2),,2019-04-17,2019-04-06,2075 Bayview Ave,Sunnybrook Health Sciences Centre - Unit F2,Hospital-Acute Care,Respiratory,139
N,,,Enterovirus/Rhinovirus,,2019-04-12,2019-04-05,150 Kilgour Rd - BIRT Wing 3rd Fl,Holland Bloorview Kids Rehabilitation Hospital -,Hospital-Chronic Care,Respiratory,140
N,,,Influenza A (H3),"Metapneumovirus, Rhinovirus",2019-04-24,2019-04-03,60 Scottfield Dr - 6th Fl,"Yee Hong Centre for Geriatric Care (Finch) - 2nd, 5th &",LTCH,Respiratory,141
N,,,Unable to identify,,2019-04-11,2019-04-02,351 Christie St,Castleview Wychwood Towers - 2nd Fl,LTCH,Respiratory,142
N,,,Metapneumovirus,Parainfluenza type 3,2019-04-23,2019-04-02,10 William Morgan Dr,Leaside Retirement Residence - Building 10 - 3rd & 6th Fl,Retirement Home,Respiratory,143
N,,,Norovirus-like,,2019-04-16,2019-04-01,1238 Queen St E,Chartwell Avondale Retirement Residence,Retirement Home,Enteric,144
N,,,Influenza A (H3),,2019-04-13,2019-04-01,22 Norfinch Dr,Norfinch Care Community,LTCH,Respiratory,145
N,,,Respiratory syncytial virus,,2019-04-18,2019-04-01,2245 Lawrence Ave W,Village of Humber Heights Long Term Care - Weston,LTCH,Respiratory,146
N,,,Unable to identify,,2019-04-10,2019-03-29,8 The Donway E,The Donway Place,Retirement Home,Enteric,147
N,,,Unable to identify,,2019-04-06,2019-03-29,82 Buttonwood Ave,West Park Long Term Care Centre - Kingsway/ Illaali Fl,LTCH,Enteric,148
N,,,Unable to identify,,2019-04-11,2019-03-28,1955 Steeles Ave E,Chartwell Gibson Retirement Residence,Retirement Home,Respiratory,149
N,,,Influenza A (Not subtyped),,2019-04-06,2019-03-28,15 Summerland Terr,Tapestry at Village Gate West - 3rd Fl,Retirement Home,Respiratory,150
N,,,Parainfluenza type 3,,2019-04-10,2019-03-28,914 Bathurst St,Vermont Square - 3rd Fl,LTCH,Respiratory,151
N,,,Norovirus-like,,2019-04-17,2019-03-27,"1001 Queen St W -  GAU A & B, 2nd & 3rd Fl",Centre for Addiction and Mental Health - Queen Site -,Hospital-Psychiatric,Enteric,152
N,,,Metapneumovirus,,2019-04-04,2019-03-25,2075 Bayview Ave,Sunnybrook Health Sciences Centre - C4,Hospital-Acute Care,Respiratory,153
N,,,Influenza A (H3),,2019-04-08,2019-03-24,2111 Finch Ave W,Mackenzie Health - RCC - 3 East & 3 West,Hospital-Chronic Care,Respiratory,154
N,,,Norovirus-like,,2019-04-03,2019-03-24,2 Buchan Crt,North York General Hospital - Seniors' Health Centre -1st Fl,LTCH,Enteric,155
N,,,Unable to identify,,2019-04-01,2019-03-24,1860 Lawrence Ave E,The Wexford - 6th & 7th Fl,LTCH,Enteric,156
N,,,Influenza A (Not subtyped),,2019-04-12,2019-03-24,60 Richview Rd,Ukrainian Canadian Care Centre - 2nd Fl,LTCH,Respiratory,157
N,,,Unable to identify,,2019-03-29,2019-03-23,148 Markham Rd,Scarborough Retirement Residence - 2nd Fl,Retirement Home,Enteric,158
N,,,Influenza A (H3N2),,2019-03-29,2019-03-22,285 Cummer Ave,St. John's Rehabilitation Hospital - A3,Hospital-Chronic Care,Respiratory,159
N,,,Influenza A (H3),,2019-03-30,2019-03-22,33 Christie St,The O'Neill Centre - 2nd Fl,LTCH,Respiratory,160
N,,,Influenza A (H3),,2019-03-31,2019-03-21,4251 Dundas St W,Revera Kingsway Retirement Residence,Retirement Home,Respiratory,161
N,,,(CPE) - Colonization (KPC),,2019-04-02,2019-03-21,30 Bond St,St. Michael's Hospital - 14CC,Hospital-Acute Care,Other,162
N,,,Influenza A (H3),,2019-03-31,2019-03-20,60 Guildwood Pky,Extendicare Guildwood,LTCH,Respiratory,163
N,,,Respiratory syncytial virus,,2019-04-01,2019-03-20,9 Neilson Rd,Seven Oaks - 3rd Fl,LTCH,Respiratory,164
N,,,Metapneumovirus,,2019-03-29,2019-03-19,3555 Danforth Ave,Chester Village - Diamond Unit (Main Fl - Secure),LTCH,Respiratory,165
N,,,Influenza A (H1N1),,2019-03-30,2019-03-19,1860 Lawrence Ave E,The Wexford - 2nd Fl,LTCH,Respiratory,166
N,,,Unable to identify,,2019-03-25,2019-03-18,3560 Bathurst St,Baycrest Apotex Centre - A4RF,LTCH,Respiratory,167
N,,,Influenza A (H3),,2019-03-30,2019-03-18,111 Avenue Rd,Hazelton Place Retirement Residence,Retirement Home,Respiratory,168
N,,,Influenza A (Not subtyped),,2019-03-26,2019-03-18,3030 Birchmount Rd,Scarborough Health Network - Birchmount Site - G4A,Hospital-Acute Care,Respiratory,169
N,,,Influenza A ((H1N1)pdm09),,2019-03-26,2019-03-16,495 The West Mall,Chartwell Westbury Long Term Care Residence - 6th Fl,LTCH,Respiratory,170
N,,,Unable to identify,,2019-03-25,2019-03-15,19 Rean Dr,Amica at Bayview Gardens,Retirement Home,Respiratory,171
N,,,Norovirus-like,,2019-03-25,2019-03-15,825 Coxwell Ave,Michael Garron Hospital - H6,Hospital-Acute Care,Enteric,172
N,,,Norovirus-like,,2019-03-30,2019-03-15,1340 York Mills Rd,Rayoak Place,Retirement Home,Enteric,173
N,,,Influenza A (Not subtyped),,2019-03-22,2019-03-14,3560 Bathurst St,Baycrest Apotex Centre - Unit 3EI,LTCH,Respiratory,174
N,,,Metapneumovirus,,2019-03-27,2019-03-13,10 Senlac Rd,Chartwell Lansing Retirement Residence,Retirement Home,Respiratory,175
N,,,Unable to identify,,2019-03-22,2019-03-13,2339 Dufferin St,St. Hilda's Towers,Retirement Home,Enteric,176
N,,,Influenza A (H3),,2019-03-26,2019-03-12,92 Island Rd,Altamont Care Community,LTCH,Respiratory,177
N,,,Unable to identify,,2019-03-22,2019-03-12,92 Island Rd,Altamont Care Community,LTCH,Enteric,178
N,,,Norovirus-like,,2019-03-26,2019-03-12,138 Dowling Ave,Chartwell White Eagle Long Term Care Residence,LTCH,Enteric,179
N,,,Norovirus-like,,2019-03-29,2019-03-12,150 Dunn Ave,Lakeside Long Term Care Centre,LTCH,Enteric,180
N,,,Respiratory syncytial virus,,2019-03-21,2019-03-11,3555 Danforth Ave,Chester Village - Sapphire (2 East) & Amethyst(4 East) Units,LTCH,Respiratory,181
N,,,Parainfluenza type 3,,2019-03-27,2019-03-11,1800 O'Connor Dr,Fountain View Care Community - Building 2 - 2nd Fl,LTCH,Respiratory,182
N,,,Influenza A (Not subtyped),,2019-03-18,2019-03-11,30 The Queensway,St. Joseph's Health Centre - 4M,Hospital-Acute Care,Respiratory,183
N,,,Norovirus-like,,2019-04-02,2019-03-11,33 Christie St,The O'Neill Centre,LTCH,Enteric,184
N,,,Norovirus-like,,2019-03-20,2019-03-11,399 Bathurst St,Toronto Western Hospital - Unit 8B,Hospital-Acute Care,Enteric,185
N,,,Respiratory syncytial virus,,2019-03-19,2019-03-11,82 Buttonwood Ave,West Park Healthcare Centre - 2WF,Hospital-Chronic Care,Respiratory,186
N,,,Unable to identify,,2019-03-18,2019-03-08,130 Midland Ave,Midland Gardens Care Community,LTCH,Respiratory,187
N,,,Influenza A (Not subtyped),,2019-03-16,2019-03-08,30 The Queensway,St. Joseph's Health Centre - 3M,Hospital-Acute Care,Respiratory,188
N,,,Influenza A (H3),,2019-03-21,2019-03-08,1020 McNicoll Ave,Tendercare Living Centre - 3rd Fl,LTCH,Respiratory,189
N,,,Influenza A (Not subtyped),,2019-03-15,2019-03-07,1 Bridgepoint Dr,Bridgepoint Active Healthcare - 2 South,Hospital-Chronic Care,Respiratory,190
N,,,Influenza A (Not subtyped),Metapneumovirus,2019-04-04,2019-03-07,551 Conlins Rd,Extendicare Rouge Valley,LTCH,Respiratory,191
N,,,Influenza A (H3),,2019-03-27,2019-03-07,2045 Finch Ave W,Hawthorne Place Care Centre,LTCH,Respiratory,192
N,,,Metapneumovirus,,2019-03-21,2019-03-07,2233 Kipling Ave,Kipling Acres - 2nd Fl North,LTCH,Respiratory,193
N,,,Unable to identify,,2019-03-11,2019-03-06,825 Coxwell Ave,Michael Garron Hospital - H6,Hospital-Acute Care,Enteric,194
N,,,Influenza A (Not subtyped),,2019-03-14,2019-03-06,3050 Lawrence Ave E,Scarborough Health Network - General Site - Tower 7,Hospital-Acute Care,Respiratory,195
N,,,Influenza A (Not subtyped),,2019-03-13,2019-03-04,3050 Lawrence Ave E,Scarborough Health Network - General Site - CP4,Hospital-Acute Care,Respiratory,196
N,,,Unable to identify,,2019-03-13,2019-03-03,2111 Finch Ave W,Mackenzie Health - 4 East,Hospital-Chronic Care,Respiratory,197
N,,,Influenza A (H3),,2019-03-10,2019-03-02,47 Austin Terr,Hillcrest Reactivation Care Centre - 2nd & 3rd Fl,Hospital-Chronic Care,Respiratory,198
N,,,Influenza A (H3),,2019-03-10,2019-03-02,3276 St Clair Ave E,Providence Healthcare - B4 West,Hospital-Chronic Care,Respiratory,199
N,,,Influenza A (H3),,2019-03-16,2019-03-01,600 Melita Cres,Christie Gardens Apartments - 1st Fl,Retirement Home,Respiratory,200
N,,,Respiratory syncytial virus,,2019-03-11,2019-03-01,3276 St Clair Ave E,Houses of Providence - 2nd Fl West,LTCH,Respiratory,201
N,,,Unable to identify,,2019-03-11,2019-03-01,1860 Lawrence Ave E,The Wexford,LTCH,Respiratory,202
N,,,Influenza A (H3),,2019-03-19,2019-02-28,306 Finch Ave E,Carefree Lodge - Garden Level,LTCH,Respiratory,203
N,,,Influenza A (H3),,2019-03-11,2019-02-27,4005 Eglinton Ave W,Chartwell Scarlett Heights Retirement Residence - 2nd Fl,Retirement Home,Respiratory,204
N,,,Influenza A (Not subtyped),,2019-03-08,2019-02-27,2111 Finch Ave W - Southlake Regional Health Centre - 5 East,Humber River Hospital - Reactivation Care Centre,Hospital-Chronic Care,Respiratory,205
N,,,Influenza A (H3),,2019-03-09,2019-02-27,9 Neilson Rd,Seven Oaks - 3rd Fl,LTCH,Respiratory,206
N,,,Metapneumovirus,,2019-03-19,2019-02-26,2701 St Clair Ave E,St Clair O'Connor Nursing Home,LTCH,Respiratory,207
N,,,Unable to identify,,2019-03-08,2019-02-25,15 Barberry Pl,Amica at Bayview,Retirement Home,Enteric,208
N,,,Enterovirus/Rhinovirus,,2019-03-10,2019-02-25,2075 Bayview Ave,Sunnybrook Health Sciences Centre - LGSW,LTCH,Respiratory,209
N,,,Unable to identify,,2019-03-02,2019-02-22,1066 Avenue Rd,Amica on the Avenue,Retirement Home,Respiratory,210
N,,,Influenza A (Not subtyped),Respiratory syncytial virus,2019-03-03,2019-02-22,3560 Bathurst St,Baycrest Apotex Centre - 4RF,LTCH,Respiratory,211
N,,,Clostridium difficile,,2019-04-01,2019-02-22,2075 Bayview Ave,Sunnybrook Health Sciences Centre - D6,Hospital-Acute Care,Enteric,212
N,,,Respiratory syncytial virus,,2019-03-06,2019-02-22,130 Dunn Ave,Toronto Rehabilitation Institute - Bickle Centre - South 5,Hospital-Chronic Care,Respiratory,213
N,,,Influenza A (H3),,2019-03-09,2019-02-21,130 Midland Ave,Midland Gardens Care Community,LTCH,Respiratory,214
N,,,Metapneumovirus,,2019-03-09,2019-02-21,285 Cummer Ave,St. John's Rehabilitation Hospital - A3,Hospital-Chronic Care,Respiratory,215
N,,,Influenza A (H3),,2019-02-28,2019-02-20,205 Cummer Ave,Cummer Lodge - Main Fl - Special Care Unit,LTCH,Respiratory,216
N,,,Respiratory syncytial virus,,2019-03-15,2019-02-19,1800 O'Connor Dr,Fountain View Care Community - 3A & 3B,LTCH,Respiratory,217
N,,,Unable to identify,,2019-02-26,2019-02-17,55 Belmont St,Belmont House  - 4WW (Walker Wing),LTCH,Respiratory,218
N,,,Influenza A (H3),,2019-02-24,2019-02-15,3276 St Clair Ave E,Houses of Providence - 2nd Fl West,LTCH,Respiratory,219
N,,,Influenza A (H3),,2019-02-23,2019-02-15,1340 York Mills Rd,Rayoak Place Retirement Residence,Retirement Home,Respiratory,220
N,,,Influenza A ((H1N1)pdm09),,2019-02-25,2019-02-15,82 Buttonwood Ave,West Park Healthcare Centre - 3EB,Hospital-Chronic Care,Respiratory,221
N,,,Influenza A (Not subtyped),Respiratory syncytial virus,2019-02-25,2019-02-14,3560 Bathurst St,Baycrest Apotex Centre - 6RF,LTCH,Respiratory,222
N,,,Influenza A (H3N2),,2019-02-24,2019-02-14,2075 Bayview Ave,Sunnybrook Health Sciences Centre - LFSE & LFSW,LTCH,Respiratory,223
N,,,Influenza A (H3),,2019-02-20,2019-02-13,5935 Bathurst St,Cheltenham Care Community - Cedar Trail - 2nd Fl,LTCH,Respiratory,224
N,,,Influenza A (H3),,2019-02-25,2019-02-13,3276 St Clair Ave E,Houses of Providence - 3rd Fl West,LTCH,Respiratory,225
N,,,Respiratory syncytial virus,,2019-02-26,2019-02-12,200 Dawes Rd,True Davidson Acres,LTCH,Respiratory,226
N,,,Influenza A (H3),,2019-02-22,2019-02-11,795 Eglinton Ave E,Suomi Koti Nursing Home,LTCH,Respiratory,227
N,,,Respiratory syncytial virus,,2019-03-08,2019-02-10,1145 Albion Rd,Westside,LTCH,Respiratory,228
N,,,Influenza A ((H1N1)pdm09),Respiratory syncytial virus,2019-02-22,2019-02-09,3760 Sheppard Ave E,Shepherd Lodge Nursing Home,LTCH,Respiratory,229
N,,,Influenza A (Not subtyped),,2019-03-01,2019-02-08,70 Humberline Dr,Deerwood Creek Care Community,LTCH,Respiratory,230
N,,,Respiratory syncytial virus,,2019-02-25,2019-02-08,95 Humber College Blvd,Humber Valley Terrace,LTCH,Respiratory,231
N,,,Unable to identify,,2019-02-18,2019-02-07,150 Kilgour Rd,Holland Bloorview Kids Rehabilitation Hospital - 3W BERT,Hospital-Chronic Care,Enteric,232
N,,,Influenza A (H3),,2019-02-14,2019-02-06,1 Bridgepoint Dr,Bridgepoint Active Healthcare - 8 North,Hospital-Chronic Care,Respiratory,233
N,,,Influenza A (H3),,2019-02-15,2019-02-06,439 Sherbourne St,Fudger House - 3 West Unit,LTCH,Respiratory,234
N,,,Norovirus-like,,2019-02-16,2019-02-06,9 Neilson Rd,Seven Oaks - Special Care Unit - 1st Fl,LTCH,Enteric,235
N,,,Enterovirus/Rhinovirus,,2019-02-14,2019-02-06,2075 Bayview Ave,Sunnybrook Health Sciences Centre - K2W,LTCH,Respiratory,236
N,,,Respiratory syncytial virus,,2019-02-23,2019-02-06,33 Christie St,The O'Neill Centre,LTCH,Respiratory,237
N,,,Influenza A (H3),,2019-02-15,2019-02-05,3278 St Clair Ave E,Providence Healthcare - 2nd Fl East,LTCH,Respiratory,238
N,,,Influenza A (Not subtyped),,2019-02-16,2019-02-04,102 Craiglee Dr,Extendicare Craiglee,LTCH,Respiratory,239
N,,,Norovirus-like,,2019-02-14,2019-02-04,2121 Kingston Rd,Retirement Suites By The Lake,Retirement Home,Enteric,240
N,,,Norovirus-like,,2019-02-20,2019-02-04,3705 Bathurst St,Terrace Gardens,Retirement Home,Enteric,241
N,,,Influenza A (Not subtyped),Respiratory syncytial virus,2019-02-15,2019-02-03,10 William Morgan Dr,Leaside Retirement Residence - 2nd & 3rd Fls - Building 10,Retirement Home,Respiratory,242
N,,,Enterovirus/Rhinovirus,,2019-02-13,2019-02-03,2075 Bayview Ave,Sunnybrook Health Sciences Centre - LSSE,LTCH,Respiratory,243
N,,,Unable to identify,,2019-02-13,2019-02-03,2245 Lawrence Ave W,Village of Humber Heights Long Term Care - Brule,LTCH,Respiratory,244
N,,,Influenza A (H3),,2019-02-15,2019-02-03,"82 Buttonwood Ave - 2nd Fl (Hughes/Pritti), 3rd Fl (Glenwyld","West Park Long Term Care Centre - 1st Fl (Kingsway/Ilaali),",LTCH,Respiratory,245
N,,,Respiratory syncytial virus,,2019-02-11,2019-02-02,225 St George St,St. George Care Community - 1st Fl,LTCH,Respiratory,246
N,,,Unable to identify,,2019-02-05,2019-02-01,150 Kilgour Rd,Holland Bloorview Kids Rehabilitation Hospital - 3W BIRT,Hospital-Chronic Care,Enteric,247
N,,,Unable to identify,,2019-02-12,2019-02-01,155 Millwood Rd,Isabel & Arthur Meighen Manor - Davis & Coombs Units,LTCH,Enteric,248
N,,,Norovirus-like,,2019-02-11,2019-01-31,495 The West Mall,Chartwell Westbury Long Term Care Residence,LTCH,Enteric,249
N,,,Influenza A (H3),Respiratory syncytial virus,2019-02-08,2019-01-31,1800 O'Connor Dr,Harmony Hills Care Community - 2B,LTCH,Respiratory,250
N,,,Influenza A (H3),,2019-02-08,2019-01-31,200 Elizabeth St,Toronto General Hospital - 7 A & B,Hospital-Acute Care,Respiratory,251
N,,,Respiratory syncytial virus,,2019-02-05,2019-01-29,1000 Ellesmere Rd,Fieldstone Commons Care Community - 2B Unit,LTCH,Respiratory,252
N,,,Influenza A (Not subtyped),,2019-02-04,2019-01-28,1001 Queen St W,Centre for Addiction and Mental Health - Queen Site-Unit 1-4,Hospital-Psychiatric,Respiratory,253
N,,,Unable to identify,,2019-02-06,2019-01-28,4005 Eglinton Ave W,Chartwell Scarlett Heights Retirement Residence - 2nd Fl,Retirement Home,Enteric,254
N,,,Respiratory syncytial virus,,2019-02-08,2019-01-28,3555 Danforth Ave,Chester Village - 3W Ruby Unit,LTCH,Respiratory,255
N,,,Respiratory syncytial virus,,2019-02-07,2019-01-28,5 Resurrection Rd,Labdara Lithuanian Nursing Home - 3rd Fl,LTCH,Respiratory,256
N,,,Unable to identify,,2019-02-11,2019-01-27,1020 McNicoll Ave,Tendercare Living Centre,LTCH,Respiratory,257
N,,,Respiratory syncytial virus,Parainfluenza type 2,2019-02-04,2019-01-26,9 Neilson Rd,Seven Oaks - 5th Fl,LTCH,Respiratory,258
N,,,Respiratory syncytial virus,,2019-02-14,2019-01-25,1800 O'Connor Dr,Fountain View Care Community,LTCH,Respiratory,259
N,,,Unable to identify,,2019-02-06,2019-01-25,130 Midland Ave,Midland Gardens Care Community - 5th Fl,LTCH,Enteric,260
N,,,Influenza A (H3),,2019-02-01,2019-01-24,111 Avenue Rd,Hazelton Place - 2nd Fl,Retirement Home,Respiratory,261
N,,,Influenza A (Not subtyped),,2019-02-02,2019-01-24,140 Sherway Dr,McCall Centre for Continuing Care - 3rd Fl,Hospital-Chronic Care,Respiratory,262
N,,,Influenza A (H1N1),,2019-01-31,2019-01-24,3276 St Clair Ave E,Providence Healthcare - A4,Hospital-Chronic Care,Respiratory,263
N,,,Influenza A (H3),,2019-02-01,2019-01-24,625 Runnymede Rd,Runnymede Healthcare Centre - 2nd Fl,Hospital-Chronic Care,Respiratory,264
N,,,Influenza A (H3),Enterovirus/Rhinovirus,2019-02-07,2019-01-23,3015 Lawrence Ave E,Rockcliffe Care Community,LTCH,Respiratory,265
N,,,Respiratory syncytial virus,,2019-02-03,2019-01-23,2245 Lawrence Ave W,Village of Humber Heights Retirement Residence - Egerton,Retirement Home,Respiratory,266
N,,,Respiratory syncytial virus,,2019-02-06,2019-01-22,92 Island Rd,Altamont Care Community,LTCH,Respiratory,267
N,,,Respiratory syncytial virus,,2019-02-08,2019-01-22,82 Buttonwood Ave,West Park Healthcare Centre - 3WF,Hospital-Chronic Care,Respiratory,268
N,,,Metapneumovirus,,2019-02-04,2019-01-21,439 Sherbourne St,Fudger House - 1 & 2 East Unit,LTCH,Respiratory,269
N,,,Norovirus-like,,2019-01-28,2019-01-21,825 Coxwell Ave,Michael Garron Hospital - J5,Hospital-Acute Care,Enteric,270
N,,,Influenza A (Not subtyped),,2019-02-04,2019-01-18,60 Richview Rd,Ukrainian Canadian Care Centre,LTCH,Respiratory,271
N,,,Parainfluenza type 2,,2019-01-28,2019-01-17,500 Kingston Rd,Atrium at Kew Beach,Retirement Home,Respiratory,272
N,,,Influenza A (H3),,2019-01-27,2019-01-16,1860 Lawrence Ave E,The Wexford - 6th Fl,LTCH,Respiratory,273
N,,,Respiratory syncytial virus,,2019-01-25,2019-01-16,399 Bathurst St,Toronto Western Hospital - 8B,Hospital-Acute Care,Respiratory,274
N,,,Influenza A (H3),,2019-01-29,2019-01-15,3555 Danforth Ave,Chester Village,LTCH,Respiratory,275
N,,,Influenza A ((H1N1)pdm09),,2019-01-25,2019-01-15,35 Elm Grove Rd,Elm Grove Living Centre,LTCH,Respiratory,276
N,,,Respiratory syncytial virus,,2019-02-01,2019-01-14,1925 Steeles Ave E,Chartwell Gibson Long Term Care Residence,LTCH,Respiratory,277
N,,,Respiratory syncytial virus,,2019-01-28,2019-01-14,3760 Sheppard Ave,Shepherd Lodge - 3rd & 4th Fl,LTCH,Respiratory,278
N,,,Influenza A ((H1N1)pdm09),,2019-01-29,2019-01-14,4 Teddington Park Ave,The Teddington,Retirement Home,Respiratory,279
N,,,Respiratory syncytial virus,,2019-01-24,2019-01-14,82 Buttonwood Ave,West Park Long Term Care Centre - 1st Fl Kingsway & Ilaali,LTCH,Respiratory,280
N,,,Influenza A (H3),,2019-01-26,2019-01-13,25 Brunswick Ave,Kensington Gardens - South Building - 4 West,LTCH,Respiratory,281
N,,,Influenza A (H1N1),Respiratory syncytial virus,2019-02-01,2019-01-12,429 Walmer Rd,Cedarvale Terrace,LTCH,Respiratory,282
N,,,Influenza A (H3),,2019-01-23,2019-01-11,14 William Morgan Dr,Leaside Retirement Residence,Retirement Home,Respiratory,283
N,,,Respiratory syncytial virus,,2019-01-25,2019-01-11,3276 St Clair Ave E,Providence Healthcare - Palliative Care,Hospital-Chronic Care,Respiratory,284
N,,,Influenza A (Not subtyped),,2019-01-19,2019-01-11,30 The Queensway,St. Joseph's Health Centre - 7M,Hospital-Acute Care,Respiratory,285
N,,,Influenza A ((H1N1)pdm09),,2019-01-21,2019-01-10,2920 Lawrence Ave E,Bendale Acres - 4th Fl,LTCH,Respiratory,286
N,,,Influenza A ((H1N1)pdm09),,2019-01-28,2019-01-10,66 Roncesvalles Ave,Copernicus Lodge - 2nd & 4th Fl,LTCH,Respiratory,287
N,,,Unable to identify,,2019-01-23,2019-01-10,14 Cross St,Fairview Nursing Home - 2nd Fl,LTCH,Respiratory,288
N,,,Influenza A (H3),,2019-01-23,2019-01-10,40 Bell Estate Rd,Ina Grafton Gage Home - 1st & 3rd Fl,LTCH,Respiratory,289
N,,,Respiratory syncytial virus,,2019-01-21,2019-01-09,70 Humberline Dr,Deerwood Creek Care Community - 3A,LTCH,Respiratory,290
N,,,Influenza A ((H1N1)pdm09),Respiratory syncytial virus,2019-01-29,2019-01-09,1000 Ellesmere Rd,Fieldstone Commons Care Community,LTCH,Respiratory,291
N,,,Enterovirus/Rhinovirus,,2019-01-22,2019-01-09,2075 Bayview Ave,Sunnybrook Health Sciences Centre - LFSW,LTCH,Respiratory,292
N,,,Influenza A ((H1N1)pdm09),,2019-01-23,2019-01-09,"130 Dunn Ave - South 3, 4 & 5",Toronto Rehab Institute - Bickle Centre - North 3 -,Hospital-Chronic Care,Respiratory,293
N,,,Influenza A (Not subtyped),,2019-01-18,2019-01-09,1145 Albion Rd,Westside - 4th Fl,LTCH,Respiratory,294
N,,,Respiratory syncytial virus,,2019-01-17,2019-01-08,2045 Finch Ave W,Hawthorne Place Care Centre - 2nd Fl South,LTCH,Respiratory,295
N,,,Influenza A (Not subtyped),,2019-01-16,2019-01-08,30 The Queensway,St. Joseph's Health Centre - 2LM,Hospital-Acute Care,Respiratory,296
N,,,Influenza A (H3N2),,2019-01-18,2019-01-07,10 William Morgan Dr,Leaside Retirement Residence,Retirement Home,Respiratory,297
N,,,Respiratory syncytial virus,,2019-01-31,2019-01-07,77 Main St,Main Street Terrace,LTCH,Respiratory,298
N,,,Influenza A (Not subtyped),,2019-01-14,2019-01-07,28 Halton St,Maynard Nursing Home - 2nd Fl,LTCH,Respiratory,299
N,,,Influenza A ((H1N1)pdm09),,2019-01-16,2019-01-07,30 The Queensway,St. Joseph's Health Centre - 4M,Hospital-Acute Care,Respiratory,300
N,,,Unable to identify,,2019-01-16,2019-01-07,1020 McNicoll Ave,Tendercare Living Centre - 3rd Fl West,LTCH,Respiratory,301
N,,,Influenza A (Not subtyped),,2019-01-16,2019-01-06,3030 Birchmount Rd,Scarborough Health Network - Birchmount Site - 4A,Hospital-Acute Care,Respiratory,302
N,,,Influenza A (H3),,2019-01-09,2019-01-05,3560 Bathurst St,Baycrest Apotex Centre - 2GS,LTCH,Respiratory,303
N,,,Influenza A (H3),,2019-01-14,2019-01-04,306 Finch Ave E,Carefree Lodge - Main Fl,LTCH,Respiratory,304
N,,,Respiratory syncytial virus,,2019-01-22,2019-01-04,550 Cummer Ave,Extendicare Bayview,LTCH,Respiratory,305
N,,,Norovirus-like,,2019-01-10,2019-01-04,2233 Kipling Ave,Kipling Acres - 1st Floor South Building,LTCH,Enteric,306
N,,,Norovirus-like,,2019-01-10,2019-01-04,495 The West Mall,Westbury Long Term Care Residence - 5th & 6th Fl,LTCH,Enteric,307
N,,,Unable to identify,,2019-01-12,2019-01-03,1001 Queen St W,Centre for Addiction and Mental Health - Queen Site - 4-5,Hospital-Psychiatric,Respiratory,308
N,,,Influenza A ((H1N1)pdm09),"Parainfluenza type 3, RSV",2019-01-30,2019-01-03,551 Conlins Rd,Extendicare Rouge Valley,LTCH,Respiratory,309
N,,,Unable to identify,,2019-01-14,2019-01-03,2100 Bloor St W,Grenadier Retirement Residence - 2nd & 3rd Fl,Retirement Home,Enteric,310
N,,,Influenza A (Not subtyped),Respiratory syncytial virus,2019-01-25,2019-01-03,130 Midland Ave,Midland Gardens Care Community,LTCH,Respiratory,311
N,,,Influenza A ((H1N1)pdm09),,2019-01-10,2019-01-03,82 Buttonwood Ave,West Park Long Term Care Centre - 3rd Fl Glenwyld/Raymore,LTCH,Respiratory,312
N,,,Influenza A (Not subtyped),Respiratory syncytial virus,2019-01-18,2019-01-02,351 Christie St,"Castleview Wychwood Towers - 2 West, 4th & 6th Fl",LTCH,Respiratory,313
N,,,Influenza A (Not subtyped),,2019-01-08,2019-01-02,3197 Lakeshore Blvd,Lakeshore Lodge - 4th Fl,LTCH,Respiratory,314
N,,,Respiratory syncytial virus,,2019-01-16,2019-01-02,3015 Lawrence Ave E,Rockcliffe Care Community,LTCH,Respiratory,315
N,,,Respiratory syncytial virus,,2019-01-16,2019-01-02,1860 Lawrence Ave E,The Wexford,LTCH,Respiratory,316
N,,,Norovirus-like,,2019-01-31,2019-01-02,400 The West Mall,Wesburn Manor,LTCH,Enteric,317
N,,,Influenza A (Not subtyped),,2019-01-25,2018-12-31,420 The East Mall,Eatonville Care Centre,LTCH,Respiratory,1
N,,,Respiratory syncytial virus,,2019-01-08,2018-12-31,610 Universtiy Ave,Princess Margaret Hospital - 15B,Hospital-Acute Care,Respiratory,2
N,,,Unable to identify,,2019-01-12,2018-12-29,40 Playfair Ave,Villa Colombo - 4th Fl Fusco,LTCH,Enteric,3
N,,,Norovirus-like,,2019-01-16,2018-12-28,2411 Lawrence Ave E,Hellenic Home  (Scarborough) - 2A & 3A,LTCH,Enteric,4
N,,,Unable to identify,,2019-01-08,2018-12-28,47 Austin Terr,Hillcrest Reactivation Centre - 2nd Fl,Hospital-Chronic Care,Respiratory,5
N,,,Respiratory syncytial virus,,2019-01-23,2018-12-27,36 D'Arcy St,Mon Sheong Home for the Aged - 4th & 5th Fl,LTCH,Respiratory,6
N,,,Unable to identify,,2019-01-03,2018-12-27,5 Resurrection Rd,Labdara Lithuanian Nursing Home - 2nd Fl,LTCH,Enteric,7
N,,,Influenza A (Not subtyped),,2018-12-30,2018-12-24,3050 Lawrence Ave E,Scarborough Health Network - General Hospital - CP4,Hospital-Acute Care,Respiratory,8
N,,,Unable to identify,,2019-01-04,2018-12-23,55 Belmont St,Belmont House - 3WW,LTCH,Respiratory,9
N,,,Influenza A (Not subtyped),,2019-01-07,2018-12-22,345 Sherbourne St,The Rekai Centre at Sherbourne Place,LTCH,Respiratory,10
N,,,Norovirus-like,,2018-12-30,2018-12-21,5935 Bathurst St,Cheltenham Care Community,LTCH,Enteric,11
N,,,Influenza A (Not subtyped),,2018-12-30,2018-12-21,3276 St Clair Ave E,Providence Healthcare - B5 West,Hospital-Chronic Care,Respiratory,12
N,,,Norovirus-like,,2018-12-23,2018-12-19,555 University Ave,Hospital for Sick Children - 6A,Hospital-Acute Care,Enteric,13
N,,,Unable to identify,,2018-12-30,2018-12-18,3276 St Clair Ave E,Providence Healthcare - Houses of Providence - 2nd Fl East,LTCH,Respiratory,14
N,,,Respiratory syncytial virus,,2019-01-12,2018-12-17,1800 O'Connor Dr,Harmony Hills Care Community,LTCH,Respiratory,15
N,,,Influenza A (Not subtyped),,2018-12-31,2018-12-17,399 Bathurst St,Toronto Western Hospital - 8B,Hospital-Acute Care,Respiratory,16
N,,,Respiratory syncytial virus,,2018-12-31,2018-12-17,1340 York Mills Rd,Rayoak Place,Retirement Home,Respiratory,17
N,,,Unable to identify,,2018-12-31,2018-12-15,1145 Albion Rd,Westside,LTCH,Respiratory,18
N,,,Influenza A (Not subtyped),,2018-12-23,2018-12-15,610 University Ave,Princess Margaret Hospital - 15A,Hospital-Acute Care,Respiratory,19
N,,,Influenza A (Not subtyped),,2018-12-20,2018-12-13,101 Humber College Blvd,William Osler Health Centre - 7 West,Hospital-Acute Care,Respiratory,20
N,,,Norovirus-like,,2019-01-02,2018-12-13,30 The Queensway,St. Joseph's Health Centre - 6G,Hospital-Acute Care,Enteric,21
N,,,Norovirus-like,,2019-01-02,2018-12-12,2245 Lawrence Ave W,Village of Humber Heights Long Term Care,LTCH,Enteric,22
N,,,Enterovirus/Rhinovirus,Coronavirus,2018-12-21,2018-12-10,150 Kilgour Rd,Holland Bloorview Kids Rehabilitation Hospital - BIRT,Hospital-Chronic Care,Respiratory,23
N,,,Influenza A (H1N1),,2018-12-19,2018-12-10,3276 St Clair Ave E,Providence Healthcare - B4 Rehab,Hospital-Chronic Care,Respiratory,24
N,,,Norovirus-like,,2019-01-03,2018-12-10,2245 Lawrence Ave W,Village of Humber Heights Retirement Residence,Retirement Home,Enteric,25
N,,,CPE - Colonization,CPE - Infection,2018-12-15,2018-12-10,30 Bond St,St. Michael's Hospital  - 7 CN,Hospital-Acute Care,Other,26
N,,,Influenza A (Not subtyped),,2018-12-16,2018-12-08,101 Humber College Blvd,William Osler Health Centre - 7 East Cardiology Unit,Hospital-Acute Care,Respiratory,27
N,,,Unable to identify,,2018-12-20,2018-12-06,33 Christie St,The O'Neill Centre - 2nd & 4th Fl,LTCH,Respiratory,28
N,,,Unable to identify,,2018-12-12,2018-12-03,95 Humber College Blvd,Humber Valley Terrace - 2nd Fl,LTCH,Respiratory,29
N,,,Clostridium difficile (Toxin A & B),,2019-04-12,2018-11-29,30 The Queensway,St. Joseph's Health Centre,Hospital-Acute Care,Enteric,30
N,,,Parainfluenza type 3,,2018-12-14,2018-11-29,123 Spadina Rd,The Annex Retirement Residence,Retirement Home,Respiratory,31
N,,,Respiratory syncytial virus,,2019-01-07,2018-11-29,70 Humberline Dr,Deerwood Creek Care Community,LTCH,Respiratory,32
N,,,Norovirus-like,,2018-12-10,2018-11-28,215 Tyrrel Ave,Hellenic Care for Seniors,LTCH,Enteric,33
N,,,Unable to identify,,2018-12-08,2018-11-27,66 Roncesvalles Ave,Copernicus Lodge,LTCH,Enteric,34
N,,,Metapneumovirus,,2018-12-14,2018-11-26,205 Cummer Ave,Cummer Lodge - 2 North,LTCH,Respiratory,35
N,,,Unable to identify,,2018-12-04,2018-11-26,439 Sherbourne St,Fudger House - 2 East,LTCH,Respiratory,36
N,,,Norovirus-like,,2019-01-02,2018-11-26,429 Walmer Rd,Cedarvale Terrace,LTCH,Enteric,37
N,,,Unable to identify,,2018-12-08,2018-11-26,82 Buttonwood Ave,West Park Healthcare Centre - 3WF,Hospital-Chronic Care,Respiratory,38
N,,,Influenza A (H1N1),,2018-11-28,2018-11-18,285 Cummer Ave,St. John's Rehabilitation Hospital - A2,Hospital-Chronic Care,Respiratory,39
N,,,Unable to identify,,2018-11-29,2018-11-14,551 Conlins Rd,Extendicare Rouge Valley - Morrish House,LTCH,Respiratory,40
N,,,Influenza A (H3),,2018-11-24,2018-11-13,52 Neilson Dr,"Dom Lipa Nursing Home - K-Wing, Retirement & 2 West",LTCH,Respiratory,41
N,,,Unable to identify,,2018-11-19,2018-11-09,400 The West Mall,Wesburn Manor - 2N,LTCH,Respiratory,42
N,,,Unable to identify,,2018-11-29,2018-11-08,5935 Bathurst St,Cheltenham Care Community,LTCH,Respiratory,43
N,,,Influenza A (H3),,2018-11-15,2018-11-05,2881 Eglinton Ave E,McCowan Retirement Residence - 6th Fl,Retirement Home,Respiratory,44
N,,,Unable to identify,,2018-11-20,2018-11-05,1955 Steeles Ave E,Chartwell Gibson Retirement Residence,Retirement Home,Respiratory,45
N,,,Respiratory syncytial virus,,2018-11-14,2018-10-31,45 Brunswick Ave,Kensington Gardens - North Building - 2 West,LTCH,Respiratory,46
N,,,Unable to identify,,2018-11-16,2018-10-29,3560 Bathurst St,Baycrest Apotex Centre - Jewish Home for the Aged - 4RF,LTCH,Respiratory,47
N,,,Unable to identify,,2018-11-09,2018-10-29,19 Rean Dr,Amica at Bayview Gardens,Retirement Home,Respiratory,48
N,,,Unable to identify,,2018-11-07,2018-10-26,10 William Morgan Dr,Leaside Retirement Residence - 2nd Fl (Secure Unit) & 7th Fl,Retirement Home,Respiratory,49
N,,,CPE - Colonization,,2018-11-11,2018-10-26,3050 Lawrence Ave E,Scarborough and Rouge Hospital - General Site - CP4,Hospital-Acute Care,Other,50
N,,,Enterovirus/Rhinovirus,,2018-11-04,2018-10-26,150 Kilgour Rd,Holland Bloorview Kids Rehabilitation Institute - 3W - BIRT,Hospital-Chronic Care,Respiratory,51
N,,,Unable to identify,,2018-11-06,2018-10-24,102 Craiglee Dr,Extendicare Craiglee Nursing Home,LTCH,Respiratory,52
N,,,Unable to identify,,2018-11-02,2018-10-24,9 Neilson Rd,Seven Oaks - 4th Fl,LTCH,Respiratory,53
N,,,Unable to identify,,2018-12-03,2018-10-22,3015 Lawrence Ave E,Rockcliffe Care Community,LTCH,Respiratory,54
N,,,Unable to identify,,2018-10-29,2018-10-19,19 Rean Dr,Amica at Bayview Gardens - 2nd & 4th Fl,Retirement Home,Respiratory,55
N,,,Influenza A (H3),,2018-11-04,2018-10-18,77 Main St,Main Street Terrace,LTCH,Respiratory,56
N,,,Unable to identify,,2018-10-24,2018-10-15,3830 Lawrence Ave E,Extendicare Scarborough,LTCH,Respiratory,57
N,,,Unable to identify,,2018-10-26,2018-10-11,205 Cummer Ave,Cummer Lodge - Special Care Unit - 1st Fl,LTCH,Respiratory,58
N,,,Unable to identify,,2018-10-19,2018-10-11,825 Coxwell Ave,Michael Garron Hospital - J5,Hospital-Acute Care,Respiratory,59
N,,,Unable to identify,,2018-10-10,2018-10-03,2920 Lawrence Ave E,Bendale Acres - 3rd Fl,LTCH,Respiratory,60
N,,,Unable to identify,,2018-10-08,2018-10-02,54 Foxbar Rd,Bradgate Arms,Retirement Home,Respiratory,61
N,,,Parainfluenza type 3,,2018-10-22,2018-10-02,9 Neilson Rd,Seven Oaks,LTCH,Respiratory,62
N,,,Unable to identify,,2018-10-15,2018-10-02,1195 Queen St E,The Heritage Nursing Home,LTCH,Respiratory,63
N,,,Coronavirus,,2018-10-09,2018-09-27,2075 Bayview Ave,Sunnybrook Health Sciences Centre - K2E,LTCH,Respiratory,64
N,,,Unable to identify,,2018-10-10,2018-09-26,303 Queens Dr,Weston Gardens Retirement Residence,Retirement Home,Respiratory,65
N,,,Unable to identify,,2018-10-23,2018-09-26,130 Midland Ave,Midland Gardens Care Community,LTCH,Respiratory,66
N,,,Unable to identify,,2018-10-04,2018-09-24,351 Christie St,Castleview Wychwood Towers - 4th Fl,LTCH,Respiratory,67
N,,,Unable to identify,,2018-10-09,2018-09-24,1925 Steeles Ave E,Chartwell Gibson Long Term Care - 1st & 4th Fl,LTCH,Respiratory,68
N,,,Unable to identify,,2018-10-03,2018-09-23,2245 Lawrence Ave W,"The Village of Humber Heights - Islington, Brule & Lambton",LTCH,Respiratory,69
N,,,Unable to identify,,2018-10-09,2018-09-21,5935 Bathurst St,Cheltenham Care Community,LTCH,Respiratory,70
N,,,Unable to identify,,2018-09-29,2018-09-21,9 Neilson Rd,Seven Oaks - 3rd Fl,LTCH,Respiratory,71
N,,,Unable to identify,,2018-10-05,2018-09-20,3760 Sheppard Ave E,Shepherd Lodge - 2nd & 3rd Fl,LTCH,Respiratory,72
N,,,Unable to identify,,2018-10-05,2018-09-20,439 Sherbourne St,Fudger House - 2 & 3 East,LTCH,Respiratory,73
N,,,Parainfluenza type 3,,2018-09-24,2018-09-14,92 Island Rd,Altamont Care Community,LTCH,Respiratory,74
N,,,Unable to identify,,2018-09-21,2018-09-12,22 Norfinch Dr,Norfinch Care Community - 3A,LTCH,Respiratory,75
N,,,Unable to identify,,2018-09-25,2018-09-12,14 Cross St,Fairview Nursing Home - Dundas & Queen,LTCH,Respiratory,76
N,,,Unable to identify,,2018-09-25,2018-09-11,3015 Lawrence Ave E,Rockcliffe Care Community,LTCH,Respiratory,77
N,,,Unable to identify,,2018-09-18,2018-09-07,450 Rustic Rd,North Park Nursing Home,LTCH,Respiratory,78
N,,,Unable to identify,,2018-09-24,2018-09-06,1 Northwestern Ave,Harold and Grace Baker Centre - A Wing & C Wing,LTCH,Respiratory,79
N,,,Unable to identify,,2018-09-10,2018-09-05,250 College St,Centre for Addiction and Mental Health - College Site -GPU-B,Hospital-Psychiatric,Respiratory,80
N,,,Unable to identify,,2018-09-14,2018-09-02,8 The Donway E,The Donway Place,Retirement Home,Enteric,81
N,,,Unable to identify,,2018-09-06,2018-08-31,40 Bell Estate Rd,Ina Grafton Gage Home - 2nd Fl,LTCH,Enteric,82
N,,,Unable to identify,,2018-09-10,2018-08-31,1020 McNicoll Ave,Tendercare Living Centre - 3rd Fl,LTCH,Respiratory,83
N,,,Enterovirus/Rhinovirus,,2018-09-18,2018-08-30,285 Cummer Ave,St. John's Rehabilitation Hospital - A Lower Level,Hospital-Chronic Care,Respiratory,84
N,,,Unable to identify,,2018-09-29,2018-08-28,60 Guildwood Pky,Extendicare Guildwood,LTCH,Respiratory,85
N,,,Enterovirus/Rhinovirus,,2018-09-04,2018-08-24,555 University Ave,Hospital for Sick Children - 5B,Hospital-Acute Care,Respiratory,86
N,,,Unable to identify,,2018-08-27,2018-08-13,2233 Kipling Ave,Kipling Acres - 3N,LTCH,Respiratory,87
N,,,CPE - Colonization,,2018-08-15,2018-08-13,2075 Bayview Ave,Sunnybrook Health Sciences Centre - CRCU,Hospital-Acute Care,Other,88
N,,,Unable to identify,,2018-08-22,2018-08-03,130 Midland Ave,Midland Gardens Care Community - 3rd & 5th Fl,LTCH,Respiratory,89
N,,,Unable to identify,,2018-08-21,2018-08-03,33 Christie St,The O'Neill Centre,LTCH,Respiratory,90
N,,,Parainfluenza type 3,,2018-08-21,2018-08-02,1020 McNicoll Ave,Tendercare Living Centre,LTCH,Respiratory,91
N,,,Unable to identify,,2018-08-20,2018-07-31,2 Buchan Crt,North York Seniors' Health Centre,LTCH,Respiratory,92
N,,,Unable to identify,,2018-08-20,2018-07-30,70 Humberline Dr,Deerwood Creek Care Community,LTCH,Respiratory,93
N,,,Unable to identify,,2018-08-14,2018-07-27,60 Guildwood Pky,Extendicare Guildwood,LTCH,Respiratory,94
N,,,Unable to identify,,2018-08-22,2018-07-27,3015 Lawrence Ave E,Rockcliffe Care Community,LTCH,Respiratory,95
N,,,Unable to identify,,2018-08-08,2018-07-26,200 Dawes Rd,True Davidson Acres - 4 East Unit & 4 West Unit,LTCH,Respiratory,96
N,,,Enterovirus/Rhinovirus,,2018-08-01,2018-07-23,2075 Bayview Ave,Sunnybrook Health Sciences Centre - LTSW,LTCH,Respiratory,97
N,,,Unable to identify,,2018-08-01,2018-07-17,55 Belmont St,Belmont House - 2WW,LTCH,Respiratory,98
N,,,Unable to identify,,2018-08-10,2018-07-13,1145 Albion Rd,Westside,LTCH,Respiratory,99
N,,,Unable to identify,,2018-07-22,2018-07-12,1001 Queen St W,Centre for Addiction and Mental Health - Queen Site-Unit 1-2,Hospital-Psychiatric,Respiratory,100
N,,,Unable to identify,,2018-07-20,2018-07-11,3830 Lawrence Ave E,Extendicare Scarborough,LTCH,Respiratory,101
N,,,Unable to identify,,2018-07-26,2018-07-09,429 Walmer Rd,Cedarvale Terrace - 2nd & 4th Fl,LTCH,Respiratory,102
N,,,Unable to identify,,2018-07-19,2018-07-03,1 Northwestern Ave,Harold and Grace Baker Centre - A Wing,LTCH,Respiratory,103
N,,,Enterovirus/Rhinovirus,,2018-07-19,2018-06-29,2075 Bayview Ave,Sunnybrook Health Sciences Centre - LFSW,LTCH,Respiratory,104
N,,,Unable to identify,,2018-07-03,2018-06-22,420 The East Mall,Eatonville Care Centre - 2nd & 3rd Fl,LTCH,Enteric,105
N,,,Parainfluenza type 3,,2018-07-01,2018-06-19,5935 Bathurst St,Cheltenham Care Community,LTCH,Respiratory,106
N,,,Unable to identify,,2018-07-14,2018-06-19,1020 McNicoll Ave,Tendercare Living Centre - 3rd Fl,LTCH,Respiratory,107
N,,,Unable to identify,,2018-06-25,2018-06-14,60 Scottfield Dr,Yee Hong Centre - Scarborough Finch - 2nd Fl,LTCH,Respiratory,108
N,,,Enterovirus/Rhinovirus,,2018-06-23,2018-06-13,285 Cummer Ave,St. John's Rehabilitation Hospital - A3,Hospital-Chronic Care,Respiratory,109
N,,,Enterovirus/Rhinovirus,,2018-06-22,2018-06-12,2075 Bayview Ave,Sunnybrook Health Sciences Centre - LGSE,LTCH,Respiratory,110
N,,,Parainfluenza type 3,,2018-06-17,2018-06-07,1860 Lawrence Ave E,The Wexford - 6th Fl,LTCH,Respiratory,111
N,,,Parainfluenza type 3,,2018-06-11,2018-05-25,60 Scottfield Dr,Yee Hong Centre - Scarborough Finch - 6th Fl,LTCH,Respiratory,112
N,,,Influenza A (H3),,2018-06-01,2018-05-23,225 St George St,St. George Care Community - 2nd Fl,LTCH,Respiratory,113
N,,,Unable to identify,,2018-06-20,2018-05-23,33 Christie St,The O'Neill Centre,LTCH,Respiratory,114
N,,,"Influenza A (H3), Parainfluenza type 2",Respiratory syncytial virus,2018-06-06,2018-05-22,1 Overland Dr,Better Living at Thompson House,LTCH,Respiratory,115
N,,,Norovirus-like,,2018-06-04,2018-05-22,740 Pape Ave,Nisbet Lodge,LTCH,Enteric,116
N,,,Norovirus-like,,2018-05-22,2018-05-15,825 Coxwell Ave,Michael Garron Hospital - F3,Hospital-Acute Care,Enteric,117
N,,,Unable to identify,,2018-05-22,2018-05-14,1020 McNicoll Ave,Tendercare Living Centre - 3rd Fl,LTCH,Enteric,118
N,,,Unable to identify,,2018-06-13,2018-05-14,1925 Steeles Ave E,"Chartwell Gibson Long Term Care - 1st, 2nd & 3rd Fl",LTCH,Respiratory,119
N,,,Unable to identify,,2018-05-25,2018-05-10,306 Finch Ave E,Carefree Lodge - 1st & 2nd Fl,LTCH,Respiratory,120
N,,,Respiratory syncytial virus,Enterovirus/Rhinovirus,2018-05-19,2018-05-10,150 Kilgour Rd,Holland Bloorview Kids Rehabilitation Hospital - BIRT 3W,Hospital-Chronic Care,Respiratory,121
N,,,Unable to identify,,2018-05-23,2018-05-08,345 Sherbourne St,The Rekai Centre at Sherbourne Place,LTCH,Respiratory,122
N,,,Influenza A (H3),,2018-05-13,2018-05-04,505 Kingston Rd,Beach Arms Retirement Residence,Retirement Home,Respiratory,123
N,,,Unable to identify,,2018-05-15,2018-05-03,55 Belmont St,Belmont House - 2E,LTCH,Respiratory,124
N,,,Metapneumovirus,,2018-05-21,2018-05-03,40 Playfair Ave,Villa Colombo - 3 Fusco,LTCH,Respiratory,125
N,,,Influenza A (H3),,2018-05-14,2018-05-02,55 Belmont St,Belmont House Retirement Home,Retirement Home,Respiratory,126
N,,,Norovirus-like,,2018-05-15,2018-05-01,200 Dawes Rd,True Davidson Acres - 5 East & 5 West Units,LTCH,Enteric,127
N,,,Parainfluenza type 3,,2018-05-17,2018-04-30,1 Overland Dr,Better Living at Thompson House - 3rd Fl Unit,LTCH,Respiratory,128
N,,,Influenza A (H3),,2018-05-10,2018-04-30,1400 Kennedy Rd,Kennedy Lodge Nursing Home - Main Fl,LTCH,Respiratory,129
N,,,Metapneumovirus,,2018-05-28,2018-04-29,1145 Albion Rd,Westside,LTCH,Respiratory,130
N,,,Metapneumovirus,,2018-05-09,2018-04-26,130 Midland Ave,Midland Gardens Care Community - 4th & 5th Fl,LTCH,Respiratory,131
N,,,Influenza B,,2018-05-08,2018-04-26,9 Neilson Rd,Seven Oaks - 3rd Fl,LTCH,Respiratory,132
N,,,Unable to identify,,2018-05-08,2018-04-25,15 Barberry Pl,Amica at Bayview,Retirement Home,Enteric,133
N,,,Norovirus-like,,2018-04-30,2018-04-24,825 Coxwell Ave,Michael Garron Hospital - H6,Hospital-Acute Care,Enteric,134
N,,,Influenza B,,2018-05-04,2018-04-22,2245 Lawrence Ave W,Village of Humber Heights,LTCH,Respiratory,135
N,,,Metapneumovirus,,2018-04-30,2018-04-21,351 Christie St,Castleview Wychwood Towers - 4th & 6th Fl,LTCH,Respiratory,136
N,,,Unable to identify,,2018-05-07,2018-04-21,550 Cummer Ave,Extendicare Bayview,LTCH,Respiratory,137
N,,,Norovirus-like,,2018-05-01,2018-04-19,429 Walmer Rd,Cedarvale Terrace,LTCH,Enteric,138
N,,,Norovirus-like,,2018-05-07,2018-04-19,10/14 William Morgan Dr,Leaside Retirement Residence,Retirement Home,Enteric,139
N,,,Coronavirus,,2018-04-28,2018-04-19,2075 Bayview Ave,Sunnybrook Health Sciences Centre - LFSW,LTCH,Respiratory,140
N,,,Influenza A (Not subtyped),,2018-04-25,2018-04-18,3560 Bathurst St,Baycrest Hospital - 3W,Hospital-Chronic Care,Respiratory,141
N,,,Influenza B,,2018-05-03,2018-04-18,551 Conlins Rd,Extendicare Rouge Valley,LTCH,Respiratory,142
N,,,Norovirus-like,,2018-04-30,2018-04-18,420 The East Mall,Eatonville Care Centre - 2nd Fl,LTCH,Enteric,143
N,,,Influenza A (H3),,2018-05-04,2018-04-17,19 Rean Dr,Amica at Bayview Gardens,Retirement Home,Respiratory,144
N,,,Influenza A (Not subtyped),,2018-04-27,2018-04-16,225 St George St,St. George Care Community - 1st Fl,LTCH,Respiratory,145
N,,,Metapneumovirus,,2018-05-08,2018-04-16,70 Humberline Dr,Deerwood Creek Care Community,LTCH,Respiratory,146
N,,,Influenza A (H3),,2018-04-28,2018-04-16,66 Roncesvalles Ave,"Copernicus Lodge - 2N, 3N & 3S",LTCH,Respiratory,147
N,,,Metapneumovirus,Enterovirus/Rhinovirus,2018-05-22,2018-04-15,2075 Bayview Ave,Sunnybrook Health Sciences Centre - LSSE & LSSW,LTCH,Respiratory,148
N,,,Influenza A (Not subtyped),,2018-04-26,2018-04-15,914 Bathurst St,Vermont Square,LTCH,Respiratory,149
N,,,Unable to identify,,2018-05-02,2018-04-13,5935 Bathurst St,Cheltenham Care Community - 3rd Fl,LTCH,Respiratory,150
N,,,Unable to identify,,2018-04-23,2018-04-13,3015 Lawrence Ave E,Rockcliffe Care Community - 3rd Fl,LTCH,Enteric,151
N,,,Influenza A (Not subtyped),,2018-04-21,2018-04-13,3560 Bathurst St,Baycrest Apotex Centre - Jewish Home for the Aged - 2RF,LTCH,Respiratory,152
N,,,Influenza B,,2018-05-02,2018-04-12,92 Island Rd,Altamont Care Community,LTCH,Respiratory,153
N,,,Influenza B,,2018-04-19,2018-04-11,111 Avenue Rd,Hazelton Place,Retirement Home,Respiratory,154
N,,,Unable to identify,,2018-04-19,2018-04-10,1340 York Mills Rd,Rayoak Place Retirement Residence,Retirement Home,Respiratory,155
N,,,Influenza A (Not subtyped),,2018-04-19,2018-04-10,500 Kingston Rd,Atrium at Kew Beach,Retirement Home,Respiratory,156
N,,,Influenza B,,2018-04-20,2018-04-09,102 Craiglee Dr,Extendicare Craiglee Nursing Home,LTCH,Respiratory,157
N,,,Influenza A (H3),,2018-04-21,2018-04-09,82 Buttonwood Ave,West Park Long Term Care Centre - 3rd Fl Glenwild & Raymore,LTCH,Respiratory,158
N,,,Influenza B,,2018-04-19,2018-04-09,1 Bridgepoint Dr,Bridgepoint Active Healthcare - 6 North,Hospital-Chronic Care,Respiratory,159
N,,,Influenza B,,2018-04-28,2018-04-09,138 Dowling Ave,Chartwell White Eagle Long Term Care Residence,LTCH,Respiratory,160
N,,,Unable to identify,,2018-04-22,2018-04-08,1860 Lawrence Ave E,The Wexford Residence,LTCH,Enteric,161
N,,,Influenza A (H3),,2018-04-15,2018-04-07,3276 St Clair Ave E,Providence Healthcare - A4 East Wing,Hospital-Chronic Care,Respiratory,162
N,,,Unable to identify,,2018-04-16,2018-04-06,505 Kingston Rd,Beach Arms Retirement Residence,Retirement Home,Enteric,163
N,,,Unable to identify,,2018-05-09,2018-04-06,3015 Lawrence Ave E,Rockcliffe Care Community,LTCH,Respiratory,164
N,,,Influenza A (H3),,2018-04-14,2018-04-05,35 Elm Grove Ave,Elm Grove Living Centre - 2nd Fl,LTCH,Respiratory,165
N,,,Metapneumovirus,,2018-04-17,2018-04-05,221 Milner Ave,Sts. Peter and Paul Residence,Retirement Home,Respiratory,166
N,,,Influenza A (H3),,2018-04-17,2018-04-05,205 Cummer Ave,Cummer Lodge - 4 South & 4 North,LTCH,Respiratory,167
N,,,Influenza A (H3),,2018-04-16,2018-04-05,3276 St Clair Ave E,Providence Healthcare - A3 3rd Fl,Hospital-Chronic Care,Respiratory,168
N,,,Influenza A (H3),,2018-04-13,2018-04-05,3276 St Clair Ave E,Providence Healthcare - A5  East Wing,Hospital-Chronic Care,Respiratory,169
N,,,Norovirus-like,,2018-04-10,2018-04-04,140 Sherway Dr,McCall Centre - 4th Fl,Hospital-Chronic Care,Enteric,170
N,,,Influenza A (H3),Influenza B,2018-04-16,2018-04-03,8 Donway Pl,Donway Place,Retirement Home,Respiratory,171
N,,,Norovirus-like,,2018-04-18,2018-04-03,66 Roncesvalles Ave,"Copernicus Lodge - 1 North, 2 North, 4 South & 5 South",LTCH,Enteric,172
N,,,Influenza A (H3),Respiratory syncytial virus,2018-04-18,2018-04-03,28 Halton St,Maynard Nursing Home,LTCH,Respiratory,173
N,,,Influenza A (H3),,2018-04-18,2018-04-01,3555 Danforth Ave,Chester Village,LTCH,Respiratory,174
N,,,Metapneumovirus,,2018-04-17,2018-03-31,2075 Bayview Ave,Sunnybrook Health Sciences Centre - K2W,LTCH,Respiratory,175
N,,,Unable to identify,,2018-04-17,2018-03-29,130 Midland Ave,Midland Gardens Care Community,LTCH,Enteric,176
N,,,Influenza A (H3),,2018-04-10,2018-03-28,30 The Queensway,St. Joseph's Health Centre - 6G,Hospital-Acute Care,Respiratory,177
N,,,Influenza A (H3N2),,2018-04-14,2018-03-28,2075 Bayview Ave,Sunnybrook Health Sciences Centre - LGSE & LGSW,LTCH,Respiratory,178
N,,,Influenza A (Not subtyped),,2018-04-02,2018-03-27,880 Lawrence Ave E,Greenview Lodge - 2nd Fl (Secured Unit),Retirement Home,Respiratory,179
N,,,Metapneumovirus,,2018-04-04,2018-03-27,82 Buttonwood Ave,West Park Healthcare Centre - 3EC,Hospital-Chronic Care,Respiratory,180
N,,,Influenza B,,2018-04-06,2018-03-26,4005 Eglinton Ave W,Chartwell Scarlett Heights Retirement Residence,Retirement Home,Respiratory,181
N,,,Unable to identify,,2018-04-07,2018-03-26,60 Richview Rd,Ukrainian Canadian Care Centre - 4th Fl,LTCH,Respiratory,182
N,,,Norovirus-like,,2018-04-03,2018-03-26,30 The Queensway,St. Joseph's Health Centre - 4M,Hospital-Acute Care,Enteric,183
N,,,Unable to identify,,2018-04-03,2018-03-26,130 Midland Ave,Midland Gardens Care Community - 4th Fl,LTCH,Respiratory,184
N,,,Influenza A (H3),Metapneumovirus,2018-04-09,2018-03-24,351 Christie St,Castleview Wychwood Towers - 4th & 7th Fl,LTCH,Respiratory,185
N,,,Unable to identify,,2018-04-12,2018-03-23,2100 Bloor St W,Chartwell Grenadier Retirement Residence - Assisted Living,Retirement Home,Enteric,186
N,,,Influenza A (H3),,2018-03-31,2018-03-23,40 Playfair Ave,Villa Colombo - 3 Fidani,LTCH,Respiratory,187
N,,,Influenza A (Not subtyped),,2018-04-01,2018-03-23,3030 Birchmount Rd,Scarborough and Rouge Hospital - Birchmount Site - Unit 3A,Hospital-Acute Care,Respiratory,188
N,,,Influenza A (Not subtyped),,2018-04-01,2018-03-23,650 Church St,The Salvation Army - Toronto Grace Health Centre - 5th Fl,Hospital-Chronic Care,Respiratory,189
N,,,Influenza A (H3),,2018-04-03,2018-03-21,2121 Kingston Rd,Retirement Suites by the Lake,Retirement Home,Respiratory,190
N,,,Norovirus-like,,2018-04-12,2018-03-20,187 Wynford Dr,Delmanor Wynford,Retirement Home,Enteric,191
N,,,Unable to identify,,2018-03-27,2018-03-20,1001 Queen St W,Centre for Addiction and Mental Health- Queen Site- Unit 4-5,Hospital-Psychiatric,Respiratory,192
N,,,Influenza A (H3N2),,2018-03-31,2018-03-19,2075 Bayview Ave,Sunnybrook Health Sciences Centre - C2,Hospital-Acute Care,Respiratory,193
N,,,Influenza A (H3),,2018-03-29,2018-03-19,205 Cummer Ave,Cummer Lodge - 4 North,LTCH,Respiratory,194
N,,,Unable to identify,,2018-04-10,2018-03-19,3015 Lawrence Ave E,Rockcliffe Care Community,LTCH,Enteric,195
N,,,Influenza B,,2018-03-30,2018-03-19,59 Lawson Rd,Tony Stacey Centre for Veterans Care,LTCH,Respiratory,196
N,,,Influenza B,,2018-03-27,2018-03-19,3276 St Clair Ave E,Providence Healthcare - A4 East,Hospital-Chronic Care,Respiratory,197
N,,,Influenza B,,2018-03-30,2018-03-18,2311 McNicoll Ave,Yee Hong Centre for Geriatric Care - McNicoll Site - 3rd Fl,LTCH,Respiratory,198
N,,,Influenza B,,2018-03-28,2018-03-17,1860 Lawrence Ave E,The Wexford Residence,LTCH,Respiratory,199
N,,,Unable to identify,,2018-03-25,2018-03-17,47 Austin Terr,Hillcrest Reactivation Centre - 4th Fl,Hospital-Chronic Care,Respiratory,200
N,,,Norovirus-like,,2018-04-23,2018-03-17,33 Christie St,The O'Neill Centre,LTCH,Enteric,201
N,,,Influenza A (Not subtyped),,2018-03-26,2018-03-16,43 Wellesley St E,Sunnybrook Holland Orthopaedic and Arthritic Centre -HOAC 7E,Hospital-Chronic Care,Respiratory,202
N,,,Unable to identify,,2018-03-22,2018-03-16,825 Coxwell Ave,Michael Garron Hospital - B2,Hospital-Acute Care,Enteric,203
N,,,Unable to identify,,2018-04-09,2018-03-14,1 Overland Dr,Better Living at Thompson House - 3rd Fl,LTCH,Respiratory,204
N,,,Influenza A (H3N2),,2018-03-24,2018-03-14,2075 Bayview Ave,Sunnybrook Health Sciences Centre - LTSW & LTSE,LTCH,Respiratory,205
N,,,Influenza A (H3N2),,2018-03-22,2018-03-13,2075 Bayview Ave,Sunnybrook Health Sciences Centre - LFSE,LTCH,Respiratory,206
N,,,Unable to identify,,2018-03-26,2018-03-13,700 & 720 Mount Pleasant Rd,The Briton House Retirement Residence,Retirement Home,Enteric,207
N,,,Influenza A (Not subtyped),,2018-03-20,2018-03-13,33 Christie St,The O'Neill Centre - 5th Fl,LTCH,Respiratory,208
N,,,Respiratory syncytial virus,,2018-03-16,2018-03-12,101 Humber College Blvd,William Osler Health System - 10th Level,Hospital-Acute Care,Respiratory,209
N,,,Influenza B,,2018-03-29,2018-03-12,9 Neilson Rd,Seven Oaks,LTCH,Respiratory,210
N,,,Unable to identify,,2018-03-21,2018-03-12,303 Queens Dr,Weston Gardens Retirement Residence - 3rd & 4th Fl,Retirement Home,Enteric,211
N,,,Influenza A (H3N2),,2018-03-21,2018-03-12,2075 Bayview Ave,Sunnybrook Health Sciences Centre - K2W,LTCH,Respiratory,212
N,,,Influenza B,Respiratory syncytial virus,2018-03-19,2018-03-12,205 Cummer Ave,Cummer Lodge - 2 South,LTCH,Respiratory,213
N,,,Influenza B,,2018-03-13,2018-03-09,1020 McNicoll Ave,McNicoll Manor - 5th Fl,Retirement Home,Respiratory,214
N,,,Influenza A (H3N2),,2018-03-18,2018-03-09,2075 Bayview Ave,Sunnybrook Health Sciences Centre - C6,Hospital-Acute Care,Respiratory,215
N,,,Influenza A (H3),,2018-03-23,2018-03-09,3760 Sheppard Ave E,Shepherd Lodge - 3rd Fl,LTCH,Respiratory,216
N,,,Influenza A (H3),,2018-03-19,2018-03-09,102 Craiglee Dr,Extendicare Craiglee - 3rd Fl,LTCH,Respiratory,217
N,,,Influenza A (H3),,2018-03-22,2018-03-08,2233 Kipling Ave,Kipling Acres - Humber 1E & Pine Point 1W,LTCH,Respiratory,218
N,,,Influenza B,,2018-03-23,2018-03-08,52 Neilson Dr,Dom Lipa Nursing Home,LTCH,Respiratory,219
N,,,Influenza A (H3N2),,2018-03-20,2018-03-08,10 Senlac Rd,Chartwell Lansing Retirement Residence,Retirement Home,Respiratory,220
N,,,Influenza A (H3N2),,2018-03-19,2018-03-07,1001 Queen St W,Centre for Addiction and Mental Health - Unit 3-5,Hospital-Psychiatric,Respiratory,221
N,,,Clostridium difficile,,2018-04-16,2018-03-07,2075 Bayview Ave,Sunnybrook Health Sciences Centre - C6,Hospital-Acute Care,Enteric,222
N,,,Influenza A (H3),,2018-03-26,2018-03-07,130 Midland Ave,Midland Gardens Care Community,LTCH,Respiratory,223
N,,,Norovirus-like,,2018-03-16,2018-03-06,30 The Queensway,St. Joseph's Health Centre - 6M,Hospital-Acute Care,Enteric,224
N,,,Metapneumovirus,,2018-03-18,2018-03-05,2 Buchan Crt,North York Seniors' Health Centre,LTCH,Respiratory,225
N,,,Influenza A (H3),Influenza B,2018-03-21,2018-03-05,303 Queens Dr,Weston Gardens Retirement Residence,Retirement Home,Respiratory,226
N,,,Streptococcus pyogenes,,2018-04-24,2018-03-05,339 George St,Seaton House - 3rd & 4th Fl,Shelter,Respiratory,227
N,,,Influenza B,,2018-03-20,2018-03-02,19 Rean Dr,Amica at Bayview Gardens,Retirement Home,Respiratory,228
N,,,Influenza A (Not subtyped),,2018-03-09,2018-03-02,610 University Ave,Princess Margaret Hospital - 17B,Hospital-Acute Care,Respiratory,229
N,,,Influenza A (H3),,2018-03-20,2018-03-02,40 Playfair Ave,Villa Colombo - 2nd & 3rd Fusco,LTCH,Respiratory,230
N,,,Influenza B,,2018-03-19,2018-03-02,345 Sherbourne St,The Rekai Centre at Sherbourne Place,LTCH,Respiratory,231
N,,,Influenza A ((H1N1)pdm09),,2018-03-08,2018-03-01,30 Bond St,St. Michael's Hospital - 7 CCV,Hospital-Acute Care,Respiratory,232
N,,,Influenza B,Metapneumovirus,2018-03-19,2018-03-01,25 Brunswick Ave,Kensington Gardens South - 1 East & 1 West,LTCH,Respiratory,233
N,,,Norovirus-like,,2018-03-13,2018-03-01,40 Old Kingston Rd,Ehatare Nursing Home - 4th Fl,LTCH,Enteric,234
N,,,Influenza B,,2018-03-15,2018-02-28,340 McCowan Rd,Chartwell Trilogy Long Term Care Residence - 4th & 5th Fl,LTCH,Respiratory,235
N,,,Influenza A (Not subtyped),,2018-03-07,2018-02-28,8 Bridlington St,V Care Retirement Home,Retirement Home,Respiratory,236
N,,,Influenza A (H3),,2018-03-09,2018-02-28,3276 St Clair Ave E - & West,Providence Healthcare - Houses of Providence - 3rd Fl East -,LTCH,Respiratory,237
N,,,Influenza B,,2018-03-12,2018-02-28,1000 Ellesmere Rd,Fieldstone Commons Care Community,LTCH,Respiratory,238
N,,,Influenza B,,2018-03-05,2018-02-27,55 Belmont,Belmont House - 4th Fl,LTCH,Respiratory,239
N,,,Influenza B,,2018-03-05,2018-02-27,205 Cummer Ave,Cummer Lodge - 4 South,LTCH,Respiratory,240
N,,,Influenza B,,2018-03-11,2018-02-27,625 Runnymede Rd,Runnymede Healthcare Centre - 4th Fl,Hospital-Chronic Care,Respiratory,241
N,,,Norovirus-like,,2018-03-12,2018-02-27,40 Old Kingston Rd,Ehatare Retirement Home,Retirement Home,Enteric,242
N,,,Influenza A (H3),,2018-03-10,2018-02-27,880 Lawrence Ave E,Greenview Lodge,Retirement Home,Respiratory,243
N,,,Unable to identify,,2018-03-14,2018-02-26,3015 Lawrence Ave E,Rockcliffe Care Community,LTCH,Respiratory,244
N,,,Unable to identify,,2018-03-08,2018-02-26,495 The West Mall,The Westbury - 4th Fl,LTCH,Respiratory,245
N,,,Influenza B,,2018-03-13,2018-02-24,740 Pape Ave,Nisbet Lodge,LTCH,Respiratory,246
N,,,Influenza A (H3),,2018-03-02,2018-02-23,600 University Ave - 12 South & EXAU,Sinai Health System - Mount Sinai Hospital -,Hospital-Acute Care,Respiratory,247
N,,,Influenza B,Respiratory syncytial virus,2018-03-17,2018-02-23,1140 Bloor St W,New Horizons Tower,Retirement Home,Respiratory,248
N,,,Norovirus-like,,2018-03-02,2018-02-23,555 University Ave,The Hospital for Sick Children - 8A,Hospital-Acute Care,Enteric,249
N,,,Influenza B,,2018-03-04,2018-02-23,3555 Danforth Ave,Chester Villiage - Diamond Unit,LTCH,Respiratory,250
N,,,Influenza A (H3),Influenza B,2018-03-03,2018-02-22,3276 St Clair Ave E,Providence Healthcare - Houses of Providence - 1 West,LTCH,Respiratory,251
N,,,Unable to identify,,2018-02-27,2018-02-21,150 Kilgour Rd,Holland Bloorview Kids Rehabilitation Hospital - 3 East CCC,Hospital-Chronic Care,Respiratory,252
N,,,Influenza B,,2018-03-02,2018-02-21,60 Scottfield Dr - 6th Fl,Yee Hong Centre for Geriatric Care - Scarborough Finch -,LTCH,Respiratory,253
N,,,Unable to identify,,2018-02-27,2018-02-21,82 Buttonwood Ave,West Park Healthcare Centre - ABI,Hospital-Chronic Care,Respiratory,254
N,,,Influenza A (H3),,2018-03-01,2018-02-21,215 Tyrell Ave,Hellenic Care for Seniors - Ground Fl,LTCH,Respiratory,255
N,,,Influenza A (H3),,2018-03-09,2018-02-21,70 Humberline Dr,Deerwood Creek Care Community - 2nd Fl,LTCH,Respiratory,256
N,,,Influenza B,,2018-02-25,2018-02-20,2111 Finch Ave W,Humber River Hospital - Reactivation Care Centre - F6E,Hospital-Chronic Care,Respiratory,257
N,,,Unable to identify,,2018-03-05,2018-02-20,1001 Queen St W,Centre for Addiction and Mental Health - Queen St - Unit 2-3,Hospital-Psychiatric,Respiratory,258
N,,,Unable to identify,,2018-02-26,2018-02-20,148 Markham Rd,Scarborough Retirement Residence,Retirement Home,Enteric,259
N,,,Norovirus-like,,2018-02-26,2018-02-19,1238 Queen St E,Chartwell Avondale Retirement Residence,Retirement Home,Enteric,260
N,,,Norovirus-like,,2018-02-27,2018-02-19,351 Christie St,Castleview Wychwood Towers - 5th Fl,LTCH,Enteric,261
N,,,Influenza A (H3),,2018-03-13,2018-02-19,5935 Bathurst St,Cheltenham Care Community,LTCH,Respiratory,262
N,,,Influenza B,,2018-03-01,2018-02-19,1020 McNicoll Ave,Tendercare Living Centre - 3 West,LTCH,Respiratory,263
N,,,Influenza A (H3),,2018-03-05,2018-02-19,30 Bond St,St. Michael's Hospital - 6 Bond,Hospital-Acute Care,Respiratory,264
N,,,Norovirus-like,,2018-02-27,2018-02-18,625 Runnymede Rd,Runnymede Healthcare Centre - 2nd Fl,Hospital-Chronic Care,Enteric,265
N,,,Influenza A (H3),,2018-03-02,2018-02-18,340 McCowan Rd,Chartwell Trilogy Long Term Care Residence - 2nd Fl,LTCH,Respiratory,266
N,,,Influenza A (H3),,2018-02-25,2018-02-17,4001 Leslie St,North York General Hospital - 5N,Hospital-Acute Care,Respiratory,267
N,,,Influenza A (H3),,2018-02-23,2018-02-17,4001 Leslie St,North York General Hospital - 5W,Hospital-Acute Care,Respiratory,268
N,,,Influenza B,,2018-03-07,2018-02-16,450 Rustic Rd,North Park Nursing Home,LTCH,Respiratory,269
N,,,Influenza A (H3),,2018-02-20,2018-02-16,600 University Ave,Mount Sinai Hospital - 11 S,Hospital-Acute Care,Respiratory,270
N,,,Influenza A (H3),Influenza B,2018-03-02,2018-02-16,2311 McNicoll Ave,Yee Hong Centre for Geriatric Care - McNicoll Site,LTCH,Respiratory,271
N,,,Influenza B,Metapneumovirus,2018-03-01,2018-02-16,2411 Lawrence Ave E,Hellenic Home - Scarborough,LTCH,Respiratory,272
N,,,Norovirus-like,,2018-02-26,2018-02-16,825 Coxwell Ave,Michael Garron Hospital - H6,Hospital-Acute Care,Enteric,273
N,,,Norovirus-like,,2018-02-26,2018-02-15,825 Coxwell Ave,Michael Garron Hospital - F3,Hospital-Acute Care,Enteric,274
N,,,Influenza B,,2018-02-25,2018-02-15,225 St George St,St. George Care Community,LTCH,Respiratory,275
N,,,Norovirus-like,,2018-02-28,2018-02-15,221 Milner Ave,Sts. Peter and Paul Residence,Retirement Home,Enteric,276
N,,,Influenza A (H3),Influenza B,2018-03-03,2018-02-15,15 Barberry Pl,Amica at Bayview,Retirement Home,Respiratory,277
N,,,Norovirus-like,,2018-02-23,2018-02-15,3050 Lawrence Ave E,The Scarborough and Rouge Hospital - General Site - CP1,Hospital-Acute Care,Enteric,278
N,,,Influenza B,,2018-02-26,2018-02-14,3595 Keele St,Downsview Long Term Care Centre - 2 East,LTCH,Respiratory,279
N,,,Influenza B,,2018-02-25,2018-02-14,550 University Ave - University Centre - 6 South,University Health Network - Toronto Rehabilitation Institute,Hospital-Chronic Care,Respiratory,280
N,,,Influenza B,,2018-02-23,2018-02-13,2111 Finch Ave W - 6 West,North York General Hospital - Reactivation Care Centre -,Hospital-Chronic Care,Respiratory,281
N,,,Influenza B,,2018-02-22,2018-02-13,200 Dawes Rd,True Davidson Acres - 1 West Unit,LTCH,Respiratory,282
N,,,Influenza B,,2018-02-22,2018-02-13,250 College St - EPU 10th Fl,Centre for Addiction and Mental Health - College Site -,Hospital-Psychiatric,Respiratory,283
N,,,Influenza B,,2018-02-24,2018-02-12,35 Elm Grove Ave,Elm Grove Living Centre,LTCH,Respiratory,284
N,,,Influenza A ((H1N1)pdm09),,2018-02-27,2018-02-12,95 Humber College Blvd,Humber Valley Terrace,LTCH,Respiratory,285
N,,,Influenza A (H3),,2018-03-06,2018-02-12,2030 McNicoll Ave,Mon Sheong Scarborough Long Term Care Centre - 3rd Fl,LTCH,Respiratory,286
N,,,Influenza A (H3),,2018-03-01,2018-02-12,111 Avenue Rd,Hazelton Place Retirement Residence,Retirement Home,Respiratory,287
N,,,Influenza B,,2018-02-24,2018-02-12,505 Kingston Rd,Beach Arms Retirement Residence,Retirement Home,Respiratory,288
N,,,Unable to identify,,2018-02-15,2018-02-11,825 Coxwell Ave,Michael Garron Hospital - Cardiology Unit,Hospital-Acute Care,Enteric,289
N,,,Influenza B,Respiratory syncytial virus,2018-02-19,2018-02-10,285 Cummer Ave,St. John's Rehabilitation Hospital - A1,Hospital-Chronic Care,Respiratory,290
N,,,Influenza B,,2018-02-17,2018-02-10,3276 St Clair Ave E,Providence Healthcare - Houses of Providence - 1 East,LTCH,Respiratory,291
N,,,Influenza A (H3),,2018-02-21,2018-02-09,767 Royal York Rd,Ivan Franko Home,LTCH,Respiratory,292
N,,,Influenza B,,2018-02-26,2018-02-08,439 Sherbourne St,Fudger House,LTCH,Respiratory,293
N,,,Influenza A (H3),,2018-02-17,2018-02-08,47 Austin Terr,Hillcrest Reactivation Centre - 2nd Fl (Seniors),Hospital-Chronic Care,Respiratory,294
N,,,Influenza A (Not subtyped),,2018-02-21,2018-02-08,140 Sherway Dr,McCall Centre for Continuing Care - 3rd Fl Rehabilitation,Hospital-Chronic Care,Respiratory,295
N,,,Influenza B,,2018-02-14,2018-02-07,30 The Queensway,St. Joseph's Health Centre - 3M,Hospital-Acute Care,Respiratory,296
N,,,Norovirus-like,,2018-02-22,2018-02-07,4005 Eglinton Ave W,Chartwell Scarlett Heights Retirement Residence,Retirement Home,Enteric,297
N,,,Clostridium difficile,Norovirus-like,2018-02-20,2018-02-06,3830 Lawrence Ave E,Extendicare Scarborough,LTCH,Enteric,298
N,,,Influenza B,,2018-02-14,2018-02-06,3555 Danforth Ave,Chester Village - Diamond Unit - Ground Fl,LTCH,Respiratory,299
N,,,Norovirus-like,,2018-02-26,2018-02-06,495 The West Mall,The Westbury - 2nd & 6th Fl - Markland Woods,LTCH,Enteric,300
N,,,Influenza B,,2018-02-28,2018-02-06,420 The East Mall,Eatonville Care Centre,LTCH,Respiratory,301
N,,,Influenza A (H3),,2018-02-21,2018-02-06,645 Castlefield Ave,Forest Hill Place,Retirement Home,Respiratory,302
N,,,Coronavirus,,2018-02-19,2018-02-06,285 Cummer Ave,St. John's Rehabilitation Hospital - A3,Hospital-Chronic Care,Respiratory,303
N,,,Influenza A (H3N2),Influenza B,2018-02-22,2018-02-06,1 Northwestern Ave,Harold and Grace Baker Retirement Residence,Retirement Home,Respiratory,304
N,,,Influenza A and B,,2018-02-16,2018-02-05,795 Eglinton Ave E,Suomi Koti Nursing Home,LTCH,Respiratory,305
N,,,Influenza A (H3),,2018-02-16,2018-02-05,1340 York Mills Rd,Rayoak Place Retirement Residence,Retirement Home,Respiratory,306
N,,,Influenza B,,2018-02-15,2018-02-05,3560 Bathurst St,Baycrest Apotex Centre - Jewish Home for the Aged - 7GS,LTCH,Respiratory,307
N,,,Influenza B,,2018-02-22,2018-02-05,205 Cummer Ave,Cummer Lodge - 4 North,LTCH,Respiratory,308
N,,,Influenza B,,2018-02-22,2018-02-05,550 Cummer Ave,Extendicare Bayview,LTCH,Respiratory,309
N,,,Influenza B,,2018-02-26,2018-02-05,551 Conlins Rd,Extendicare Rouge Valley,LTCH,Respiratory,310
N,,,Influenza A (H3),Respiratory syncytial virus,2018-02-16,2018-02-03,400 The West Mall,Wesburn Manor,LTCH,Respiratory,311
N,,,Influenza B,,2018-02-11,2018-02-03,30 Bond St,St. Michael's Hospital - 7 CCV,Hospital-Acute Care,Respiratory,312
N,,,Influenza A (Not subtyped),,2018-02-11,2018-02-03,3030 Birchmount Rd,The Scarborough Hospital - Birchmount - 3D,Hospital-Acute Care,Respiratory,313
N,,,Influenza B,,2018-02-13,2018-02-02,82 Buttonwood Ave,West Park Healthcare Centre - 3WE,Hospital-Chronic Care,Respiratory,314
N,,,Influenza B,,2018-02-17,2018-02-01,55 Belmont St,Belmont House - 3WW,LTCH,Respiratory,315
N,,,Norovirus-like,,2018-02-12,2018-02-01,1925 Steeles Ave E,Chartwell Gibson Long Term Care,LTCH,Enteric,316
N,,,Influenza A (H3),,2018-02-16,2018-02-01,25 Brunswick Ave,Kensington Gardens - South Building - 1 East & 2 East,LTCH,Respiratory,317
N,,,Influenza B,,2018-02-26,2018-02-01,1145 Albion Rd,Westside,LTCH,Respiratory,318
N,,,Influenza B,Enterovirus/Rhinovirus,2018-02-26,2018-02-01,150 Kilgour Rd,Holland Bloorview Kids Rehabilitation Hospital - BIRT,Hospital-Chronic Care,Respiratory,319
N,,,Influenza B,,2018-02-11,2018-02-01,82 Buttonwood Ave,West Park Healthcare Centre - 2WF,Hospital-Chronic Care,Respiratory,320
N,,,Influenza B,,2018-02-21,2018-01-31,3760 Sheppard Ave E,Shepherd Lodge,LTCH,Respiratory,321
N,,,Influenza B,,2018-02-14,2018-01-31,1800 O'Connor Dr,Harmony Hill Care Community,LTCH,Respiratory,322
N,,,Influenza A (H3),Influenza B,2018-02-16,2018-01-31,1 Northwestern Ave,Harold and Grace Baker Centre - 1st Fl,LTCH,Respiratory,323
N,,,Influenza B,,2018-02-07,2018-01-30,2075 Bayview Ave,Sunnybrook Health Sciences Centre - LTSE,LTCH,Respiratory,324
N,,,Unable to identify,,2018-02-14,2018-01-30,"700 & 720 Mount Pleasant Rd - 6th, 7th, 8th & 9th Fl",The Briton House Retirement Centre - North & South Tower,Retirement Home,Respiratory,325
N,,,Influenza B,,2018-02-06,2018-01-29,3276 St Clair Ave E,Providence Healthcare - A5 East,Hospital-Chronic Care,Respiratory,326
N,,,Unable to identify,,2018-02-05,2018-01-29,150 Sherway Dr - Complex Care Unit,Trillium Health Partners - Queensway Health Centre -,Hospital-Acute Care,Enteric,327
N,,,Influenza A (H3),,2018-02-07,2018-01-27,3276 St Clair Ave E - Juniper House,Providence Healthcare - Houses of Providence - HOP 4E -,LTCH,Respiratory,328
N,,,Unable to identify,,2018-02-06,2018-01-26,767 Royal York Rd,Ivan Franko Home - 3rd Fl,LTCH,Respiratory,329
N,,,Unable to identify,,2018-02-03,2018-01-26,303 Queens Dr,Weston Gardens Retirement Residence - 5th Fl,Retirement Home,Enteric,330
N,,,Unable to identify,,2018-02-15,2018-01-26,429 Walmer Rd,Cedarvale Terrace - 4th Fl,LTCH,Respiratory,331
N,,,Influenza B,,2018-02-02,2018-01-26,200 Elizabeth St,Toronto General Hospital - 14 Eaton South,Hospital-Acute Care,Respiratory,332
N,,,Influenza B,Respiratory syncytial virus,2018-02-21,2018-01-25,2100 Bloor St W,Chartwell Grenadier Retirement Residence,Retirement Home,Respiratory,333
N,,,Influenza A (H3),,2018-02-02,2018-01-25,30 Bond St,St. Michael's Hospital  - 16CN,Hospital-Acute Care,Respiratory,334
N,,,Unable to identify,,2018-02-12,2018-01-24,19 Rean Dr,Amica at Bayview Gardens,Retirement Home,Enteric,335
N,,,Unable to identify,,2018-02-08,2018-01-24,439 Sherbourne St,"Fudger House - 1 East, 2 East & 2 West Units",LTCH,Respiratory,336
N,,,Norovirus-like,,2018-02-03,2018-01-24,3197 Lake Shore Blvd W,Lakeshore Lodge - 2 North & 2 South,LTCH,Enteric,337
N,,,Unable to identify,,2018-02-05,2018-01-24,55 Belmont St,Belmont House - 2WW,LTCH,Enteric,338
N,,,Influenza B,,2018-02-16,2018-01-23,351 Christie St,"Castleview Wychwood Towers - 4th, 5th & 6th Fl",LTCH,Respiratory,339
N,,,Influenza B,,2018-02-08,2018-01-23,82 Buttonwood Ave,West Park Long Term Care,LTCH,Respiratory,340
N,,,Unable to identify,,2018-02-16,2018-01-22,2005 Lawrence Ave W,Weston Terrace Care Community - 1A & 3A,LTCH,Enteric,341
N,,,Influenza A (H3),,2018-02-06,2018-01-22,2 Buchan Crt,North York General Hospital - Seniors' Health Centre,LTCH,Respiratory,342
N,,,Respiratory syncytial virus,,2018-01-31,2018-01-22,2075 Bayview Ave,Sunnybrook Health Science Centre - K2W,LTCH,Respiratory,343
N,,,Influenza B,Coronavirus,2018-02-20,2018-01-22,2075 Bayview Ave,Sunnybrook Health Sciences Centre - LTSW,LTCH,Respiratory,344
N,,,Norovirus-like,,2018-02-13,2018-01-22,351 Christie St,"Castleview Wychwood Towers - 2nd, 5th & 7th Fl",LTCH,Enteric,345
N,,,Influenza B,,2018-02-16,2018-01-22,60 Richview Rd,Ukrainian Canadian Care Centre,LTCH,Respiratory,346
N,,,Influenza B,Respiratory syncytial virus,2018-02-14,2018-01-22,60 Scottfield Dr,Yee Hong Centre - Scarborough Finch,LTCH,Respiratory,347
N,,,Influenza A (Not subtyped),Influenza B,2018-02-14,2018-01-22,66 Roncesvalles Ave,Copernicus Lodge,LTCH,Respiratory,348
N,,,Influenza A (H3),,2018-02-02,2018-01-22,84 Davisville Ave,Salvation Army Meighen Retirement Residence,Retirement Home,Respiratory,349
N,,,Influenza B,,2018-02-01,2018-01-22,82 Buttonwood Ave,West Park Healthcare Centre - 3WF,Hospital-Chronic Care,Respiratory,350
N,,,Influenza A (H3),,2018-01-31,2018-01-22,4251 Dundas St W,Kingsway Retirement Home - Memory Care Fl,Retirement Home,Respiratory,351
N,,,Influenza B,,2018-02-06,2018-01-22,82 Buttonwood Ave,West Park Healthcare Centre - 2EC,Hospital-Chronic Care,Respiratory,352
N,,,Unable to identify,,2018-02-12,2018-01-21,60 Guildwood Pky,Extendicare Guildwood - East Wing,LTCH,Respiratory,353
N,,,Influenza A (H3),,2018-02-12,2018-01-21,339 George St,Seaton House - 4th Fl,Shelter,Respiratory,354
N,,,Influenza A ((H1N1)pdm09),,2018-01-29,2018-01-21,1001 Queen St W - Unit 1-3,Centre for Addiction and Mental Health - Queen Site -,Hospital-Psychiatric,Respiratory,355
N,,,Influenza B,Parainfluenza type 1,2018-02-07,2018-01-21,130 Midland Ave,Midland Gardens Care Community,LTCH,Respiratory,356
N,,,Norovirus-like,,2018-02-14,2018-01-20,2045 Finch Ave W,Hawthorne Place Care Centre,LTCH,Enteric,357
N,,,Unable to identify,,2018-01-29,2018-01-20,551 Conlins Rd,Extendicare Rouge Valley - Highland Creek House,LTCH,Respiratory,358
N,,,Influenza A (H3),,2018-01-31,2018-01-20,1 Canterbury Pl,Canterbury Place Retirement Residence,Retirement Home,Respiratory,359
N,,,Influenza B,,2018-01-29,2018-01-19,147 Elder St,Sagecare,Retirement Home,Respiratory,360
N,,,Influenza B,,2018-02-04,2018-01-19,303 Queens Dr,Weston Gardens Retirement Residence,Retirement Home,Respiratory,361
N,,,Influenza A (H3N2),Respiratory syncytial virus,2018-02-07,2018-01-19,914 Bathurst St,Vermont Square - 6th Fl,LTCH,Respiratory,362
N,,,Influenza B,Respiratory syncytial virus,2018-02-13,2018-01-18,1195 Queen St E,The Heritage Nursing Home,LTCH,Respiratory,363
N,,,Influenza A (Not subtyped),,2018-01-29,2018-01-18,1001 Queen St W,Centre for Addiction and Mental Health - Unit 1-5,Hospital-Psychiatric,Respiratory,364
N,,,Influenza A (H3),,2018-02-05,2018-01-17,3830 Lawrence Ave E,Extendicare Scarborough,LTCH,Respiratory,365
N,,,Influenza B,,2018-01-25,2018-01-17,306 Finch Ave E,Carefree Lodge - 1st Fl,LTCH,Respiratory,366
N,,,Unable to identify,,2018-01-30,2018-01-17,4005 Eglinton Ave W,Chartwell Scarlett Heights Retirement Residence,Retirement Home,Respiratory,367
N,,,Influenza A (Not subtyped),Influenza B,2018-01-23,2018-01-17,82 Buttonwood Ave,West Park Healthcare Centre - 3EB,Hospital-Chronic Care,Respiratory,368
N,,,Unable to identify,,2018-01-24,2018-01-16,866 Sheppard Ave W,The Kensington Place Retirement Residence,Retirement Home,Respiratory,369
N,,,Unable to identify,,2018-02-12,2018-01-16,70 Humberline Dr,Deerwood Creek Care Community - 2B & 3A,LTCH,Respiratory,370
N,,,Influenza A (H3),,2018-01-25,2018-01-16,2111 Finch Ave W,Mackenzie Health - RCC 4E,Hospital-Chronic Care,Respiratory,371
N,,,Influenza B,,2018-01-31,2018-01-16,140 Sherway Dr - 2nd & 4th Fl,McCall Centre for Continuing Care - Interim LTC Unit,LTCH,Respiratory,372
N,,,Influenza A (H3),,2018-02-05,2018-01-16,33 Christie St,The O'Neill Centre,LTCH,Respiratory,373
N,,,Influenza A (H3N2),,2018-01-29,2018-01-16,5935 Bathurst St,Cheltenham Care Community,LTCH,Respiratory,374
N,,,Influenza B,,2018-01-31,2018-01-16,1955 Steeles Ave E,Chartwell Gibson Retirement Residence,Retirement Home,Respiratory,375
N,,,Influenza A (H3),,2018-01-27,2018-01-16,3276 St Clair Ave E,Providence Healthcare - A4 East,Hospital-Chronic Care,Respiratory,376
N,,,Unable to identify,,2018-02-07,2018-01-16,1145 Albion Rd,Westside,LTCH,Enteric,377
N,,,Influenza A (H3),Influenza B,2018-01-25,2018-01-15,1000 Ellesmere Rd,"Fieldstone Commons - 1A, 3A & 4A",LTCH,Respiratory,378
N,,,Influenza A (H3),,2018-01-30,2018-01-15,59 Lawson Rd,Tony Stacey Centre for Veterans Care,LTCH,Respiratory,379
N,,,Influenza A (H3),,2018-01-27,2018-01-15,3276 St Clair Ave E,Providence Healthcare - Houses of Providence - HOP 4E Sumac,LTCH,Respiratory,380
N,,,Unable to identify,,2018-01-25,2018-01-15,205 Cummer Ave,Cummer Lodge - Grd Fl,LTCH,Respiratory,381
N,,,Influenza B,,2018-02-07,2018-01-15,541 Finch Ave W,Valleyview Residence,LTCH,Respiratory,382
N,,,Influenza A (H3),,2018-02-02,2018-01-15,2920 Lawrence Ave E,Bendale Acres Nursing Home,LTCH,Respiratory,383
N,,,Unable to identify,,2018-01-22,2018-01-15,55 Belmont St,Belmont House - 5WW,LTCH,Respiratory,384
N,,,Influenza A (Not subtyped),,2018-01-23,2018-01-13,3030 Birchmount Rd,Scarborough and Rouge Hospital - Birchmount Site - 4A,Hospital-Acute Care,Respiratory,385
N,,,Influenza A (H3),,2018-01-28,2018-01-13,138 Dowling Ave,Chartwell White Eagle Long Term Care Residence,LTCH,Respiratory,386
N,,,Norovirus-like,,2018-01-28,2018-01-13,40 Playfair Ave,Villa Colombo - 2 Fusco,LTCH,Enteric,387
N,,,Influenza B,Respiratory syncytial virus,2018-02-16,2018-01-12,2233 Kipling Ave,Kipling Acres,LTCH,Respiratory,388
N,,,Influenza B,,2018-01-20,2018-01-12,650 Church St - 5th Fl,Salvation Army Toronto Grace Health Centre - Rehab Unit -,Hospital-Chronic Care,Respiratory,389
N,,,Influenza B,,2018-01-20,2018-01-12,351 Christie St,Castleview Wychwood Towers - 7th Fl,LTCH,Respiratory,390
N,,,Metapneumovirus,,2018-01-22,2018-01-11,150 Dunn Ave,Lakeside Long Term Care Centre,LTCH,Respiratory,391
N,,,Influenza A (H3),,2018-01-25,2018-01-11,155 Balmoral Ave,Amica at the Balmoral Club,Retirement Home,Respiratory,392
N,,,Unable to identify,,2018-01-29,2018-01-11,2245 Lawrence Ave W,Village of Humber Heights Retirement Home - 2nd Fl - Egerton,Retirement Home,Respiratory,393
N,,,Influenza A (H3N2),Respiratory syncytial virus,2018-01-31,2018-01-11,30 The Queensway,St. Joseph's Healthcare Centre - 4M Medicine/Telemetry,Hospital-Acute Care,Respiratory,394
N,,,Influenza A (H3),Influenza B,2018-01-23,2018-01-11,40 Playfair Ave,Villa Colombo,LTCH,Respiratory,395
N,,,Influenza A (H3N2),,2018-01-18,2018-01-11,285 Cummer Ave,St. John's Rehabilitation Hospital - A3,Hospital-Chronic Care,Respiratory,396
N,,,Respiratory syncytial virus,,2018-01-22,2018-01-10,3197 Lake Shore Blvd W,Lakeshore Lodge - 2 North,LTCH,Respiratory,397
N,,,Norovirus-like,,2018-01-19,2018-01-10,3050 Lawrence Ave E,Scarborough and Rouge Hopsital - General Site - Tower 7,Hospital-Acute Care,Enteric,398
N,,,Norovirus-like,,2018-01-25,2018-01-10,645 Castlefield Ave,Forest Hill Place,Retirement Home,Enteric,399
N,,,Influenza A (H3),Respiratory syncytial virus,2018-01-24,2018-01-09,2005 Lawrence Ave W,Weston Terrace Care Community,LTCH,Respiratory,400
N,,,Influenza A (H3),"Influenza B,Respiratory syncytial virus",2018-02-06,2018-01-09,1925 Steeles Ave E,Chartwell Gibson Long Term Care Residence,LTCH,Respiratory,401
N,,,Influenza B,,2018-01-22,2018-01-09,92 Island Rd,Altamont Care Community,LTCH,Respiratory,402
N,,,Influenza A (H3),Influenza B,2018-01-30,2018-01-09,400 The West Mall,Wesburn Manor,LTCH,Respiratory,403
N,,,Norovirus-like,,2018-01-16,2018-01-08,866 Sheppard Ave W,Kensington Place Retirement Residence,Retirement Home,Enteric,404
N,,,Influenza A (H3),Influenza B,2018-01-23,2018-01-08,14 Cross St,Fairview Nursing Home,LTCH,Respiratory,405
N,,,Influenza B,,2018-01-22,2018-01-08,17 Maplewood Ave,Rose of Sharon Long Term Care Home,LTCH,Respiratory,406
N,,,Influenza B,,2018-01-23,2018-01-08,1020 McNicoll Ave,Tendercare Living Centre,LTCH,Respiratory,407
N,,,Influenza A (H3),,2018-02-05,2018-01-08,2411 Lawrence Ave E,Hellenic Home - Scarborough  - Unit 3B,LTCH,Respiratory,408
N,,,Influenza B,,2018-01-19,2018-01-08,2881 Eglinton Ave E,McCowan Retirement Residence,Retirement Home,Respiratory,409
N,,,Unable to identify,,2018-02-04,2018-01-08,66 Roncesvalles Ave,Copernicus Lodge Independent Living,Retirement Home,Enteric,410
N,,,Unable to identify,,2018-01-20,2018-01-08,685 Finch Ave W,St. Bernard's Residence,Retirement Home,Respiratory,411
N,,,Influenza B,,2018-01-22,2018-01-08,921 Millwood Rd,The Millwood,Retirement Home,Respiratory,412
N,,,Influenza A (H3),,2018-01-18,2018-01-08,429 Walmer Rd,Cedarvale Terrace,LTCH,Respiratory,413
N,,,Norovirus-like,,2018-01-12,2018-01-07,2075 Bayview Ave,Sunnybrook Health Sciences Centre - K2C,LTCH,Enteric,414
N,,,Influenza A (Not subtyped),,2018-01-12,2018-01-06,1 Bridgepoint Dr,Bridgepoint Active Healthcare - 3N,Hospital-Chronic Care,Respiratory,415
N,,,Unable to identify,,2018-01-22,2018-01-06,1 Overland Dr,Better Living at Thompson House - 4th Fl,LTCH,Respiratory,416
N,,,Unable to identify,,2018-01-19,2018-01-05,300 Silver Star Blvd,Carefirst Transitional Care Centre,Retirement Home,Respiratory,417
N,,,Influenza A (H3),,2018-01-16,2018-01-05,123 Spadina Rd,The Annex,Retirement Home,Respiratory,418
N,,,Influenza A (H3),Respiratory syncytial virus,2018-02-02,2018-01-05,1860 Lawrence Ave E,The Wexford,LTCH,Respiratory,419
N,,,Unable to identify,,2018-01-19,2018-01-05,52 Neilson Dr,Dom Lipa Nursing Home,LTCH,Enteric,420
N,,,Influenza A (H3),"Influenza B, Metapneumovirus",2018-01-31,2018-01-05,3595 Keele St,Downsview Long Term Care Centre,LTCH,Respiratory,421
N,,,Influenza A (H3),,2018-01-18,2018-01-04,1020 McNicoll Ave,Moll Berczy Haus - 4th Fl,Retirement Home,Respiratory,422
N,,,Influenza B,Respiratory syncytial virus,2018-01-26,2018-01-04,2075 Bayview Ave,Sunnybrook Health Sciences Centre - K1W,LTCH,Respiratory,423
N,,,Influenza A (H3N2),,2018-01-12,2018-01-04,2075 Bayview Ave,Sunnybrook Health Sciences Centre - C4,Hospital-Acute Care,Respiratory,424
N,,,Influenza B,,2018-01-19,2018-01-04,25 Brunswick Ave,Kensington Gardens South - 1 West & 2 West,LTCH,Respiratory,425
N,,,Influenza B,,2018-01-19,2018-01-04,4 Teddington Park Ave,The Teddington Retirement Residence,Retirement Home,Respiratory,426
N,,,"Influenza A (H3), Parainfluenza type 1",Respiratory syncytial virus,2018-01-29,2018-01-03,3760 Sheppard Ave E,Shepherd Lodge,LTCH,Respiratory,427
N,,,Influenza A (H3),,2018-01-15,2018-01-03,3555 Danforth Ave,Chester Village - 2nd Fl East & 4th Fl (East &west),LTCH,Respiratory,428
N,,,Respiratory syncytial virus,,2018-01-19,2018-01-03,306 Finch Ave E,Carefree Lodge - Main & 2nd Fl,LTCH,Respiratory,429
N,,,Unable to identify,,2018-01-11,2018-01-03,82 Buttonwood Ave,West Park Healthcare Centre - Acute Brain Injury Unit,Hospital-Chronic Care,Respiratory,430
N,,,Norovirus-like,,2018-01-30,2018-01-03,66 Roncesvalles Ave,Copernicus Lodge,LTCH,Enteric,431
N,,,Unable to identify,,2018-01-12,2018-01-02,600 University Ave,Mount Sinai Hospital - 10 North & 10 South,Hospital-Acute Care,Enteric,432
N,,,Influenza B,Metapneumovirus,2018-01-30,2018-01-02,3015 Lawrence Ave E,Rockcliffe Care Community,LTCH,Respiratory,433
N,,,Influenza B,,2018-01-29,2018-01-02,102 Craiglee Dr,Extendicare Craiglee,LTCH,Respiratory,434
N,,,Norovirus-like,,2018-01-17,2018-01-02,2 Buchan Crt,North York General Hospital - Seniors' Health Centre,LTCH,Enteric,435
N,,,Norovirus-like,,2018-01-22,2018-01-02,3760 Sheppard Ave E,Shepherd Lodge,LTCH,Enteric,436
N,,,Norovirus-like,,2018-01-16,2018-01-02,2075 Bayview Ave,Sunnybrook Health Sciences Centre - LFSE & LFSW,LTCH,Enteric,437
N,,,Norovirus-like,,2018-01-05,2018-01-01,2121 Kingston Rd,Retirement Suites by the Lake,Retirement Home,Enteric,438
N,,,Unable to identify,,2018-01-08,2018-01-01,2701 St Clair Ave E,St. Clair O'Connor Nursing Home,LTCH,Enteric,439
N,,,Unable to identify,,2018-01-10,2017-12-29,55 Belmont St,Belmont House - 5WW,LTCH,Respiratory,1
N,,,Unable to identify,,2018-01-26,2017-12-29,450 Rustic Rd,North Park Nursing Home - 2nd Fl,LTCH,Respiratory,2
N,,,Unable to identify,,2018-01-08,2017-12-29,40 Bell Estate Rd,Ina Grafton Gage Home - 1st Fl,LTCH,Respiratory,3
N,,,Influenza A (H3),Metapneumovirus,2018-01-15,2017-12-29,880 Lawrence Ave E,Greenview Lodge Retirement Home,Retirement Home,Respiratory,4
N,,,Influenza A (Not subtyped),,2018-01-05,2017-12-28,200 Elizabeth St,Toronto General Hospital - 8 Eaton South,Hospital-Acute Care,Respiratory,5
N,,,Influenza A (H3N2),,2018-01-05,2017-12-27,3560 Bathurst St,Baycrest Hospital - 3E,Hospital-Chronic Care,Respiratory,6
N,,,Influenza A (Not subtyped),,2018-01-02,2017-12-26,101 Humber College Blvd,William Osler Health System - 10th Fl Medicine/Respiratory,Hospital-Acute Care,Respiratory,7
N,,,Influenza A (H3),,2018-01-10,2017-12-26,1001 Queen St W - Unit 1-2,Centre for Addiction and Mental Health - Queen Site -,Hospital-Psychiatric,Respiratory,8
N,,,Influenza A (H3),Influenza B,2018-01-09,2017-12-25,10 William Morgan Dr,Leaside Retirement Residence - Building 10,Retirement Home,Respiratory,9
N,,,Influenza A (H3N2),,2018-01-03,2017-12-25,2075 Bayview Ave,Sunnybrook Health Sciences Centre - LTSW,LTCH,Respiratory,10
N,,,Unable to identify,,2018-01-05,2017-12-24,351 Christie St,Castleview Wychwood Tower - 5th Fl,LTCH,Respiratory,11
N,,,Unable to identify,,2018-01-02,2017-12-24,340 McCowan Rd,Chartwell Trilogy Long Term Care Residence - 3rd Fl,LTCH,Respiratory,12
N,,,Influenza A (H3N2),,2017-12-30,2017-12-22,2075 Bayview Ave,Sunnybrook Health Sciences Centre - K3E,LTCH,Respiratory,13
N,,,Unable to identify,,2017-12-28,2017-12-22,2339 Dufferin St,"St. Hilda's Towers - Dufferin Tower - MED, RIU & TCP",Retirement Home,Enteric,14
N,,,Influenza A (H3),,2017-12-30,2017-12-22,30 The Queensway,St. Joseph's Health Centre - 6G,Hospital-Acute Care,Respiratory,15
N,,,Respiratory syncytial virus,,2018-01-13,2017-12-21,130 Midland Ave,Midland Gardens Care Community,LTCH,Respiratory,16
N,,,Unable to identify,,2017-12-30,2017-12-21,1001 Queen St W - Unit 1-3 LGUB,Centre for Addiction and Mental Health - Queen Site -,Hospital-Psychiatric,Respiratory,17
N,,,Influenza A (H3),,2018-01-03,2017-12-20,3560 Bathurst St,Baycrest Hospital - 7 East,Hospital-Chronic Care,Respiratory,18
N,,,Clostridium difficile,,2018-05-01,2017-12-20,2075 Bayview Ave,Sunnybrook Health Sciences Centre - CrCU,Hospital-Acute Care,Enteric,19
N,,,Norovirus-like,,2018-01-03,2017-12-20,55 Belmont St,Belmont House - 4WW,LTCH,Enteric,20
N,,,Influenza B,,2018-01-02,2017-12-19,1066 Avenue Rd,Living Life on the Avenue Retirement Residence,Retirement Home,Respiratory,21
N,,,Norovirus-like,,2018-01-29,2017-12-19,1 Overland Dr,Better Living at Thompson House,LTCH,Enteric,22
N,,,Unable to identify,,2017-12-28,2017-12-18,1 Bridgepoint Dr,Bridgepoint Active Healthcare - 7 North & 6 South,Hospital-Chronic Care,Respiratory,23
N,,,Influenza A (Not subtyped),,2017-12-27,2017-12-18,541 Finch Ave W,Valleyview Residence - 3 East,LTCH,Respiratory,24
N,,,Norovirus-like,,2018-01-09,2017-12-18,1140 Bloor St W,New Horizons Tower,Retirement Home,Enteric,25
N,,,Influenza A (H3),,2017-12-31,2017-12-18,551 Conlins Rd,Extendicare Rouge Valley,LTCH,Respiratory,26
N,,,Respiratory syncytial virus,,2018-01-05,2017-12-18,60 Richview Rd,Ukrainian Canadian Care Centre,LTCH,Respiratory,27
N,,,Unable to identify,,2017-12-27,2017-12-15,35 Elm Grove Ave,Elm Grove Living Centre - 1st & 2nd Fl,LTCH,Respiratory,28
N,,,Influenza A (H3),Respiratory syncytial virus,2017-12-29,2017-12-15,101 Humber College Blvd,William Osler Health System - 7 West,Hospital-Acute Care,Respiratory,29
N,,,Influenza B,,2017-12-23,2017-12-14,2075 Bayview Ave,Sunnybrook Health Sciences Centre - LFSW,LTCH,Respiratory,30
N,,,Influenza A (H3),,2017-12-23,2017-12-14,30 The Queensway,St. Joseph's Health Centre - 3M,Hospital-Acute Care,Respiratory,31
N,,,Unable to identify,,2017-12-22,2017-12-14,9 Neilson Rd,Seven Oaks - 3rd Fl,LTCH,Respiratory,32
N,,,Norovirus-like,,2018-01-11,2017-12-13,1000 Ellesmere Rd,Fieldstone Commons Care Community - 4A & 4B,LTCH,Enteric,33
N,,,Unable to identify,,2017-12-19,2017-12-13,2339 Dufferin St,St. Hilda's Towers - RIU,Retirement Home,Enteric,34
N,,,Enterovirus/Rhinovirus,,2017-12-27,2017-12-12,2075 Bayview Ave,Sunnybrook Health Sciences Centre - LSSE & LSSW,LTCH,Respiratory,35
N,,,Enterovirus/Rhinovirus,,2018-01-05,2017-12-11,550 Cummer Ave,Extendicare Bayview,LTCH,Respiratory,36
N,,,Influenza A (H3),Parainfluenza virus,2018-01-02,2017-12-11,60 Guildwood Pky,Extendicare Guildwood,LTCH,Respiratory,37
N,,,Unable to identify,,2017-12-18,2017-12-11,1001 Queen St W - 80 Workman Way - 3rd Fl,Centre for Addiction and Mental Health - Queen Site,Hospital-Psychiatric,Enteric,38
N,,,Norovirus-like,,2017-12-18,2017-12-11,555 University Ave,The Hospital for Sick Children - 7D,Hospital-Acute Care,Enteric,39
N,,,Unable to identify,,2017-12-18,2017-12-10,250 College St,Centre for Addiction and Mental Health - Unit 5,Hospital-Psychiatric,Enteric,40
N,,,Unable to identify,,2017-12-18,2017-12-08,685 Finch Ave W,St. Bernard's Residence,Retirement Home,Respiratory,41
N,,,Unable to identify,,2017-12-26,2017-12-08,2 Buchan Crt,North York General Hospital - Seniors' Health Centre- 3rd Fl,LTCH,Respiratory,42
N,,,Norovirus-like,,2017-12-20,2017-12-08,60 Scottfield Dr - 4th Fl,Yee Hong Centre For Geriatric Care - Scarborough Finch -,LTCH,Enteric,43
N,,,Coronavirus,,2017-12-21,2017-12-08,2075 Bayview Ave,Sunnybrook Health Sciences Centre - D4,Hospital-Acute Care,Respiratory,44
N,,,Parainfluenza type 2,,2017-12-14,2017-12-07,2075 Bayview Ave,Sunnybrook Health Sciences Centre - LGSE,LTCH,Respiratory,45
N,,,Respiratory syncytial virus,,2017-12-14,2017-12-07,1 Bridgepoint Dr,Bridgepoint Active Healthcare - 9 South,Hospital-Chronic Care,Respiratory,46
N,,,Influenza B,,2017-12-14,2017-12-06,148 Markham Rd,Scarborough Retirement Residence,Retirement Home,Respiratory,47
N,,,Respiratory syncytial virus,,2017-12-15,2017-12-06,1860 Lawrence Ave E,The Wexford Residence - 5th Fl,LTCH,Respiratory,48
N,,,Parainfluenza type 4,,2017-12-14,2017-12-05,3560 Bathurst St,Baycrest Apotex Centre - 7RF,LTCH,Respiratory,49
N,,,Enterovirus/Rhinovirus,,2017-12-20,2017-12-04,3015 Lawrence Ave E,Rockcliffe Care Community,LTCH,Respiratory,50
N,,,Enterovirus/Rhinovirus,,2017-12-17,2017-12-03,2075 Bayview Ave,Sunnybrook Health Sciences Centre - LFSE,LTCH,Respiratory,51
N,,,Norovirus-like,,2017-12-15,2017-12-01,1955 Steeles Ave E,Chartwell Gibson Retirement Residence,Retirement Home,Enteric,52
N,,,Influenza A (H3),,2017-12-09,2017-12-01,30 Bond St,St. Michael's Hospital - 4 Donnelly - Palliative Care,Hospital-Acute Care,Respiratory,53
N,,,Norovirus-like,,2017-12-08,2017-11-30,2239 Dufferin St,St. Hilda's Towers - Vaughan Tower - Medical Unit,Retirement Home,Enteric,54
N,,,Enterovirus/Rhinovirus,,2017-12-11,2017-11-30,2075 Bayview Ave,Sunnybrook Health Sciences Centre - K2C,LTCH,Respiratory,55
N,,,Influenza A (H3),,2017-12-15,2017-11-29,1925 Steeles Ave E,Chartwell Gibson Long Term Care - Units 2 & 3,LTCH,Respiratory,56
N,,,Unable to identify,,2017-12-04,2017-11-24,1 Northwestern Ave,Harold and Grace Retirement Residence - 4th & 6th Fl,Retirement Home,Enteric,57
N,,,Unable to identify,,2017-12-02,2017-11-23,82 Buttonwood Ave,West Park Healthcare Centre - 2WF,Hospital-Chronic Care,Respiratory,58
N,,,Norovirus-like,,2017-12-04,2017-11-23,1 Northwestern Ave,Harold and Grace Baker Centre,LTCH,Enteric,59
N,,,Enterovirus/Rhinovirus,,2017-11-29,2017-11-21,2030 McNicoll Ave,Mon Sheong Scarborough Long Term Care - Ground Fl,LTCH,Respiratory,60
N,,,Influenza A (H3N2),Parainfluenza type 1,2017-12-05,2017-11-20,2920 Lawrence Ave E,Bendale Acres - 2 East Unit & 5th Fl,LTCH,Respiratory,61
N,,,Influenza B,,2017-12-05,2017-11-20,148 Markham Rd,Scarborough Retirement Residence,Retirement Home,Respiratory,62
N,,,Enterovirus/Rhinovirus,,2017-11-24,2017-11-15,2075 Bayview Ave,Sunnybrook Health Sciences Centre - LSSE,LTCH,Respiratory,63
N,,,Respiratory syncytial virus,,2017-11-30,2017-11-14,914 Bathurst St,Vermont Square - 4th Fl,LTCH,Respiratory,64
N,,,Unable to identify,,2017-11-20,2017-11-03,3015 Lawrence Ave E,Rockcliffe Care Community,LTCH,Enteric,65
N,,,Enterovirus/Rhinovirus,,2017-11-11,2017-11-03,555 University Ave,The Hospital for Sick Children - 6A,Hospital-Acute Care,Respiratory,66
N,,,Influenza A (H3),,2017-12-03,2017-11-02,102 Craiglee Dr,Extendicare Craiglee - 1 West,LTCH,Respiratory,67
N,,,Norovirus-like,,2017-11-13,2017-11-01,1020 McNicoll Ave,Tendercare Living Centre - 3rd Fl,LTCH,Enteric,68
N,,,Parainfluenza Type 1,,2017-11-10,2017-11-01,795 Eglinton Ave E,Suomi Koti Nursing Home,LTCH,Respiratory,69
N,,,Unable to identify,,2017-11-23,2017-10-31,3015 Lawrence Ave E,"Rockcliffe Care Community - 1st, 2nd & 3rd Fl",LTCH,Respiratory,70
N,,,Unable to identify,,2017-11-16,2017-10-31,147 Elder St,147 Elder Street,Retirement Home,Respiratory,71
N,,,Norovirus-like,,2017-11-08,2017-10-31,200 Dawes Rd,"True Davidson Acres - 1 West, 2 East & 2 West",LTCH,Enteric,72
N,,,Unable to identify,,2017-11-05,2017-10-27,45 Brunswick Ave,Kensington Gardens - North Building - 1 East,LTCH,Respiratory,73
N,,,Unable to identify,,2017-10-28,2017-10-19,60 Scottfield Dr - 2nd Fl,Yee Hong Centre for Geriatric Care - Scarborough Finch -,LTCH,Respiratory,74
N,,,Unable to identify,,2017-11-06,2017-10-17,914 Bathurst St,Vermont Square - 3rd Fl,LTCH,Respiratory,75
N,,,Unable to identify,,2017-10-26,2017-10-17,140 Sherway Dr,McCall Centre for Continuing Care - 3rd Fl Rehab,Hospital-Chronic Care,Respiratory,76
N,,,Enterovirus/Rhinovirus,,2017-10-29,2017-10-16,2075 Bayview Ave,Sunnybrook Health Sciences Centre - LSSE,LTCH,Respiratory,77
N,,,Unable to identify,,2017-10-26,2017-10-11,439 Sherbourne St,Fudger House - 1 West Unit & 3 West Unit,LTCH,Respiratory,78
N,,,Unable to identify,,2017-10-26,2017-10-09,1001 Queen St W,Centre for Addiction and Mental Health - Queen Site - GAU-B,Hospital-Psychiatric,Respiratory,79
N,,,Unable to identify,,2017-10-04,2017-09-27,9 Neilson Rd,Seven Oaks - 4th Fl - LTCH,LTCH,Respiratory,80
N,,,Parainfluenza type 2,,2017-10-05,2017-09-26,2075 Bayview Ave,Sunnybrook Health Sciences Centre - K2W,LTCH,Respiratory,81
N,,,Rhinovirus,,2017-09-26,2017-09-15,1 Overland Dr,Better Living At Thompson House - 3rd Fl,LTCH,Respiratory,82
N,,,Rhinovirus,,2017-09-27,2017-09-14,2920 Lawrence Ave E,Bendale Acres - 1st Fl West & 5th Fl,LTCH,Respiratory,83
N,,,Rhinovirus,,2017-09-25,2017-09-13,9 Neilson Rd,Seven Oaks - 5th Fl,LTCH,Respiratory,84
N,,,Norovirus-like,,2017-09-20,2017-09-13,551 Conlins Rd,Extendacare Rouge Valley,LTCH,Enteric,85
N,,,Rhinovirus,,2017-09-20,2017-09-12,3276 St Clair Ave E - Balsam & Maple,Providence Healthcare - Houses of Providence - HOP 1 West,LTCH,Respiratory,86
N,,,Rhinovirus,,2017-09-26,2017-09-12,1860 Lawrence Ave E,The Wexford - 5th Fl,LTCH,Respiratory,87
N,,,Rhinovirus,,2017-10-10,2017-09-12,205 Cummer Ave,Cummer Lodge - 3rd Fl North,LTCH,Respiratory,88
N,,,Rhinovirus,,2017-09-19,2017-09-11,2 Buchan Crt,Seniors' Health Centre - 1st Fl,LTCH,Respiratory,89
N,,,Rhinovirus,,2017-09-20,2017-09-08,880 Lawrence Ave E,Greenview Lodge,Retirement Home,Respiratory,90
N,,,Norovirus-like,,2017-09-19,2017-09-07,3276 St Clair Ave E,Providence Healthcare - Houses of Providence - HOP 3 & 4,LTCH,Enteric,91
N,,,Rhinovirus,Parainfluenza type 4,2017-09-07,2017-08-30,3050 Lawrence Ave E,The Scarborough and Rouge Hospital - General Site - Tower 7,Hospital-Acute Care,Respiratory,92
N,,,Rhinovirus,,2017-09-18,2017-08-30,33 Christie St,The O'Neill Centre - 4th Fl,LTCH,Respiratory,93
N,,,Rhinovirus,,2017-09-14,2017-08-28,82 Buttonwood Ave,West Park Long Term Care Centre - Humber & York Unit,LTCH,Respiratory,94
N,,,Rhinovirus,,2017-09-12,2017-08-28,1195 Queen St E,The Heritage Nursing Home - 2nd & 4th Fl,LTCH,Respiratory,95
N,,,Unable to identify,,2017-08-31,2017-08-21,95 Humber College Blvd,Humber Valley Terrace - 1st Fl,LTCH,Respiratory,96
N,,,Parainfluenza type 4,,2017-09-03,2017-08-20,60 Scottfield Dr,Yee Hong Centre for Geriatric Care -Finch Site-3rd & 6th Fl,LTCH,Respiratory,97
N,,,Rhinovirus,,2017-09-08,2017-08-18,5935 Bathurst St,Cheltenham Care Community,LTCH,Respiratory,98
N,,,Rhinovirus,,2017-08-31,2017-08-17,2 Buchan Crt,Seniors' Health Centre - 4th Fl,LTCH,Respiratory,99
N,,,Enterovirus/Rhinovirus,,2017-08-25,2017-08-17,555 University Ave,The Hospital for Sick Children - 5B,Hospital-Acute Care,Respiratory,100
N,,,Rhinovirus,,2017-09-05,2017-08-14,351 Christie St,Castleview Wychwood Towers - 4th Fl,LTCH,Respiratory,101
N,,,Rhinovirus,,2017-09-13,2017-08-13,130 Midland Ave,Midland Gardens Community Care,LTCH,Respiratory,102
N,,,Unable to identify,,2017-09-13,2017-08-11,3015 Lawrence Ave E,Rockcliffe Care Community,LTCH,Respiratory,103
N,,,Rhinovirus,,2017-08-24,2017-08-11,1925 Steeles Ave E,Chartwell Gibson Long Term Care Residence,LTCH,Respiratory,104
N,,,Enterovirus/Rhinovirus,,2017-08-16,2017-08-09,645 Castlefield Ave,"Forest Hill Place - 3rd, 4th, 8th Fl",Retirement Home,Respiratory,105
N,,,Rhinovirus,,2017-09-06,2017-08-09,2245 Lawrence Ave W,Village of Humber Heights - Islington,LTCH,Respiratory,106
N,,,Enterovirus/Rhinovirus,,2017-08-18,2017-08-09,2075 Bayview Ave,Sunnybrook Health Sciences Centre - LSSW,LTCH,Respiratory,107
N,,,Rhinovirus,,2017-08-26,2017-08-09,92 Island Rd,Altamont Care Community,LTCH,Respiratory,108
N,,,Rhinovirus,,2017-08-18,2017-08-07,3830 Lawrence Ave E,Extendicare Scarborough,LTCH,Respiratory,109
N,,,Influenza A (H3),Rhinovirus,2017-08-26,2017-08-05,2030 McNicoll Ave,Mon Sheong Scarborough Long Term Care Home - 1st Fl,LTCH,Respiratory,110
N,,,Unable to identify,,2017-08-09,2017-08-04,1001 Queen St W - 80 Workman Way - 2nd Fl GAU-A,Centre for Addiction and Mental Health - Queen Street Site -,Hospital-Chronic Care,Enteric,111
N,,,Adenovirus,Rhinovirus,2017-08-11,2017-08-04,2311 McNicoll Ave,Yee Hong Centre for Geriatric Care - McNicoll Site,LTCH,Respiratory,112
N,,,Rhinovirus,,2017-08-21,2017-08-04,1145 Albion Rd,Westside,LTCH,Respiratory,113
N,,,Unable to identify,,2017-08-11,2017-08-03,2005 Lawrence Ave W - 1st Fl,Weston Terrace Care Community - Franklin Carmichael Unit,LTCH,Respiratory,114
N,,,Parainfluenza type 4,,2017-08-18,2017-08-01,541 Finch Ave W,Valleyview Residence - 4th Fl,LTCH,Respiratory,115
N,,,Unable to identify,,2017-08-14,2017-08-01,14 St Matthews Rd,Bridgepoint Active Healthcare - 6 South,Hospital-Chronic Care,Enteric,116
N,,,Rhinovirus,,2017-08-10,2017-08-01,3560 Bathurst St,Baycrest Apotex - 5 EI,LTCH,Respiratory,117
N,,,Rhinovirus,,2017-08-09,2017-07-31,3760 Sheppard Ave E,Shepherd Lodge - 7th Fl,LTCH,Respiratory,118
N,,,Unable to identify,,2017-08-28,2017-07-25,3015 Lawrence Ave E,Rockcliffe Care Community,LTCH,Enteric,119
N,,,Rhinovirus,,2017-08-06,2017-07-24,1 Northwestern Ave,Harold and Grace Baker Retirement Residence,Retirement Home,Respiratory,120
N,,,Rhinovirus,,2017-08-10,2017-07-17,205 Cummer Ave,Cummer Lodge - 2 North,LTCH,Respiratory,121
N,,,Rhinovirus,,2017-07-21,2017-07-07,1 Canterbury Pl,Canterbury Place Retirement Residence,Retirement Home,Respiratory,122
N,,,Unable to identify,,2017-07-13,2017-07-06,1925 Steeles Ave E,Chartwell Gibson Long Term Care Centre - Unit 3,LTCH,Enteric,123
N,,,Unable to identify,,2017-07-21,2017-07-05,2030 McNicoll Ave,Mon Sheong Scarborough Long Term Care Centre - 3rd Fl,LTCH,Respiratory,124
N,,,Rhinovirus,,2017-07-11,2017-07-04,439 Sherbourne St,Fudger House - 1 East Unit,LTCH,Respiratory,125
N,,,Rhinovirus,,2017-07-24,2017-06-26,3015 Lawrence Ave E,Rockcliffe Care Community,LTCH,Respiratory,126
N,,,Rhinovirus,,2017-07-05,2017-06-26,35 Elm Grove Ave,Elm Grove Living Centre - 1st Fl,LTCH,Respiratory,127
N,,,Norovirus-like,,2017-06-28,2017-06-21,25 Centennial Park Rd,Centennial Park Place,Retirement Home,Enteric,128
N,,,Rhinovirus,,2017-07-04,2017-06-20,345 Sherbourne St,Rekai Centre at Sherbourne Place,LTCH,Respiratory,129
N,,,Parainfluenza type 3,,2017-06-29,2017-06-16,70 Humberline Dr,Deerwood Creek Care Community - 2A,LTCH,Respiratory,130
N,,,Clostridium difficile (Toxin B),,2017-08-10,2017-06-14,30 Bond St,St. Michael's Hospital - 8CS,Hospital-Acute Care,Enteric,131
N,,,Rhinovirus,,2017-06-23,2017-06-05,1195 Queen St E,The Heritage Nursing Home - 2nd Fl Unit,LTCH,Respiratory,132
N,,,Parainfluenza type 3,,2017-06-12,2017-06-02,3830 Lawrence Ave E,Extendicare Scarborough,LTCH,Respiratory,133
N,,,Enterovirus/Rhinovirus,,2017-06-09,2017-06-01,555 University Ave,The Hospital for Sick Children - NICU,Hospital-Acute Care,Respiratory,134
N,,,Parainfluenza type 4,Rhinovirus,2017-07-04,2017-06-01,1020 McNicoll Ave,Tendercare Living Centre - 2 East Unit & 2 West Unit,LTCH,Respiratory,135
N,,,Rhinovirus,,2017-06-12,2017-06-01,3015 Lawrence Ave E,Rockcliffe Care Community,LTCH,Respiratory,136
N,,,Rhinovirus,,2017-06-14,2017-05-30,1860 Lawrence Ave E,The Wexford Residence,LTCH,Respiratory,137
N,,,Unable to identify,,2017-06-07,2017-05-29,92 Island Rd,Altamont Care Community,LTCH,Respiratory,138
N,,,Rhinovirus,,2017-06-08,2017-05-29,429 Walmer Rd,Cedarvale Terrace - 4th & 6th Fl,LTCH,Respiratory,139
N,,,Parainfluenza type 3,Rhinovirus,2017-06-16,2017-05-28,130 Midland Ave,Midland Gardens,LTCH,Respiratory,140
N,,,Enterovirus/Rhinovirus,,2017-06-13,2017-05-28,2075 Bayview Ave,Sunnybrook Health Sciences Centre - LGSE & LGSW,LTCH,Respiratory,141
N,,,Influenza A (H3),,2017-06-06,2017-05-28,33 Christie St,The O'Neill Centre - 2nd Fl,LTCH,Respiratory,142
N,,,Enterovirus/Rhinovirus,,2017-06-03,2017-05-25,2075 Bayview Ave,Sunnybrook Health Sciences Centre - D4,Hospital-Acute Care,Respiratory,143
N,,,Influenza B,,2017-06-03,2017-05-25,66 Roncesvalles Ave,Copernicus Lodge - 6th Fl,LTCH,Respiratory,144
N,,,Metapneumovirus,Rhinovirus,2017-05-30,2017-05-24,1925 Steeles Ave E,Gibson Long Term Care Centre - Unit 2,LTCH,Respiratory,145
N,,,Unable to identify,,2017-05-29,2017-05-23,520 Markham Rd,Cedarbrook Lodge,Retirement Home,Enteric,146
N,,,Unable to identify,,2017-06-05,2017-05-23,3760 Sheppard Ave E,Shepherd Lodge - 3rd Fl,LTCH,Respiratory,147
N,,,Parainfluenza type 3,,2017-06-01,2017-05-16,2075 Bayview Ave,Sunnybrook Health Sciences Centre - LTSE,LTCH,Respiratory,148
N,,,Rhinovirus,,2017-05-29,2017-05-16,2920 Lawrence Ave E,"Bendale Acres - 1 West Unit, 2 East Unit & 3rd Fl Unit",LTCH,Respiratory,149
N,,,Coronavirus,Enterovirus/Rhinovirus,2017-05-31,2017-05-15,2075 Bayview Ave,Sunnybrook Health Sciences Centre - LFSE,LTCH,Respiratory,150
N,,,Influenza B,,2017-05-18,2017-05-10,880 Lawrence Ave E,Greenview Lodge,Retirement Home,Respiratory,151
N,,,Influenza B,,2017-05-17,2017-05-09,2075 Bayview Ave,Sunnybrook Health Sciences Centre - Ltch - K2w,LTCH,Respiratory,152
N,,,Rhinovirus,Coronavirus,2017-05-31,2017-05-08,45 Brunswick Ave,Kensington Gardens - North Building - 1 East & 1 West,LTCH,Respiratory,153
N,,,Influenza B,,2017-05-24,2017-05-07,1925 Steeles Ave E,Gibson Long Term Care Centre,LTCH,Respiratory,154
N,,,Parainfluenza type 3,,2017-05-11,2017-05-04,2411 Lawrence Ave E,Hellenic Home - Unit 3A,LTCH,Respiratory,155
N,,,Coronavirus,,2017-05-29,2017-05-04,205 Cummer Ave,Cummer Lodge - 2 South,LTCH,Respiratory,156
N,,,Influenza B,Respiratory syncytial virus,2017-06-05,2017-05-01,1955 Steeles Ave E,Chartwell Gibson Retirement Residence,Retirement Home,Respiratory,157
N,,,Rhinovirus,,2017-05-06,2017-04-27,45 Brunswick Ave,Kensington Gardens - North Building - 2 East,LTCH,Respiratory,158
N,,,Influenza B,,2017-05-05,2017-04-26,122 Tyndall Ave,Norwood Nursing Home - 1st Fl,LTCH,Respiratory,159
N,,,Parainfluenza type 3,,2017-05-02,2017-04-20,351 Christie St,Castleview Wychwood Towers - 2nd & 3rd Fl,LTCH,Respiratory,160
N,,,Influenza A (H3),,2017-04-27,2017-04-19,84 Davisville Ave,Meighen Retirement Residence,Retirement Home,Respiratory,161
N,,,Parainfluenza type 3,Respiratory syncytial virus,2017-04-27,2017-04-19,65 Livingston Rd,Chartwell Guildwood Retirement Residence,Retirement Home,Respiratory,162
N,,,Metapneumovirus,Coronavirus,2017-05-01,2017-04-18,305 Balliol St,Claremont Retirement Residence,Retirement Home,Respiratory,163
N,,,Influenza A (H3N2),,2017-04-26,2017-04-15,70 Humberline Dr,Deerwood Creek Care Community - 3A,LTCH,Respiratory,164
N,,,Influenza A (H3N2),,2017-04-20,2017-04-12,2075 Bayview Ave,Sunnybrook Health Sciences Centre - K2C,LTCH,Respiratory,165
N,,,Influenza A (Not subtyped),,2017-04-16,2017-04-09,3276 St Clair Ave E,Providence Healthcare - Unit D3,Hospital-Chronic Care,Respiratory,166
N,,,Respiratory syncytial virus,,2017-04-24,2017-04-07,3050 Lawrence Ave E - CP1,Scarborough And Rouge Hospital - Scarborough General Site -,Hospital-Acute Care,Respiratory,167
N,,,Metapneumovirus,,2017-04-16,2017-04-07,5935 Bathurst St,Cheltenham Care Community - 1st Fl,LTCH,Respiratory,168
N,,,Influenza A (H3),"Enterovirus, Rhinovirus",2017-04-20,2017-04-05,1955 Steeles Ave E,Chartwell Gibson Retirement Residence,Retirement Home,Respiratory,169
N,,,Respiratory syncytial virus,,2017-04-19,2017-04-04,1925 Steeles Ave E,Chartwell Gibson Long Term Care - 3rd Fl,LTCH,Respiratory,170
N,,,Rhinovirus,,2017-04-07,2017-04-04,82 Buttonwood Ave,West Park Healthcare Centre - 2WF,Hospital-Chronic Care,Respiratory,171
N,,,Parainfluenza type 3,,2017-04-19,2017-04-04,1340 York Mills Rd,Rayoak Place Retirement Residence,Retirement Home,Respiratory,172
N,,,"Rhinovirus, Coronavirus",Metapneumovirus,2017-04-26,2017-04-03,1195 Queen St E,The Heritage Nursing Home,LTCH,Respiratory,173
N,,,Influenza B,,2017-04-19,2017-04-03,2920 Lawrence Ave E,Bendale Acres,LTCH,Respiratory,174
N,,,Rhinovirus,,2017-04-13,2017-04-03,3015 Lawrence Ave E,Rockcliffe Care Community,LTCH,Respiratory,175
N,,,Coronavirus,,2017-04-17,2017-04-03,2075 Bayview Ave,Sunnybrook Health Sciences Centre - LSSE,LTCH,Respiratory,176
N,,,Unable to identify,,2017-04-11,2017-04-03,55 Belmont St,Belmont House - 5W,LTCH,Enteric,177
N,,,Metapneumovirus,Parainfluenza type 3,2017-04-11,2017-03-31,111 Avenue Rd,Hazelton Place Retirement Residence,Retirement Home,Respiratory,178
N,,,Metapneumovirus,,2017-04-16,2017-03-29,3276 St Clair Ave E,Providence Healthcare - Houses of Providence - 4th Fl,LTCH,Respiratory,179
N,,,Metapneumovirus,,2017-04-10,2017-03-29,555 University Ave,The Hospital for Sick Children - 6A & 6B,Hospital-Acute Care,Respiratory,180
N,,,Influenza B,,2017-04-17,2017-03-27,1145 Albion Rd,Westside,LTCH,Respiratory,181
N,,,Influenza B,"Coronavirus, Enterovirus",2017-04-10,2017-03-27,3595 Keele St,Downsview Long Term Care Centre - 2 Centre,LTCH,Respiratory,182
N,,,Influenza A (H3),Coronavirus,2017-04-07,2017-03-27,306 Finch Ave E,Carefree Lodge - Garden Level,LTCH,Respiratory,183
N,,,Coronavirus,,2017-04-30,2017-03-26,36 D'Arcy St,Mon Sheong Home for the Aged - 5th Fl,LTCH,Respiratory,184
N,,,Unable to identify,,2017-04-08,2017-03-24,205 Cummer Ave,Cummer Lodge - 3 North,LTCH,Respiratory,185
N,,,Influenza A (H3),,2017-04-04,2017-03-23,1020 McNicoll Ave,Tendercare Living Centre,LTCH,Respiratory,186
N,,,Coronavirus,Metapneumovirus,2017-04-09,2017-03-22,2075 Bayview Ave,Sunnybrook Health Sciences Centre - K2W,LTCH,Respiratory,187
N,,,Influenza A (H3),Respiratory syncytial virus,2017-03-30,2017-03-21,92 Island Rd,Sienna Altamont Care Community,LTCH,Respiratory,188
N,,,Influenza A (H3N2),,2017-04-03,2017-03-20,420 The East Mall,Eatonville Care Centre,LTCH,Respiratory,189
N,,,Parainfluenza type 3,,2017-04-05,2017-03-17,52 Neilson Dr,Dom Lipa Nursing Home,LTCH,Respiratory,190
N,,,Coronavirus,,2017-03-30,2017-03-15,2030 Mcnicoll Ave,Mon Sheong Scarborough Long Term Care Centre - 4th Fl,LTCH,Respiratory,191
N,,,Respiratory syncytial virus,Rhinovirus,2017-04-03,2017-03-14,795 Eglinton Ave E,Suomi Koti - 7th Fl,LTCH,Respiratory,192
N,,,Influenza A (H3N2),,2017-03-24,2017-03-14,2075 Bayview Ave,Sunnybrook Health Sciences Centre - LSSW,LTCH,Respiratory,193
N,,,Unable to identify,,2017-03-20,2017-03-14,130 Midland Ave,Midland Gardens Care Community - 5th Fl,LTCH,Enteric,194
N,,,Influenza A (Not subtyped),,2017-03-23,2017-03-14,825 Coxwell Ave,Michael Garron Hospital - A3,Hospital-Acute Care,Respiratory,195
N,,,Unable to identify,,2017-03-19,2017-03-14,3560 Bathurst St,Baycrest Centre for Geriatric Care - 3 West,Hospital-Chronic Care,Enteric,196
N,,,Respiratory syncytial virus,Rhinovirus,2017-03-21,2017-03-14,685 Finch Ave W,St. Bernard's Residence,Retirement Home,Respiratory,197
N,,,Influenza B,"Parainfluenza type 3,  Respiratory syncytial virus",2017-04-04,2017-03-14,82 Buttonwood Ave,West Park Long Term Care Centre - 3rd Fl,LTCH,Respiratory,198
N,,,Norovirus-like,,2017-03-31,2017-03-14,767 Royal York Rd,Ivan Franko Home,LTCH,Enteric,199
N,,,Respiratory syncytial virus,Rhinovirus,2017-03-30,2017-03-13,82 Buttonwood Ave,West Park Healthcare Centre - 3EC,Hospital-Chronic Care,Respiratory,200
N,,,Respiratory syncytial virus,,2017-03-19,2017-03-13,101 Humber College Blvd,William Osler Health System - 7 East,Hospital-Acute Care,Respiratory,201
N,,,Influenza A (H3),Respiratory syncytial virus,2017-03-20,2017-03-10,1020 McNicoll Ave,Tendercare Living Centre,LTCH,Respiratory,202
N,,,Influenza A (H3N2),,2017-03-19,2017-03-10,2075 Bayview Ave,Sunnybrook Health Sciences Centre - LTSE & LTSW,LTCH,Respiratory,203
N,,,Influenza A (H3),,2017-03-17,2017-03-10,101 Humber College Blvd,William Osler Health System - 7 West,Hospital-Acute Care,Respiratory,204
N,,,Influenza A (H3N2),Coronavirus,2017-03-24,2017-03-08,285 Cummer Ave,St. John's Rehabilitation Hospital - A1,Hospital-Chronic Care,Respiratory,205
N,,,Influenza A (H3),,2017-03-20,2017-03-07,150 Dunn Ave,Lakeside Long Term Care Centre,LTCH,Respiratory,206
N,,,Metapneumovirus,,2017-03-13,2017-03-06,645 Castlefield Ave,Forest Hill Place,Retirement Home,Respiratory,207
N,,,Unable to identify,,2017-03-17,2017-03-06,2339 Dufferin St,St. Hilda's Towers - OCP & TCP,Retirement Home,Enteric,208
N,,,Unable to identify,,2017-03-11,2017-03-05,1001 Queen St W - Unit 2-4,Centre for Addiction and Mental Health - Queen Site -,Hospital-Psychiatric,Enteric,209
N,,,Norovirus-like,,2017-03-13,2017-03-04,25 Brunswick Ave,Kensington Gardens - South Building - 2 East,LTCH,Enteric,210
N,,,Norovirus-like,,2017-03-14,2017-03-04,45 Brunswick Ave,Kensington Gardens - North Building - 2 East & 2 West,LTCH,Enteric,211
N,,,Unable to identify,,2017-03-16,2017-03-03,123 Spadina Rd,The Annex Retirement Residence,Retirement Home,Enteric,212
N,,,Influenza A (Not subtyped),Influenza B,2017-03-17,2017-03-01,15 Barbery Pl,Amica At Bayview - 2nd  Fl & 4th Fl,Retirement Home,Respiratory,213
N,,,Respiratory syncytial virus,,2017-03-10,2017-02-28,285 Cummer Ave,St. John's Rehabilitation Hospital - A3,Hospital-Chronic Care,Respiratory,214
N,,,Coronavirus,,2017-03-12,2017-02-27,60 Scottfield Dr - 3rd & 5th Fl,Yee Hong Centre For Geriatric Care - Scarborough Finch -,LTCH,Respiratory,215
N,,,Influenza A (H3),Rhinovirus,2017-03-15,2017-02-26,550 Cummer Ave,Extendicare Bayview,LTCH,Respiratory,216
N,,,Influenza A (H3),,2017-03-01,2017-02-22,25 Brunswick Ave,Kensington Gardens - North Building - 2 West,LTCH,Respiratory,217
N,,,Norovirus-like,,2017-03-06,2017-02-21,2601 Bayview Ave,Cedarhurst Dementia Care Home,Retirement Home,Enteric,218
N,,,Norovirus-like,,2017-03-05,2017-02-21,8 Donway Pl E,Donway Place,Retirement Home,Enteric,219
N,,,Influenza A (Not subtyped),Coronavirus,2017-03-06,2017-02-21,221 Milner Ave,Sts. Peter And Paul Residence,Retirement Home,Respiratory,220
N,,,Norovirus-like,,2017-03-12,2017-02-20,52 Neilson Dr,Dom Lipa Nursing Home,LTCH,Enteric,221
N,,,Influenza A (H3),,2017-03-03,2017-02-19,1400 Kennedy Rd,Kennedy Lodge Nursing Home,LTCH,Respiratory,222
N,,,Influenza A (H3),"Enterovirus, Metapneumovirus",2017-02-27,2017-02-17,82 Buttonwood Ave,West Park Healthcare Centre - 3EA,Hospital-Chronic Care,Respiratory,223
N,,,Unable to identify,,2017-02-19,2017-02-15,150 Kilgour Rd,Holland Bloorview Kids Rehabilitation Hospital - 3 BIRT,Hospital-Chronic Care,Enteric,224
N,,,Coronavirus,,2017-02-24,2017-02-15,720 Mount Pleasant Rd,The Briton House Retirement Centre - 8th Fl North Tower,Retirement Home,Respiratory,225
N,,,Coronavirus,,2017-02-27,2017-02-15,65 Livingston Rd,Chartwell Guildwood Retirement Residence,Retirement Home,Respiratory,226
N,,,Respiratory syncytial virus,,2017-02-23,2017-02-14,2075 Bayview Ave,Sunnybrook Health Sciences Centre - LTSE,LTCH,Respiratory,227
N,,,Metapneumovirus,,2017-02-21,2017-02-13,439 Sherbourne St,Fudger House - 3 East & 3 West,LTCH,Respiratory,228
N,,,Influenza A (Not subtyped),"Coronavirus, Respiratory syncytial virus",2017-03-01,2017-02-12,40 Playfair Ave,Villa Colombo - 4th Fl Fusco & 5th Fl Fidani,LTCH,Respiratory,229
N,,,Influenza A (H3),,2017-02-19,2017-02-10,550 University Ave - 6 South,UHN Toronto Rehabilitation Institute - University Centre -,Hospital-Chronic Care,Respiratory,230
N,,,Norovirus-like,,2017-02-21,2017-02-10,4251 Dundas St W,Kingsway Retirement Home - 2nd Fl,Retirement Home,Enteric,231
N,,,Influenza A (H3),Respiratory syncytial virus,2017-02-23,2017-02-10,2030 McNicoll Ave,Mon Sheong Scarborough Long Term Care Centre,LTCH,Respiratory,232
N,,,Coronavirus,,2017-02-22,2017-02-10,2075 Bayview Ave,Sunnybrook Health Sciences Centre - LGSW,LTCH,Respiratory,233
N,,,Coronavirus,,2017-02-24,2017-02-10,70 Humberline Dr,Deerwood Creek Care Community - 1A,LTCH,Respiratory,234
N,,,Parainfluenza type 3,,2017-02-18,2017-02-09,3705 Bathurst St,Terrace Gardens,Retirement Home,Respiratory,235
N,,,Influenza A (H3),Respiratory syncytial virus,2017-03-06,2017-02-09,351 Christie St,Castleview Wychwood Towers - 5th Fl,LTCH,Respiratory,236
N,,,Norovirus-like,,2017-02-27,2017-02-09,60 Guildwood Pky,Extendicare Guildwood,LTCH,Enteric,237
N,,,Respiratory syncytial virus,,2017-02-22,2017-02-09,95 Humber College Blvd,Humber Valley Terrace - 3rd Fl,LTCH,Respiratory,238
N,,,Influenza A (H3),,2017-02-19,2017-02-09,2245 Lawrence Ave W,Village Of Humber Heights - Weston,LTCH,Respiratory,239
N,,,Respiratory syncytial virus,,2017-02-21,2017-02-07,305 Balliol St,Claremont Retirement Residence,Retirement Home,Respiratory,240
N,,,Influenza A (H3N2),,2017-02-14,2017-02-07,1238 Queen St E,Avondale Retirement Residence,Retirement Home,Respiratory,241
N,,,Unable to identify,,2017-02-21,2017-02-07,1020 McNicoll Ave,McNicoll Manor/Moll Berczy Haus,Retirement Home,Enteric,242
N,,,Influenza A (H3N2),,2017-02-16,2017-02-06,3595 Keele St,Downsview Long Term Care Centre - 1 East & 1 Centre,LTCH,Respiratory,243
N,,,Influenza A (H3),,2017-02-15,2017-02-06,2121 Kingston Rd,Retirement Suites By The Lake,Retirement Home,Respiratory,244
N,,,Influenza A (H3),,2017-02-16,2017-02-06,2005 Lawrence Ave W,Weston Terrace Care Community - Units 1A & 4A,LTCH,Respiratory,245
N,,,Respiratory syncytial virus,,2017-03-03,2017-02-06,205 Cummer Ave,Cummer Lodge - 2 North,LTCH,Respiratory,246
N,,,Influenza A (H3),"Coronavirus, Respiratory syncytial virus",2017-02-28,2017-02-05,60 Scottfield Dr,Yee Hong Centre For Geriatric Care - Scarborough Finch,LTCH,Respiratory,247
N,,,Influenza A (H3),,2017-02-14,2017-02-03,3197 Lakeshore Blvd W,Lakeshore Lodge - 2nd Fl,LTCH,Respiratory,248
N,,,Influenza A (H3),,2017-02-14,2017-02-02,3830 Lawrence Ave E,Extendicare Scarborough,LTCH,Respiratory,249
N,,,Norovirus-like,,2017-02-14,2017-02-02,1066 Avenue Rd,Living Life On The Avenue,Retirement Home,Enteric,250
N,,,Influenza A (H3),,2017-02-10,2017-02-02,610 University Ave,Princess Margaret Hospital - 14A,Hospital-Acute Care,Respiratory,251
N,,,Influenza A (H3),,2017-02-08,2017-02-01,3276 St Clair Ave E,Providence Healthcare - B3 South Wing,Hospital-Chronic Care,Respiratory,252
N,,,Influenza A (H3),,2017-02-15,2017-01-31,2920 Lawrence Ave E,Bendale Acres,LTCH,Respiratory,253
N,,,Influenza A (H3),,2017-02-20,2017-01-31,1 Overland Dr,Better Living At Thompson House,LTCH,Respiratory,254
N,,,Influenza A (H3),,2017-02-05,2017-01-31,718 Sheppard Ave W,L'Chaim Retirement Home,Retirement Home,Respiratory,255
N,,,Norovirus-like,,2017-02-16,2017-01-31,92 Island Rd,Altamont Care Community,LTCH,Enteric,256
N,,,Unable to identify,,2017-02-08,2017-01-31,4180 Dundas St W,Delmanor Prince Edward Retirement Home,Retirement Home,Enteric,257
N,,,Norovirus-like,,2017-02-17,2017-01-30,1020 McNicoll Ave,Tendercare Living Centre,LTCH,Enteric,258
N,,,Influenza A (H3),Coronavirus,2017-02-16,2017-01-28,60 Guildwood Pky,Extendicare Guildwood,LTCH,Respiratory,259
N,,,Unable to identify,,2017-02-07,2017-01-27,123 Spadina Rd,The Annex - 3rd & 5th Fl,Retirement Home,Enteric,260
N,,,Influenza A (H3),Rhinovirus,2017-02-17,2017-01-27,59 Lawson Rd,Tony Stacey Centre For Veterans Care,LTCH,Respiratory,261
N,,,Coronavirus,Metapneumovirus,2017-02-21,2017-01-27,1340 York Mills Rd,Rayoak Residence,Retirement Home,Respiratory,262
N,,,Influenza A (H3),,2017-02-08,2017-01-26,1925 Steeles Ave E,Gibson Long Term Care - 2nd Fl,LTCH,Respiratory,263
N,,,Influenza A (H3),,2017-02-03,2017-01-25,399 Bathurst St,Toronto Western Hospital - 9A,Hospital-Acute Care,Respiratory,264
N,,,Norovirus-like,,2017-02-26,2017-01-25,66 Roncesvalles Ave,"Copernicus Lodge - 1 North, 2 North & 3 South",LTCH,Enteric,265
N,,,Respiratory syncytial virus,,2017-03-04,2017-01-25,130 Midland Ave,Midland Gardens Care Community,LTCH,Respiratory,266
N,,,Influenza A (Not subtyped),,2017-02-02,2017-01-25,30 The Queensway,St. Joseph's Health Centre - 2LM,Hospital-Acute Care,Respiratory,267
N,,,Coronavirus,,2017-02-04,2017-01-24,2075 Bayview Ave,Sunnybrook Health Sciences Centre - K3E,LTCH,Respiratory,268
N,,,Influenza A (Not subtyped),,2017-02-03,2017-01-24,30 The Queensway,St. Joseph's Health Centre - 6M,Hospital-Acute Care,Respiratory,269
N,,,Influenza A (H3),"Adenovirus, Metapneumovirus",2017-02-13,2017-01-24,439 Sherbourne St,"Fudger House - 2E, 3E, 2W & 3W",LTCH,Respiratory,270
N,,,Influenza A (H3),,2017-02-01,2017-01-23,351 Christie St,Castleview Wychwood Towers - 7th Fl,LTCH,Respiratory,271
N,,,Respiratory syncytial virus,Parainfluenza type 1,2017-02-01,2017-01-23,22 Norfinch Dr,Norfinch Care Community - 1A,LTCH,Respiratory,272
N,,,Influenza A (H3),Coronavirus,2017-02-09,2017-01-23,221 Milner Ave,Sts. Peter And Paul Residence,Retirement Home,Respiratory,273
N,,,Influenza A (H3),,2017-02-03,2017-01-23,35 Elm Grove Ave,Elm Grove Living Centre - 1st & 2nd Fl,LTCH,Respiratory,274
N,,,Respiratory syncytial virus,,2017-02-01,2017-01-22,825 Coxwell Ave,Michael Garron Hospital - F3,Hospital-Acute Care,Respiratory,275
N,,,Influenza A (H3),,2017-01-30,2017-01-22,4001 Leslie St,North York General Hospital - General Division - 5 West,Hospital-Acute Care,Respiratory,276
N,,,Norovirus-like,,2017-03-04,2017-01-21,5758 Sheppard Ave E,Shepherd Terrace Retirement Residence,Retirement Home,Enteric,277
N,,,Respiratory syncytial virus,,2017-01-24,2017-01-20,1 Bridgepoint Dr,Bridgepoint Active Healthcare - 2 South,Hospital-Chronic Care,Respiratory,278
N,,,Influenza A (H3),Coronavirus,2017-02-09,2017-01-20,205 Cummer Ave,Cummer Lodge,LTCH,Respiratory,279
N,,,Respiratory syncytial virus,,2017-01-27,2017-01-20,450 Rustic Rd,North Park Nursing Home - 1st Fl,LTCH,Respiratory,280
N,,,Unable to identify,,2017-02-07,2017-01-20,541 Finch Ave W,Valleyview Residence - 4th Fl,LTCH,Respiratory,281
N,,,Norovirus-like,,2017-02-03,2017-01-20,1955 Steeles Ave E,Gibson Retirement Residence,Retirement Home,Enteric,282
N,,,Influenza A (H3),,2017-02-04,2017-01-20,95 Humber College Blvd,Humber Valley Terrace,LTCH,Respiratory,283
N,,,Influenza A (H3),,2017-02-07,2017-01-20,306 Finch Ave E,Carefree Lodge,LTCH,Respiratory,284
N,,,Norovirus-like,,2017-02-10,2017-01-20,1800 O'Connor Dr,Harmony Hills Care Community,LTCH,Enteric,285
N,,,Influenza A (H3N2),Coronavirus,2017-02-09,2017-01-19,2075 Bayview Ave,Sunnybrook Health Sciences Centre  - LGSE,LTCH,Respiratory,286
N,,,Influenza A (H3N2),Coronavirus,2017-02-02,2017-01-19,2075 Bayview Ave,Sunnybrook Health Sciences Centre - LGSW,LTCH,Respiratory,287
N,,,Influenza A (H3N2),,2017-02-01,2017-01-19,43 Wellesley St E - 17E Holland Centre,Sunnybrook Holland Orthopaedic & Arthritic Centre -,Hospital-Chronic Care,Respiratory,288
N,,,Influenza A (H3),,2017-01-27,2017-01-19,101 Humber College Blvd,William Osler Health System - 7 West,Hospital-Acute Care,Respiratory,289
N,,,Influenza A (H3N2),,2017-01-29,2017-01-19,2075 Bayview Ave,Sunnybrook Health Sciences Centre - LSSE,LTCH,Respiratory,290
N,,,Influenza A (H3),Coronavirus,2017-01-22,2017-01-18,1 Northwestern Ave,Harold and Grace Baker Centre - C Wing,LTCH,Respiratory,291
N,,,Influenza A (H3),Respiratory syncytial virus,2017-02-09,2017-01-18,400 The West Mall,Wesburn Manor - 2nd & 3rd Fl,LTCH,Respiratory,292
N,,,Influenza A (H3),,2017-01-29,2017-01-18,30 The Queensway,St. Joseph's Health Centre - 6G,Hospital-Acute Care,Respiratory,293
N,,,Influenza A (H3N2),,2017-02-02,2017-01-18,2311 McNicoll Ave,Yee Hong Centre For Geriatric Care - Ground & 5th Fl,LTCH,Respiratory,294
N,,,Influenza A (H3),Coronavirus,2017-01-29,2017-01-18,1400 Kennedy Rd,Kennedy Lodge,LTCH,Respiratory,295
N,,,Influenza A (Not subtyped),,2017-01-30,2017-01-18,30 The Queensway,St. Joseph's Health Centre - 4M,Hospital-Acute Care,Respiratory,296
N,,,Coronavirus,,2017-02-02,2017-01-17,4005 Eglinton Ave W,Chartwell Scarlett Heights Retirement Residence,Retirement Home,Respiratory,297
N,,,Influenza A (H3),,2017-02-03,2017-01-17,70 Humberline Dr,Deerwood Creek Care Community - 3A,LTCH,Respiratory,298
N,,,Influenza A (H3),,2017-01-20,2017-01-17,399 Bathurst St,Toronto Western Hospital - 4B,Hospital-Acute Care,Respiratory,299
N,,,Influenza A (H3),Coronavirus,2017-02-02,2017-01-17,55 Belmont St,Belmont House - 2W & 5W,LTCH,Respiratory,300
N,,,Influenza A (H3),,2017-01-25,2017-01-17,101 Humber College Blvd,William Osler Health System - 10th Level,Hospital-Acute Care,Respiratory,301
N,,,Influenza A (H3),,2017-01-29,2017-01-17,3838 Bloor St W,Elim Springs Retirement Residence,Retirement Home,Respiratory,302
N,,,Respiratory syncytial virus,,2017-02-06,2017-01-16,2245 Lawrence Ave W,Village of Humber Heights - Brule,LTCH,Respiratory,303
N,,,Influenza A (H3),,2017-01-27,2017-01-16,3015 Lawrence Ave E - 1st & 2nd Fl,"Leisureworld Caregiving Centre - Rockcliffe - Ground,",LTCH,Respiratory,304
N,,,Influenza A (H3),,2017-01-24,2017-01-16,3560 Bathurst St,Baycrest Apotex Centre - 6EI,LTCH,Respiratory,305
N,,,Norovirus-like,,2017-02-02,2017-01-16,102 Craiglee Dr,Extendicare Craiglee,LTCH,Enteric,306
N,,,Metapneumovirus,"Metapneumovirus, Coronavirus",2017-01-30,2017-01-15,3050 Lawrence Ave E - CP1,Scarborough and Rouge Hospital - General Campus -,Hospital-Acute Care,Respiratory,307
N,,,Influenza A (H3),,2017-01-23,2017-01-14,140 Sherway Dr,McCall Centre for Continuing Care - 3rd Fl Rehabilitation,Hospital-Chronic Care,Respiratory,308
N,,,Influenza A (H3),,2017-02-01,2017-01-14,1000 Ellesmere Rd,Fieldstone Commons Care Community,LTCH,Respiratory,309
N,,,Norovirus-like,,2017-01-25,2017-01-14,140 Sherway Dr,McCall Centre for Continuing Care - 3rd Fl,Hospital-Chronic Care,Enteric,310
N,,,Influenza A (H3),,2017-01-29,2017-01-13,500 Kingston Rd,Atrium At Kew Beach,Retirement Home,Respiratory,311
N,,,Influenza A (H3),Respiratory syncytial virus,2017-01-31,2017-01-13,215 Tyrrell Ave,Hellenic Care For Seniors,LTCH,Respiratory,312
N,,,Norovirus-like,,2017-01-26,2017-01-13,3555 Kingston Rd,Momiji Health Care Society,Retirement Home,Enteric,313
N,,,Respiratory syncytial virus,,2017-02-06,2017-01-13,5935 Bathurst St,Cheltenham Care Community,LTCH,Respiratory,314
N,,,Coronavirus,,2017-01-23,2017-01-13,2339 Dufferin St - TCP & RIU,St. Hilda's Towers - Dufferin Tower - Transitional Care Unit,Retirement Home,Respiratory,315
N,,,Unable to identify,,2017-01-24,2017-01-13,2339 Dufferin St,St. Hilda's Towers - Dufferin Tower - Transitional Care Unit,Retirement Home,Enteric,316
N,,,Influenza A (H3),Coronavirus,2017-01-27,2017-01-13,10 Senlac Rd,Chartwell Lansing Retirement Residence,Retirement Home,Respiratory,317
N,,,Influenza A (H3),,2017-01-23,2017-01-12,914 Bathurst St,Vermont Square - 6th & 7th Fl,LTCH,Respiratory,318
N,,,Unable to identify,,2017-01-27,2017-01-12,2045 Finch Ave W,Hawthorne Place Care Centre,LTCH,Enteric,319
N,,,Influenza A (H3N2),,2017-01-24,2017-01-12,1066 Avenue Rd,Living Life On The Avenue Retirement Residence,Retirement Home,Respiratory,320
N,,,Influenza A (H3),,2017-01-23,2017-01-12,155 Balmoral Ave,Amica At The Balmoral Club,Retirement Home,Respiratory,321
N,,,Respiratory syncytial virus,,2017-01-27,2017-01-12,2075 Bayview Ave,Sunnybrook Health Sciences Centre - LTSW,LTCH,Respiratory,322
N,,,Influenza A (H3),,2017-01-24,2017-01-12,260 Bayview Ave,Cedarhurst Dementia Care Home - 2nd Fl,Retirement Home,Respiratory,323
N,,,Respiratory syncytial virus,,2017-01-31,2017-01-11,52 Neilson Dr,Dom Lipa Nursing Home,LTCH,Respiratory,324
N,,,Influenza A (H3),,2017-01-26,2017-01-11,65 Livingston Rd,Chartwell Guildwood Retirement Residence,Retirement Home,Respiratory,325
N,,,Norovirus-like,,2017-02-11,2017-01-11,1925 Steeles Ave E,Gibson Long Term Care,LTCH,Enteric,326
N,,,Influenza A (H3N2),,2017-01-20,2017-01-11,2075 Bayview Ave,Sunnybrook Health Sciences Centre - D5,Hospital-Acute Care,Respiratory,327
N,,,Influenza A (H3),Coronavirus,2017-01-23,2017-01-11,2045 Finch Ave W,Hawthorne Place Care Centre,LTCH,Respiratory,328
N,,,Influenza A (H3),,2017-01-19,2017-01-10,130 Dunn Ave,Toronto Rehabilitation Institute - Bickle Centre - North 4,Hospital-Chronic Care,Respiratory,329
N,,,Influenza A (H3N2),,2017-01-19,2017-01-10,285 Cummer Ave,St. John's Rehabilitation Centre - A4,Hospital-Chronic Care,Respiratory,330
N,,,Respiratory syncytial virus,,2017-01-18,2017-01-10,82 Buttonwood Ave,West Park Healthcare Centre - 2EC,Hospital-Chronic Care,Respiratory,331
N,,,Influenza A (H3),Coronavirus,2017-01-24,2017-01-10,340 McCowan Rd,Trilogy Long Term Care Home - 3rd & 5th Fl,LTCH,Respiratory,332
N,,,Coronavirus,Respiratory syncytial virus,2017-01-27,2017-01-10,2411 Lawrence Ave E,Hellenic Home - Ground Fl,LTCH,Respiratory,333
N,,,Influenza A (H3N2),Parainfluenza type 1,2017-01-21,2017-01-09,866 Sheppard Ave W,Kensington Place Retirement Residence,Retirement Home,Respiratory,334
N,,,Influenza A (H3),,2017-01-19,2017-01-09,2881 Eglinton Ave E,McCowan Retirement Residence,Retirement Home,Respiratory,335
N,,,Influenza A (H3),,2017-01-17,2017-01-09,4001 Leslie St,North York General Hospital - 4N,Hospital-Acute Care,Respiratory,336
N,,,Influenza A (H3),,2017-01-23,2017-01-09,262 St Clair Ave E,The Russell Hill Retirement Residence,Retirement Home,Respiratory,337
N,,,Influenza A (H3N2),,2017-01-24,2017-01-09,4 Teddington Park Ave,The Teddington Retirement Residence,Retirement Home,Respiratory,338
N,,,Influenza A (H3),"Coronavirus, Respiratory syncytial virus",2017-01-21,2017-01-08,225 St George St,St. George Care Community,LTCH,Respiratory,339
N,,,Influenza A (H3),,2017-01-13,2017-01-06,550 University Ave - 6 South,UHN Toronto Rehabilitation Institute - University Centre,Hospital-Chronic Care,Respiratory,340
N,,,Influenza A (H3),"Metapneumovirus, Respiratory syncytial virus",2017-01-20,2017-01-06,3276 St Clair Ave E,Providence Healthcare - B4,Hospital-Chronic Care,Respiratory,341
N,,,Influenza A (H3),,2017-01-23,2017-01-06,33 Christie St,The O'Neill Centre - 5th Fl,LTCH,Respiratory,342
N,,,Coronavirus,Respiratory syncytial virus,2017-01-19,2017-01-06,2100 Bloor St W,Chartwell Grenadier Retirement Residence,Retirement Home,Respiratory,343
N,,,Respiratory syncytial virus,,2017-02-01,2017-01-06,14 Cross St,Fairview Nursing Home - King Neighbourhood,LTCH,Respiratory,344
N,,,Unable to identify,,2017-01-18,2017-01-06,5935 Bathurst St,Cheltenham Care Community,LTCH,Enteric,345
N,,,Norovirus-like,,2017-01-14,2017-01-06,3760 Sheppard Ave E,Shepherd Lodge - 5th Fl,LTCH,Enteric,346
N,,,Influenza A (H3),,2017-01-16,2017-01-05,305 Balliol St,The Claremont Retirement Residence,Retirement Home,Respiratory,347
N,,,Unable to identify,,2017-01-11,2017-01-05,1001 Queen St W,Centre for Addiction and Mental Health - Queen Site - GAU-A,Hospital-Chronic Care,Enteric,348
N,,,Influenza A (H3),,2017-01-10,2017-01-05,4001 Leslie St,North York General Hospital - 6 West,Hospital-Acute Care,Respiratory,349
N,,,Respiratory syncytial virus,Coronavirus,2017-01-16,2017-01-05,111 Avenue Rd,Hazelton Place Retirement Residence,Retirement Home,Respiratory,350
N,,,Norovirus-like,,2017-01-23,2017-01-05,3015 Lawrence Ave E,Rockcliffe Care Community,LTCH,Enteric,351
N,,,Norovirus-like,,2017-01-18,2017-01-05,3276 St Clair Ave E,"Providence Healthcare - Houses Of Providence - Fl 4, West",LTCH,Enteric,352
N,,,Influenza A (H3),,2017-01-12,2017-01-04,40 Playfair Ave,Villa Colombo - 1st - Fidani,LTCH,Respiratory,353
N,,,Influenza A (H3),Respiratory syncytial virus,2017-01-16,2017-01-04,25 Brunswick Ave,Kensington Gardens - South Building - 4 East & West,LTCH,Respiratory,354
N,,,Influenza A (H3),Respiratory syncytial virus,2017-01-16,2017-01-04,625 Runnymede Rd,Runnymede Healthcare Centre - 3rd Fl,Hospital-Chronic Care,Respiratory,355
N,,,Respiratory syncytial virus,,2017-01-13,2017-01-04,25 Brunswick Ave,Kensington Gardens - North Building - 1 West,LTCH,Respiratory,356
N,,,Influenza A (H3),Respiratory syncytial virus,2017-01-28,2017-01-04,1020 McNicoll Ave,Tendercare Living Centre,LTCH,Respiratory,357
N,,,Influenza A (H3N2),,2017-01-11,2017-01-03,2075 Bayview Ave,Sunnybrook Health Sciences Centre - D4,Hospital-Acute Care,Respiratory,358
N,,,Influenza A (H3),Respiratory syncytial virus,2017-01-28,2017-01-03,1 Canterbury Pl,Canterbury Place Retirement Residence,Retirement Home,Respiratory,359
N,,,Influenza A (H3),,2017-01-17,2017-01-03,3276 St Clair Ave E - F3 East,"Providence Healthcare - Houses Of Providence - Fl 1, West &",LTCH,Respiratory,360
N,,,Norovirus-like,,2017-01-09,2017-01-03,2411 Lawrence Ave E,Hellenic Home - 2B & Ground,LTCH,Enteric,361
N,,,Influenza A (H3),,2017-01-12,2017-01-03,3030 Birchmount Rd,Scarborough Hospital - Birchmount Campus - 3A,Hospital-Acute Care,Respiratory,362
N,,,Unable to identify,,2017-01-14,2017-01-02,740 Pape Ave,Nisbet Lodge,LTCH,Enteric,363
N,,,Respiratory syncytial virus,,2017-01-19,2017-01-02,35 Elm Grove Ave,Elm Grove Living Centre,LTCH,Respiratory,364
N,,,Influenza A (H3),,2017-01-13,2017-01-02,550 Cummer Ave,Extendicare Bayview,LTCH,Respiratory,365
N,,,Norovirus-like,,2017-01-11,2017-01-02,35 Elm Grove Ave,Elm Grove Living Centre - 1st Fl,LTCH,Enteric,366
N,,,Influenza A (H3),,2017-01-12,2017-01-02,399 Bathurst St,Toronto Western Hospital - 8A & 8B,Hospital-Acute Care,Respiratory,367
N,,,Unable to identify,,2017-01-16,2017-01-01,880 Lawrence Ave E,Greenview Lodge,Retirement Home,Enteric,368
N,,,Influenza A (H3),Respiratory syncytial virus,2017-01-10,2017-01-01,3276 St Clair Ave E,Providence Healthcare - A5 East,Hospital-Chronic Care,Respiratory,369
N,,,Influenza A (H3N2),,2017-01-20,2017-01-01,345 Sherbourne St,Drs. Paul and John Rekai Centre,LTCH,Respiratory,370
N,,,Influenza A (H3),,2017-01-12,2017-01-01,47 Austin Terr,Toronto Grace Health Centre - Unit 2 & 3,Hospital-Chronic Care,Respiratory,371
N,,,Influenza A (H3N2),,2017-01-20,2016-12-31,551 Conlins Rd,Extendicare Rouge Valley,LTCH,Respiratory,1
N,,,Norovirus-like,,2017-01-04,2016-12-30,825 Coxwell Ave,Michael Garron Hospital - H6,Hospital-Acute Care,Enteric,2
N,,,Respiratory syncytial virus,,2017-01-13,2016-12-30,2920 Lawrence Ave E,Bendale Acres - 3rd Fl,LTCH,Respiratory,3
N,,,Metapneumovirus,,2017-01-20,2016-12-30,3555 Danforth Ave,Chester Village - 3rd Fl - Ruby & 4th Fl - Emerald,LTCH,Respiratory,4
N,,,Influenza A (H3),,2017-01-20,2016-12-30,19 Rean Dr,Amica At Bayview Gardens,Retirement Home,Respiratory,5
N,,,Influenza A (H3),,2017-01-12,2016-12-30,67 Belgreen Ave,Bethsheda Home,Retirement Home,Respiratory,6
N,,,Unable to identify,,2017-01-04,2016-12-30,2 Buchan Crt,Seniors' Health Centre - 1st Fl,Retirement Home,Enteric,7
N,,,Influenza A (Not subtyped),"Coronavirus, Rhinovirus",2017-01-25,2016-12-30,2 Buchan Crt,Seniors Health Centre - 1st Fl,LTCH,Respiratory,8
N,,,Respiratory syncytial virus,,2017-01-13,2016-12-30,429 Walmer Rd,Cedarvale Terrace,LTCH,Respiratory,9
N,,,Influenza A (H3),,2017-01-11,2016-12-29,1 Bridgepoint Dr,Bridgepoint Active Healthcare - 6 South & 7 North,Hospital-Chronic Care,Respiratory,10
N,,,Influenza A (H3),,2017-01-09,2016-12-29,3276 St Clair Ave E,Providence Healthcare - A3 South & North Wing,Hospital-Chronic Care,Respiratory,11
N,,,Respiratory syncytial virus,,2017-01-02,2016-12-29,82 Buttonwood Ave,West Park Healthcare Centre - 2EC,Hospital-Chronic Care,Respiratory,12
N,,,Influenza A (H3N2),,2017-01-11,2016-12-29,2075 Bayview Ave,Sunnybrook Health Sciences Centre - K2C & K2W,LTCH,Respiratory,13
N,,,Coronavirus,,2017-01-11,2016-12-29,495 The West Mall,The Westbury - 8th Fl,LTCH,Respiratory,14
N,,,Coronavirus,,2017-01-09,2016-12-29,40 Bell Estate Rd,Ina Grafton Gage Home,LTCH,Respiratory,15
N,,,Respiratory syncytial virus,,2017-01-19,2016-12-29,130 Midland Ave,Midland Gardens Care Community,LTCH,Respiratory,16
N,,,Respiratory syncytial virus,,2017-01-04,2016-12-28,30 The Queensway,St. Joseph's Health Centre - 4E,Hospital-Acute Care,Respiratory,17
N,,,Influenza A (H3),,2017-01-09,2016-12-28,1195 Queen St E,The Heritage Nursing Home,LTCH,Respiratory,18
N,,,Influenza A (H3),,2017-01-11,2016-12-28,1860 Lawrence Ave E,The Wexford Residence,LTCH,Respiratory,19
N,,,Influenza A (H3),,2017-01-13,2016-12-28,1955 Steeles Ave E,Chartwell Gibson Retirement Residence,Retirement Home,Respiratory,20
N,,,Respiratory syncytial virus,,2017-01-23,2016-12-28,5351 Yonge St,Delmanor Northtown,Retirement Home,Respiratory,21
N,,,Influenza A (H3N2),Coronavirus,2017-01-10,2016-12-28,1 Overland Dr,Better Living at Thompson House,LTCH,Respiratory,22
N,,,Influenza A (Not subtyped),,2017-01-09,2016-12-27,30 The Queensway,St. Joseph's Health Centre - 6M,Hospital-Acute Care,Respiratory,23
N,,,Influenza A (H3),,2017-01-06,2016-12-27,795 Eglinton Ave E,Suomi-Koti Toronto Nursing Home - 7th Fl,LTCH,Respiratory,24
N,,,Unable to identify,,2017-01-07,2016-12-26,2920 Lawrence Ave E,Bendale Acres - Unit 3,LTCH,Enteric,25
N,,,Influenza A (Not subtyped),,2017-01-10,2016-12-24,685 Finch Ave W,St. Bernard's Residence,Retirement Home,Respiratory,26
N,,,Influenza A (H3),Respiratory syncytial virus/ C,2017-01-19,2016-12-24,1145 Albion Rd,Westside,LTCH,Respiratory,27
N,,,Influenza A (H3),,2016-12-30,2016-12-23,30 Bond St,St. Michael's Hospital - 6 Bond,Hospital-Acute Care,Respiratory,28
N,,,Influenza A (H3),,2017-01-07,2016-12-23,140 Sherway Dr,McCall Centre For Continuing Care - 2nd & 4th Fl,Hospital-Chronic Care,Respiratory,29
N,,,Unable to identify,,2016-12-28,2016-12-23,200 Dawes Rd,True Davidson Acres - 2nd  Fl,LTCH,Enteric,30
N,,,Influenza A (H3),,2017-01-04,2016-12-23,4180 Dundas St W,Delmanor Prince Edward - 2nd Fl,Retirement Home,Respiratory,31
N,,,Metapneumovirus,Coronavirus,2017-01-07,2016-12-22,17 Maplewood Ave,Rose Of Sharon Korean Long Term Care Home,LTCH,Respiratory,32
N,,,Influenza A (Not subtyped),,2016-12-29,2016-12-21,4001 Leslie St,North York General Hospital - 5 SE,Hospital-Acute Care,Respiratory,33
N,,,Unable to identify,,2017-01-03,2016-12-21,645 Castlefield Ave,Forest Hill Place,Retirement Home,Enteric,34
N,,,Respiratory syncytial virus,,2017-01-05,2016-12-21,880 Lawrence Ave E,Greenview Lodge,Retirement Home,Respiratory,35
N,,,Respiratory syncytial virus,,2016-12-23,2016-12-19,82 Buttonwood Ave,West Park Healthcare Centre - 3WF,Hospital-Chronic Care,Respiratory,36
N,,,Influenza A (H3),,2016-12-27,2016-12-19,25 Centennial Park Rd,Centennial Park Place,Retirement Home,Respiratory,37
N,,,Norovirus-like,,2017-01-23,2016-12-19,148 Markham Rd,Scarborough Retirement Residence,Retirement Home,Enteric,38
N,,,Respiratory syncytial virus,,2016-12-26,2016-12-16,3560 Bathurst St,Baycrest Centre For Geriatric Care - 3E,Hospital-Chronic Care,Respiratory,39
N,,,Respiratory syncytial virus,,2017-01-04,2016-12-16,82 Buttonwood Ave,West Park Healthcare Centre - 3WD,Hospital-Chronic Care,Respiratory,40
N,,,Influenza A (H3N2),Parainfluenza type 2 & type 4,2017-01-15,2016-12-16,2030 McNicoll Ave,Mon Sheong Scarborough Long Term Care Centre - 2nd Fl,LTCH,Respiratory,41
N,,,Coronavirus,,2016-12-24,2016-12-15,205 Cummer Ave,Cummer Lodge - 2 North,LTCH,Respiratory,42
N,,,Respiratory syncytial virus,,2016-12-30,2016-12-14,285 Cummer Ave,St. John's Rehabilitation Hospital - A4,Hospital-Chronic Care,Respiratory,43
N,,,Influenza A (H3),,2016-12-23,2016-12-13,200 Elizabeth St,Toronto General Hospital - 14ES,Hospital-Acute Care,Respiratory,44
N,,,Metapneumovirus,,2016-12-24,2016-12-13,102 Craiglee Dr,Extendicare Craiglee - 1st & 2nd Fl,LTCH,Respiratory,45
N,,,Rhinovirus,Respiratory syncytial virus,2016-12-20,2016-12-11,4251 Dundas St W,Kingsway Retirement Residence - 2nd Fl - Memory Care,Retirement Home,Respiratory,46
N,,,Unable to identify,,2016-12-19,2016-12-09,40 Bell Estate Rd,Ina Grafton Gage Home - 2nd Fl,LTCH,Respiratory,47
N,,,Influenza A (H3),,2016-12-19,2016-12-08,600 Melita Cres,Christie Gardens,Retirement Home,Respiratory,48
N,,,Parainfluenza type 1,Rhinovirus/Respiratory syncytial virus,2016-12-25,2016-12-07,866 Sheppard Ave W,Kensington Place Retirement Residence - 6th Fl,Retirement Home,Respiratory,49
N,,,Respiratory syncytial virus,Rhinovirus,2016-12-22,2016-12-06,92 Island Rd,Sienna Altamont Care Community,LTCH,Respiratory,50
N,,,Unable to identify,,2016-12-11,2016-12-04,351 Christie St,Castleview Wychwood Towers - 7C,LTCH,Enteric,51
N,,,Respiratory syncytial virus,,2016-12-14,2016-12-02,45 Brunswick Ave,Kensington Gardens - 3 West,LTCH,Respiratory,52
N,,,Norovirus-like,,2016-12-09,2016-12-02,2233 Kipling Ave,Kipling Acres - 1 West,LTCH,Enteric,53
N,,,Respiratory syncytial virus,,2016-12-16,2016-12-02,82 Buttonwood Ave,West Park Healthcare Centre - Glenwyld & Raymore,LTCH,Respiratory,54
N,,,Enterovirus/Rhinovirus,,2016-12-16,2016-11-29,285 Cummer Ave,St. John's Rehabilitation Hospital - A1,Hospital-Chronic Care,Respiratory,55
N,,,Influenza A (H3N2),,2016-12-14,2016-11-29,420 The East Mall,Eatonville Care Centre,LTCH,Respiratory,56
N,,,Respiratory syncytial virus,,2016-12-19,2016-11-29,33 Christie St,The O'Neill Centre - 4th Fl,LTCH,Respiratory,57
N,,,Influenza A (H3),,2016-12-08,2016-11-28,3560 Bathurst St,Baycrest Apotex Centre - 5EI,LTCH,Respiratory,58
N,,,Enterovirus/Rhinovirus,,2016-12-05,2016-11-28,2075 Bayview Ave,Sunnybrook Health Sciences Centre - LGSE,LTCH,Respiratory,59
N,,,Unable to identify,,2016-12-06,2016-11-27,1955 Steeles Ave E,Chartwell Gibson Retirement Residence,Retirement Home,Enteric,60
N,,,Rhinovirus,Respiratory syncytial virus,2016-12-26,2016-11-26,450 Rustic Rd,North Park Nursing Home,LTCH,Respiratory,61
N,,,Rhinovirus,,2016-12-11,2016-11-24,102 Craiglee Dr,Extendicare Craiglee,LTCH,Respiratory,62
N,,,Norovirus-like,,2016-12-12,2016-11-23,95 Humber College Blvd,Humber Valley Terrace,LTCH,Enteric,63
N,,,Rhinovirus,,2016-12-05,2016-11-23,"4005 Eglinton Ave W - 2nd, 7th, 8th & 9th Fl",Chartwell Scarlett Height Retirement Residence -,Retirement Home,Respiratory,64
N,,,Influenza A (H3N2),,2016-11-25,2016-11-18,285 Cummer Ave,St. John's Rehabilitation Hospital - A3,Hospital-Chronic Care,Respiratory,65
N,,,Rhinovirus,,2016-12-05,2016-11-18,40 Old Kingston Rd,Ehatare Nursing Home,LTCH,Respiratory,66
N,,,Unable to identify,,2016-11-30,2016-11-18,77 Main St,Main Street Terrace,LTCH,Enteric,67
N,,,Norovirus-like,,2016-11-22,2016-11-13,825 Coxwell Ave,Michael Garron Hospital - F3,Hospital-Acute Care,Enteric,68
N,,,Respiratory syncytial virus,,2016-12-04,2016-11-12,30 The Queensway,St. Joseph's Health Centre - 6G,Hospital-Acute Care,Respiratory,69
N,,,Clostridium difficile,,2016-12-13,2016-11-09,47 Austin Terr,The Salvation Army Toronto Grace Health Centre - Unit 2,Hospital-Chronic Care,Enteric,70
N,,,Norovirus-like,,2016-11-18,2016-11-09,2701 St Clair Ave E,St Clair O'Connor Nursing Home,LTCH,Enteric,71
N,,,Rhinovirus,Coronavirus,2016-11-17,2016-11-08,1001 Queen St W - Unit 2-2,Centre for Addiction and Mental Health - Queen Site -,Hospital-Psychiatric,Respiratory,72
N,,,Unable to identify,,2016-11-06,2016-11-01,439 Sherbourne St,Fudger House - 2E,LTCH,Enteric,73
N,,,Influenza A (H3),,2016-11-15,2016-11-01,1925 Steeles Ave E,Gibson Long Term Care Centre - Unit 4,LTCH,Respiratory,74
N,,,Rhinovirus,,2016-11-04,2016-10-26,82 Buttonwood Ave,West Park Healthcare Centre - 2WF,Hospital-Chronic Care,Respiratory,75
N,,,Enterovirus/Rhinovirus,,2016-10-28,2016-10-20,2075 Bayview Ave,Sunnybrook Health Sciences Centre - LSSW,LTCH,Respiratory,76
N,,,Rhinovirus,,2016-11-03,2016-10-20,1955 Steeles Ave E,Gibson Retirement Residence,Retirement Home,Respiratory,77
N,,,Rhinovirus,Coronavirus,2016-11-07,2016-10-17,33 Christie St,The O'Neill Centre,LTCH,Respiratory,78
N,,,Rhinovirus,,2016-10-27,2016-10-16,345 Sherbourne St,Drs. Paul & John Rekai Centre - 2nd Fl,LTCH,Respiratory,79
N,,,Rhinovirus,,2016-11-03,2016-10-13,1 Overland Dr,Thompson House - 2nd & 3rd Fl,LTCH,Respiratory,80
N,,,Rhinovirus,,2016-10-24,2016-10-12,1 Canterbury Pl,Canterbury Place Retirement Residence,Retirement Home,Respiratory,81
N,,,Rhinovirus,,2016-10-21,2016-10-12,2601 Bayview Ave,Cedarhurst Home - 1st Fl,Retirement Home,Respiratory,82
N,,,Rhinovirus,,2016-10-18,2016-10-11,67 Belgreen Ave,Bethseda Home - Belgreen,Retirement Home,Respiratory,83
N,,,Rhinovirus,,2016-11-08,2016-10-08,1925 Steeles Ave E,Gibson Long Term Care Centre - Unit 3,LTCH,Respiratory,84
N,,,Enterovirus/Rhinovirus,,2016-10-15,2016-10-07,2075 Bayview Ave,Sunnybrook Health Sciences Centre - K2C,LTCH,Respiratory,85
N,,,Rhinovirus,,2016-10-15,2016-10-04,10 Senlac Rd,Chartwell Lansing Retirement Residence,Retirement Home,Respiratory,86
N,,,Enterovirus/Rhinovirus,,2016-10-15,2016-09-30,2075 Bayview Ave,Sunnybrook Health Sciences Centre - LSSW,LTCH,Respiratory,87
N,,,Rhinovirus,,2016-10-17,2016-09-29,1800 O'Connor Dr,Fountain View Care Community - 2nd Fl (Lakeside & Breezeway),LTCH,Respiratory,88
N,,,Coronavirus,,2016-10-01,2016-09-26,285 Cummer Ave,St. John's Rehabilitation Hospital - A4,Hospital-Chronic Care,Respiratory,89
N,,,Rhinovirus,,2016-10-07,2016-09-26,3830 Lawrence Ave E,Extendicare Scarborough,LTCH,Respiratory,90
N,,,Rhinovirus,,2016-10-03,2016-09-22,2030 McNicoll Ave,Mon Sheong Scarborough Long Term Care Centre - 4th Fl,LTCH,Respiratory,91
N,,,Rhinovirus,Respiratory syncytial virus,2016-10-17,2016-09-22,1195 Queen St E,The Heritage Nursing Home - 1st & 3rd Fl,LTCH,Respiratory,92
N,,,Rhinovirus,,2016-10-02,2016-09-21,550 Cummer Ave,Extendicare Bayview,LTCH,Respiratory,93
N,,,Unable to identify,,2016-10-19,2016-09-19,429 Walmer Rd,Cedarvale Terrace,LTCH,Respiratory,94
N,,,Rhinovirus,,2016-10-30,2016-09-19,130 Midland Ave,Midland Gardens,LTCH,Respiratory,95
N,,,Unable to identify,,2016-09-29,2016-09-15,2920 Lawrence Ave E,Bendale Acres,LTCH,Respiratory,96
N,,,Enterovirus/Rhinovirus,,2016-09-20,2016-09-14,555 University Ave,The Hospital For Sick Children - 5B,Hospital-Acute Care,Respiratory,97
N,,,Enterovirus/Rhinovirus,,2016-09-23,2016-09-14,2075 Bayview Ave,Sunnybrook Health Sciences Centre - LTSW,LTCH,Respiratory,98
N,,,Enterovirus/Rhinovirus,,2016-09-20,2016-09-13,2075 Bayview Ave,Sunnybrook Health Sciences Centre - LSSW,LTCH,Respiratory,99
N,,,Rhinovirus,,2016-09-20,2016-09-09,2245 Lawrence Ave W,Village of Humber Heights - Wadsworth,LTCH,Respiratory,100
N,,,Unable to identify,,2016-09-25,2016-09-08,205 Cummer Ave,Cummer Lodge - 2 North,LTCH,Respiratory,101
N,,,Rhinovirus,,2016-09-15,2016-09-07,351 Christie St,Castleview Wychwood Towers - 2  West,LTCH,Respiratory,102
N,,,Rhinovirus,,2016-09-08,2016-08-29,420 East Mall,Eatonville Care Centre,LTCH,Respiratory,103
N,,,Rhinovirus,,2016-09-03,2016-08-23,551 Conlins Rd,Extendicare Rouge Valley - Highland Creek,LTCH,Respiratory,104
N,,,Parainfluenza type 3,,2016-09-09,2016-08-22,500 Kingston Rd,Atrium at Kew Beach,Retirement Home,Respiratory,105
N,,,Shigella flexneri (Group B),,2016-08-31,2016-08-22,111 Avenue Rd,Hazelton Place Retirement Residence,Retirement Home,Enteric,106
N,,,Metapneumovirus,,2016-09-04,2016-08-19,60 Scottfield Dr,Yee Hong Centre for Geriatric Care - Finch Site - 2nd Fl,LTCH,Respiratory,107
N,,,Parainfluenza type 3,,2016-08-26,2016-08-18,140 Sherway Dr,McCall Centre for Continuing Care - 2nd Fl,Hospital-Chronic Care,Respiratory,108
N,,,Parainfluenza type 3,,2016-08-22,2016-08-15,555 University Ave,The Hospital for Sick Children - 8B,Hospital-Acute Care,Respiratory,109
N,,,Rhinovirus,,2016-08-19,2016-08-03,2411 Lawrence Ave E,"Hellenic Home - Ground, 2B & 3B",LTCH,Respiratory,110
N,,,Rhinovirus,,2016-08-08,2016-07-29,1 Overland Dr,Thompson House - 2nd Fl,LTCH,Respiratory,111
N,,,Rhinovirus,,2016-08-12,2016-07-27,70 Humberline Dr,Deerwood Creek Care Community - 3A (Windsor Heights),LTCH,Respiratory,112
N,,,Parainfluenza type 3,,2016-08-27,2016-07-27,1925 Steeles Ave E,Gibson Long Term Care,LTCH,Respiratory,113
N,,,Unable to identify,,2016-07-31,2016-07-26,495 The West Mall,The Westbury - 7th Fl,LTCH,Respiratory,114
N,,,Rhinovirus,,2016-08-05,2016-07-25,2601 Bayview Ave,Cedarhurst Home,Retirement Home,Respiratory,115
N,,,Parainfluenza type 3,,2016-08-17,2016-07-22,102 Craiglee Dr,Craiglee Extendicare,LTCH,Respiratory,116
N,,,Rhinovirus,,2016-08-18,2016-07-21,35 Elm Grove Ave,Elm Grove Living Centre,LTCH,Respiratory,117
N,,,Enterovirus/Rhinovirus,,2016-07-30,2016-07-13,2075 Bayview Ave,Sunnybrook Health Sciences Centre - LGSW,LTCH,Respiratory,118
N,,,Parainfluenza type 3,,2016-07-25,2016-07-11,60 Scottfield Dr,Yee Hong Centre - Finch Site - 3rd Fl,LTCH,Respiratory,119
N,,,Unable to identify,,2016-07-18,2016-07-09,40 Old Kingston Rd,Ehatare Nursing Home,LTCH,Enteric,120
N,,,Unable to identify,,2016-07-21,2016-07-09,40 Old Kingston Rd,Ehatare Retirement Home,Retirement Home,Enteric,121
N,,,Parainfluenza type 3,,2016-07-09,2016-06-30,82 Buttonwood Ave,West Park Healthcare Centre - 2WF,Hospital-Chronic Care,Respiratory,122
N,,,Parainfluenza type 3,,2016-07-26,2016-06-27,1195 Queen St E,The Heritage Nursing Home,LTCH,Respiratory,123
N,,,Parainfluenza type 3,,2016-07-09,2016-06-23,600 University Ave,Mount Sinai Hospital - 10N,Hospital-Acute Care,Respiratory,124
N,,,Enterovirus/Rhinovirus,,2016-06-20,2016-06-13,2075 Bayview Ave,Sunnybrook Health Sciences Centre - K1W,LTCH,Respiratory,125
N,,,Enterovirus/Rhinovirus,,2016-06-21,2016-06-08,2075 Bayview Ave,Sunnybrook Health Sciences Centre - LTSW,LTCH,Respiratory,126
N,,,Coronavirus,,2016-06-30,2016-06-03,130 Midland Ave,Midland Gardens,LTCH,Respiratory,127
N,,,Clostridium difficile,,2016-07-15,2016-06-01,2867 Ellesmere Rd,Rouge Valley Health System - Centenary Site - 9 East,Hospital-Acute Care,Enteric,128
N,,,Influenza A (H3N2),,2016-06-09,2016-06-01,285 Cummer Ave,St. John's Rehabilitation Centre - A1,Hospital-Chronic Care,Respiratory,129
N,,,Enterovirus/Rhinovirus,,2016-06-18,2016-05-31,2075 Bayview Ave,Sunnybrook Health Sciences Centre - K3C & K3E,LTCH,Respiratory,130
N,,,Clostridium difficile,,2016-06-13,2016-05-30,30 The Queensway,St. Joseph's Health Centre - 4 East,Hospital-Acute Care,Enteric,131
N,,,Norovirus-like,,2016-06-04,2016-05-30,82 Buttonwood Ave,West Park Healthcare Centre - 2EC,Hospital-Chronic Care,Enteric,132
N,,,Norovirus-like,,2016-06-09,2016-05-26,500 Kingston Rd,Atrium at Kew Beach,Retirement Home,Enteric,133
N,,,Norovirus-like,,2016-06-08,2016-05-25,40 Playfair Ave,Villa Colombo,LTCH,Enteric,134
N,,,Unable to identify,,2016-06-01,2016-05-24,47 Austin Terr,Salvation Army Toronto Grace Health Centre - Palliative Care,Hospital-Chronic Care,Respiratory,135
N,,,Metapneumovirus,,2016-05-31,2016-05-24,9 Neilson Rd,Seven Oaks - 2nd Fl,LTCH,Respiratory,136
N,,,Metapneumovirus,Parainfluenza type 3,2016-05-27,2016-05-20,3015 Lawrence Ave E,Rockcliffe Care Community,LTCH,Respiratory,137
N,,,Influenza A (H3),,2016-06-08,2016-05-19,5 Resurrection Rd,Labdara Lithuanian Nursing Home,LTCH,Respiratory,138
N,,,Enterovirus/Rhinovirus,,2016-05-26,2016-05-18,2075 Bayview Ave,Sunnybrook Health Sciences Centre - LDMH,LTCH,Respiratory,139
N,,,Rhinovirus,,2016-05-25,2016-05-12,200 Dawes Rd,True Davidson Acres - 2E & 3rd Fl,LTCH,Respiratory,140
N,,,Metapneumovirus,,2016-05-18,2016-05-09,400 The West Mall,Wesburn Manor - 3 North & 3 South,LTCH,Respiratory,141
N,,,Metapneumovirus,,2016-05-19,2016-05-06,1860 Lawrence Ave E,The Wexford,LTCH,Respiratory,142
N,,,Parainfluenza type 3,,2016-05-15,2016-05-06,866 Sheppard Ave W,Kensington Place Retirement Residence,Retirement Home,Respiratory,143
N,,,Norovirus-like,,2016-05-20,2016-05-04,795 Eglinton Ave E,Toronto Finnish Canadian Seniors Centre - Suomi Koti,LTCH,Enteric,144
N,,,Influenza A (H3),,2016-05-08,2016-05-03,351 Christie St,Castleview Wychwood Towers - 2W,LTCH,Respiratory,145
N,,,Influenza B,,2016-05-11,2016-05-02,82 Buttonwood Ave,West Park Healthcare Centre - 2WF,Hospital-Chronic Care,Respiratory,146
N,,,Coronavirus,,2016-05-20,2016-05-02,2075 Bayview Ave,Sunnybrook Health Sciences Centre - LFSW,LTCH,Respiratory,147
N,,,Influenza B,,2016-05-16,2016-05-02,1955 Steeles Ave E,Chartwell Gibson Retirement Residence,Retirement Home,Respiratory,148
N,,,Coronavirus,,2016-05-15,2016-04-27,2075 Bayview Ave,Sunnybrook Health Sciences Centre - K2C,LTCH,Respiratory,149
N,,,Clostridium difficile,,2016-05-04,2016-04-26,2075 Bayview Ave,Sunnybrook Health Sciences Centre - D6,Hospital-Acute Care,Enteric,150
N,,,Respiratory syncytial virus,,2016-05-06,2016-04-26,33 Christie St,The O'Neill Centre,LTCH,Respiratory,151
N,,,Influenza B,,2016-05-01,2016-04-23,520 Markham Rd,Cedarbook Lodge Retirement Residence - 2nd & 3rd Fl,Retirement Home,Respiratory,152
N,,,Coronavirus,,2016-04-29,2016-04-19,2075 Bayview Ave,Sunnybrook Health Sciences Centre - K1W,LTCH,Respiratory,153
N,,,Norovirus-like,,2016-05-02,2016-04-18,155 Balmoral Ave,Amica at the Balmoral Club,Retirement Home,Enteric,154
N,,,Influenza B,,2016-05-02,2016-04-17,1 Overland Dr,Better Living at Thompson House,LTCH,Respiratory,155
N,,,Influenza B,,2016-04-25,2016-04-14,2075 Bayview Ave,Sunnybrook Health Sciences Centre - C2,Hospital-Acute Care,Respiratory,156
N,,,Coronavirus,,2016-04-29,2016-04-13,65 Livingston Rd,Chartwell Guildwood Retirement Residence,Retirement Home,Respiratory,157
N,,,Influenza B,,2016-04-19,2016-04-12,35 Elm Grove Ave,Elm Grove Living Centre,LTCH,Respiratory,158
N,,,Coronavirus,,2016-04-20,2016-04-11,551 Conlins Rd,Extendicare Rouge Valley - Highland Creek,LTCH,Respiratory,159
N,,,Unable to identify,,2016-04-16,2016-04-11,22 Norfinch Dr,Norfinch Care Community - 3A,LTCH,Respiratory,160
N,,,Parainfluenza type 1,,2016-05-11,2016-04-07,130 Midland Ave,Midland Gardens Care Community,LTCH,Respiratory,161
N,,,Influenza B,,2016-04-11,2016-04-05,285 Cummer Ave,St. John's Rehabilitation Hospital - A1,Hospital-Chronic Care,Respiratory,162
N,,,Enterovirus/Rhinovirus,,2016-04-22,2016-04-05,2075 Bayview Ave,Sunnybrook Health Sciences Centre - LGSW,LTCH,Respiratory,163
N,,,Metapneumovirus,,2016-04-10,2016-04-04,47 Austin Terr,Salvation Army Toronto Grace Health Centre - 2nd Fl,Hospital-Chronic Care,Respiratory,164
N,,,Influenza A ((H1N1)pdm09),,2016-04-12,2016-04-04,36 D'Arcy St,Mon Sheong Home for the Aged - 3rd Fl,LTCH,Respiratory,165
N,,,Norovirus-like,,2016-04-20,2016-04-04,400 The West Mall,Wesburn Manor,LTCH,Enteric,166
N,,,Coronavirus,Respiratory syncytial virus,2016-04-22,2016-04-04,82 Buttonwood Ave,West Park Healthcare Centre - 2EC,Hospital-Chronic Care,Respiratory,167
N,,,Clostridium difficile,,2016-04-13,2016-04-02,3050 Lawrence Ave E,Scarborough Hospital General Campus - CP4,Hospital-Acute Care,Enteric,168
N,,,Influenza B,,2016-04-15,2016-04-01,9 Huntley St,Casey House,Hospital-Chronic Care,Respiratory,169
N,,,Influenza A ((H1N1)pdm09),,2016-04-05,2016-03-29,4001 Leslie St,North York General Hospital - 6W,Hospital-Acute Care,Respiratory,170
N,,,Norovirus-like,,2016-04-06,2016-03-29,3830 Lawrence Ave E,Extendicare Scarborough,LTCH,Enteric,171
N,,,Metapneumovirus,Coronavirus,2016-04-08,2016-03-29,3830 Lawrence Ave E,Extendicare Scarborough,LTCH,Respiratory,172
N,,,Influenza B,,2016-04-01,2016-03-26,600 University Ave,Mount Sinai Hospital - Unit 10 North,Hospital-Acute Care,Respiratory,173
N,,,Influenza A ((H1N1)pdm09),,2016-03-25,2016-03-18,30 Bond St,St. Michael's Hospital - 14 Cardinal Carter,Hospital-Acute Care,Respiratory,174
N,,,Parainfluenza type 1,Coronavirus,2016-04-05,2016-03-18,303 Finch Ave E,Carefree Lodge - Main Fl,LTCH,Respiratory,175
N,,,Metapneumovirus,,2016-03-30,2016-03-17,55 Belmont St,Belmont House - 3 Walker Wing,LTCH,Respiratory,176
N,,,Streptococcus pyogenes,,2017-10-16,2016-03-17,339 George St,Seaton House,Shelter,Respiratory,177
N,,,Influenza A ((H1N1)pdm09),Metapneumovirus,2016-04-04,2016-03-17,92 Island Rd,Altamont Care Community,LTCH,Respiratory,178
N,,,Influenza A ((H1N1)pdm09),,2016-03-25,2016-03-15,200 Dawes Rd,True Davidson Acres - 3 East,LTCH,Respiratory,179
N,,,Unable to identify,,2016-03-23,2016-03-14,1001 Queen St W - Unit 2-2,Centre for Addiction and Mental Health - Queen Street Site,Hospital-Psychiatric,Respiratory,180
N,,,Streptococcus pyogenes,,2016-06-15,2016-03-14,205 Cummer Ave,Cummer Lodge - 2 North,LTCH,Respiratory,181
N,,,Norovirus-like,,2016-03-29,2016-03-14,205 Cummer Ave,Cummer Lodge - 2 North,LTCH,Enteric,182
N,,,Unable to identify,,2016-03-24,2016-03-14,40 Old Kingston Rd,Ehatare Nursing Home,LTCH,Respiratory,183
N,,,Respiratory syncytial virus,,2016-03-28,2016-03-14,1925 Steeles Ave E,Gibson Long Term Care - 4th Fl,LTCH,Respiratory,184
N,,,Metapneumovirus,,2016-04-01,2016-03-14,1020 McNicoll Ave,Tendercare Living Centre,LTCH,Respiratory,185
N,,,Influenza A ((H1N1)pdm09),Coronavirus,2016-04-05,2016-03-14,130 Midland Ave,Midland Gardens Care Community,LTCH,Respiratory,186
N,,,Influenza A ((H1N1)pdm09),,2016-03-22,2016-03-11,102 Craiglee Dr,Extendicare Craiglee - 3rd Fl,LTCH,Respiratory,187
N,,,Influenza A ((H1N1)pdm09),,2016-03-21,2016-03-11,225 St George St,St. George Care Community,LTCH,Respiratory,188
N,,,Influenza A ((H1N1)pdm09),,2016-03-21,2016-03-11,880 Lawrence Ave E,Greenview Lodge,Retirement Home,Respiratory,189
N,,,Respiratory syncytial virus,,2016-03-29,2016-03-10,1145 Albion Rd,Revera Westside,LTCH,Respiratory,190
N,,,Influenza B,,2016-03-17,2016-03-09,285 Cummer Ave,St. John's Rehabilitation Hospital - A2,Hospital-Chronic Care,Respiratory,191
N,,,Influenza A ((H1N1)pdm09),,2016-03-19,2016-03-09,351 Christie St,Castleview Wychwood Towers - 4th Fl,LTCH,Respiratory,192
N,,,Influenza A ((H1N1)pdm09),,2016-03-16,2016-03-09,551 Conlins Rd,Extendicare Rouge Valley - Clarke House,LTCH,Respiratory,193
N,,,Unable to identify,,2016-03-28,2016-03-09,1140 Bloor St W,"New Horizons Tower - Fls 2, 3, 5, 7, 11, 14 & 16",Retirement Home,Respiratory,194
N,,,Influenza B,Metapneumovirus,2016-03-17,2016-03-09,84 Davisville Ave,Salvation Army Meighen Retirement Residence,Retirement Home,Respiratory,195
N,,,Influenza B,,2016-03-13,2016-03-07,3276 St Clair Ave E,Providence Healthcare - B4 West Wing,Hospital-Chronic Care,Respiratory,196
N,,,Influenza A ((H1N1)pdm09),,2016-03-19,2016-03-07,1195 Queen St E,The Heritage Nursing Home,LTCH,Respiratory,197
N,,,Influenza A ((H1N1)pdm09),,2016-03-21,2016-03-07,340 McCowan Rd,Trilogy Long Term Care,LTCH,Respiratory,198
N,,,Unable to identify,,2016-03-18,2016-03-07,400 The West Mall,Wesburn Manor,LTCH,Respiratory,199
N,,,Unable to identify,,2016-03-21,2016-03-04,45 Brunswick Ave,Kensington Gardens North - 2 East,LTCH,Enteric,200
N,,,Coronavirus,Parainfluenza virus,2016-03-17,2016-03-04,285 Cummer Ave,St. John's Rehabilitation Hospital - A4,Hospital-Chronic Care,Respiratory,201
N,,,Metapneumovirus,Respiratory syncytial virus,2016-03-18,2016-03-04,1400 Kennedy Rd,Kennedy Lodge Nursing Home - 2nd & 3rd Fl,LTCH,Respiratory,202
N,,,Influenza A ((H1N1)pdm09),,2016-03-09,2016-03-02,30 Bond St,St. Michael's Hospital - 6 Bond,Hospital-Acute Care,Respiratory,203
N,,,Unable to identify,,2016-03-12,2016-03-02,1860 Lawrence Ave E,The Wexford,LTCH,Enteric,204
N,,,Respiratory syncytial virus,Coronavirus,2016-03-31,2016-03-02,59 Lawson Rd,Tony Stacey Centre for Veterans Care,LTCH,Respiratory,205
N,,,Influenza A ((H1N1)pdm09),Influenza B,2016-03-21,2016-03-01,3015 Lawrence Ave E,Sienna Living - Rockcliffe Care Community,LTCH,Respiratory,206
N,,,Influenza A (Not subtyped),,2016-03-08,2016-02-29,140 Sherway Dr,McCall Centre for Continuing Care - 2nd Fl,Hospital-Chronic Care,Respiratory,207
N,,,Unable to identify,,2016-03-09,2016-02-29,2121 Kingston Rd,Retirement Suites by the Lake,Retirement Home,Respiratory,208
N,,,Coronavirus,Respiratory syncytial virus,2016-03-31,2016-02-29,720 Mount Pleasant Rd,The Briton House Retirement Home,Retirement Home,Respiratory,209
N,,,Influenza A (Not subtyped),,2016-02-29,2016-02-26,2867 Ellesmere Rd,Rouge Valley Health System - Centenary Site - 10 West,Hospital-Acute Care,Respiratory,210
N,,,Influenza A ((H1N1)pdm09),,2016-03-06,2016-02-24,399 Bathurst St,Toronto Western Hospital - 8A & 8B,Hospital-Acute Care,Respiratory,211
N,,,Influenza A ((H1N1)pdm09),,2016-03-07,2016-02-24,77 Main St,Main Street Terrace,LTCH,Respiratory,212
N,,,Influenza A (H3N2),,2016-03-06,2016-02-24,2075 Bayview Ave,Sunnybrook Health Sciences Centre - LFSE & LFSW,LTCH,Respiratory,213
N,,,Influenza B,,2016-03-15,2016-02-24,33 Christie St,The O'Neill Centre,LTCH,Respiratory,214
N,,,Influenza B,,2016-03-07,2016-02-23,200 Elizabeth St,Toronto General Hospital - 5B,Hospital-Acute Care,Respiratory,215
N,,,Respiratory syncytial virus,,2016-03-02,2016-02-22,54 Foxbar Rd,Bradgate Arms,Retirement Home,Respiratory,216
N,,,Rhinovirus,Respiratory syncytial virus,2016-03-04,2016-02-22,2701 St Clair Ave E,St Clair O'Connor Nursing Home - 3rd Fl,LTCH,Respiratory,217
N,,,Influenza A ((H1N1)pdm09),,2016-02-25,2016-02-21,3276 St Clair Ave E - 2 West (Elm & Pine),Providence Healthcare - Houses Of Providence -,LTCH,Respiratory,218
N,,,Influenza A ((H1N1)pdm09),,2016-03-12,2016-02-18,420 The West Mall,Eatonville Care Centre,LTCH,Respiratory,219
N,,,Respiratory syncytial virus,,2016-03-05,2016-02-18,2075 Bayview Ave,Sunnybrook Health Sciences Centre - LTSE,LTCH,Respiratory,220
N,,,Influenza A ((H1N1)pdm09),,2016-02-25,2016-02-17,150 Kilgour Rd,Holland Bloorview Kids Rehabilitation Hospital - BIRT,Hospital-Chronic Care,Respiratory,221
N,,,Influenza A ((H1N1)pdm09),,2016-03-02,2016-02-17,439 Sherbourne St,Fudger House,LTCH,Respiratory,222
N,,,Respiratory syncytial virus,Coronavirus,2016-03-02,2016-02-16,221 Milner Ave,Sts. Peter and Paul Residence,Retirement Home,Respiratory,223
N,,,Influenza A (H3),,2016-02-24,2016-02-12,495 The West Mall,The Westbury,LTCH,Respiratory,224
N,,,Influenza A ((H1N1)pdm09),,2016-02-14,2016-02-09,600 University Ave,Mount Sinai Hospital - 10 South,Hospital-Acute Care,Respiratory,225
N,,,Influenza A (H3N2),"Coronavirus, Respiratory syncytial virus",2016-02-23,2016-02-09,285 Cummer Ave,St. John's Rehabilitation Hospital - A3,Hospital-Chronic Care,Respiratory,226
N,,,Influenza A ((H1N1)pdm09),,2016-02-16,2016-02-08,600 University Ave,Mount Sinai Hospital - 10 North,Hospital-Acute Care,Respiratory,227
N,,,Respiratory syncytial virus,,2016-02-18,2016-02-08,82 Buttonwood Ave - (Kingsway/Ilaaci unit),West Park Long Term Care Centre - 1st Fl -,LTCH,Respiratory,228
N,,,Influenza A ((H1N1)pdm09),,2016-02-19,2016-02-05,82 Buttonwood Ave,West Park Healthcare Centre - 3EC,Hospital-Chronic Care,Respiratory,229
N,,,Norovirus-like,,2016-02-19,2016-02-05,2045 Finch Ave W,Hawthorne Place Care Centre,LTCH,Enteric,230
N,,,Respiratory syncytial virus,,2016-02-16,2016-02-04,55 Belmont St,Belmont House - 2 Walker Wing,LTCH,Respiratory,231
N,,,Parainfluenza type 1,,2016-02-22,2016-02-04,4 Teddington Park Ave,The Teddington Retirement Residence,Retirement Home,Respiratory,232
N,,,Respiratory syncytial virus,,2016-02-24,2016-02-03,47 Austin Terr,Salvation Army Toronto Grace Health Centre - 2nd & 3rd Fl,Hospital-Chronic Care,Respiratory,233
N,,,Influenza B,Rhinovirus,2016-02-19,2016-02-03,130 Dunn Ave,Toronto Rehabilitation Institute - Bickle Centre - North 3,Hospital-Chronic Care,Respiratory,234
N,,,Norovirus-like,,2016-02-19,2016-02-02,550 Cummer Ave,Extendicare Bayview,LTCH,Enteric,235
N,,,Influenza B,,2016-02-08,2016-02-02,1860 Lawrence Ave E,The Wexford,LTCH,Respiratory,236
N,,,Influenza A (H3),Respiratory syncytial virus,2016-02-15,2016-02-02,30 The Queensway,St. Joseph's Health Centre - 4M,Hospital-Acute Care,Respiratory,237
N,,,Influenza A ((H1N1)pdm09),,2016-02-18,2016-02-01,555 University Ave,The Hospital for Sick Children - 6A,Hospital-Acute Care,Respiratory,238
N,,,Influenza A ((H1N1)pdm09),,2016-02-15,2016-02-01,351 Christie St,Castleview Wychwood Towers,LTCH,Respiratory,239
N,,,Influenza A ((H1N1)pdm09),,2016-02-11,2016-01-28,625 Runnymede Rd,"Runnymede Healthcare Centre-2 East, 2 West, 4 East & 4 West",Hospital-Chronic Care,Respiratory,240
N,,,Influenza A ((H1N1)pdm09),,2016-02-05,2016-01-28,550 University Ave,Toronto Rehabilitation Institute - University Centre-8 South,Hospital-Chronic Care,Respiratory,241
N,,,Respiratory syncytial virus,Enterovirus/Rhinovirus,2016-02-08,2016-01-28,150 Kilgour Rd,Holland Bloorview Kids Rehabilitation Hospital - 3W BIRT,Hospital-Chronic Care,Respiratory,242
N,,,Influenza A (Not subtyped),Respiratory syncytial virus,2016-02-13,2016-01-28,30 The Queensway,St. Joseph's Health Centre - 6G,Hospital-Acute Care,Respiratory,243
N,,,Metapneumovirus,,2016-02-07,2016-01-27,9 Nielson Rd,Seven Oaks - 1st & 4th Fl,LTCH,Respiratory,244
N,,,Respiratory syncytial virus,,2016-02-07,2016-01-25,47 Austin Terrace,Salvation Army Toronto Grace Health Centre - PACR (unit 4),Hospital-Chronic Care,Respiratory,245
N,,,Influenza A ((H1N1)pdm09),,2016-02-03,2016-01-25,160 Wellesley St E,Wellesley Central Place,LTCH,Respiratory,246
N,,,Respiratory syncytial virus,,2016-02-11,2016-01-25,82 Buttonwood Ave,West Park Long Term Care Centre - 2nd Fl Weston/Mulholland,LTCH,Respiratory,247
N,,,Respiratory syncytial virus,,2016-02-05,2016-01-25,685 Finch Ave W,St. Bernard's Residence,Retirement Home,Respiratory,248
N,,,Rhinovirus,,2016-02-05,2016-01-22,420 The East Mall,Eatonville Care Centre - 4th & 5th Fl,LTCH,Respiratory,249
N,,,Norovirus-like,,2016-02-01,2016-01-22,215 Tyrrel Ave,Hellenic Care for Seniors,LTCH,Enteric,250
N,,,Norovirus-like,,2016-02-16,2016-01-20,541 Finch Ave W,Valleyview Residence,LTCH,Enteric,251
N,,,Respiratory syncytial virus,"Coronavirus, Rhinovirus",2016-02-19,2016-01-20,285 Cummer Ave,St. John's Rehabilitation Hospital - A1,Hospital-Chronic Care,Respiratory,252
N,,,Influenza B,,2016-02-03,2016-01-19,3555 Danforth Ave,Chester Village,LTCH,Respiratory,253
N,,,Coronavirus,,2016-01-27,2016-01-19,2075 Bayview Ave,Sunnybrook Health Sciences Centre - LSSW,LTCH,Respiratory,254
N,,,Unable to identify,,2016-01-25,2016-01-19,33 Christie St,The O'Neill Centre,LTCH,Enteric,255
N,,,Influenza A (H3N2),,2016-01-26,2016-01-15,155 Millwood Rd -  (Lawrence & Fisher unit),Isabel & Arthur Meighen Health Centre - 3rd Fl -,LTCH,Respiratory,256
N,,,Norovirus-like,,2016-01-29,2016-01-14,40 Playfair Ave,Villa Colombo - 2nd Fl - Fusco Wing,LTCH,Enteric,257
N,,,Norovirus-like,,2016-01-22,2016-01-13,3197 Lakeshore Blvd W,Lakeshore Lodge - 3rd Fl,LTCH,Enteric,258
N,,,Respiratory syncytial virus,,2016-02-01,2016-01-11,130 Midland Ave,"Midland Gardens Care Community - 3rd, 4th & 6th Fl",LTCH,Respiratory,259
N,,,Enterovirus/Rhinovirus,,2016-01-18,2016-01-11,2075 Bayview Ave,Sunnybrook Health Sciences Centre - LFSW,LTCH,Respiratory,260
N,,,Coronavirus,Metapneumovirus,2016-01-26,2016-01-11,92 Island Rd,Altamont Care Community,LTCH,Respiratory,261
N,,,Rhinovirus,,2016-02-09,2016-01-08,400 The West Mall,Wesburn Manor,LTCH,Respiratory,262
N,,,Coronavirus,,2016-01-21,2016-01-08,82 Buttonwood Ave,West Park Long Term Care Centre - 3rd Fl -Glenwyld & Raymore,LTCH,Respiratory,263
N,,,Coronavirus,,2016-01-18,2016-01-07,40 Old Kingston Rd,Ehatare Nursing Home,LTCH,Respiratory,264
N,,,Coronavirus,,2016-01-15,2016-01-06,35 Elm Grove Ave,Elm Grove Living Centre - 1st & 3rd Fl,LTCH,Respiratory,265
N,,,Norovirus-like,,2016-01-25,2016-01-04,70 Humberline Dr,Deerwood Creek Care Community,LTCH,Enteric,266
N,,,Norovirus-like,,2016-01-18,2016-01-04,1195 Queen St E,The Heritage Nursing Home,LTCH,Enteric,267
N,,,Metapneumovirus,,2016-01-21,2016-01-03,14 Cross St,Fairview Nursing Home,LTCH,Respiratory,268
